0 1.0 18.183124542236328 28.05144500732422 20.3639874458313 12.717060089111328 7.646927356719971
0 2.0 18.194334030151367 27.943471908569336 20.444556713104248 12.687932968139648 7.7566237449646
0 3.0 18.31937026977539 27.89621353149414 20.553444385528564 12.694128036499023 7.859316349029541
0 4.0 18.452415466308594 27.802867889404297 20.75982666015625 12.717564582824707 8.042262077331543
0 5.0 18.593433380126953 27.762910842895508 20.935579299926758 12.686115264892578 8.24946403503418
0 6.0 18.70317268371582 27.804895401000977 21.03089427947998 12.630911827087402 8.399982452392578
0 7.0 18.797000885009766 27.818552017211914 21.101736068725586 12.559181213378906 8.54255485534668
0 8.0 18.940710067749023 27.830673217773438 21.239230155944824 12.519213676452637 8.720016479492188
0 9.0 19.086017608642578 27.828048706054688 21.33614158630371 12.455687522888184 8.880454063415527
0 10.0 19.171621322631836 27.810924530029297 21.47734832763672 12.427970886230469 9.04937744140625
0 11.0 19.231985092163086 27.756187438964844 21.584396362304688 12.37409782409668 9.210298538208008
0 12.0 19.35002899169922 27.711027145385742 21.723130226135254 12.331761360168457 9.391368865966797
0 13.0 19.460285186767578 27.702512741088867 21.8794527053833 12.27141284942627 9.608039855957031
0 14.0 19.54939079284668 27.66880226135254 21.95255756378174 12.204788208007812 9.747769355773926
0 15.0 19.59305763244629 27.585695266723633 22.039880752563477 12.136418342590332 9.903462409973145
0 16.0 19.65533447265625 27.527231216430664 22.08767795562744 12.05223274230957 10.035445213317871
0 17.0 19.717967987060547 27.47771453857422 22.18180751800537 11.999561309814453 10.182246208190918
0 18.0 19.823646545410156 27.4080810546875 22.259414672851562 11.911253929138184 10.348160743713379
0 19.0 19.920032501220703 27.328584671020508 22.349063873291016 11.839832305908203 10.509231567382812
0 20.0 19.99968147277832 27.205930709838867 22.509602546691895 11.763891220092773 10.745711326599121
0 21.0 20.083560943603516 27.037158966064453 22.693503379821777 11.728938102722168 10.96456527709961
0 22.0 20.12415313720703 26.868694305419922 22.8102970123291 11.700536727905273 11.109760284423828
0 23.0 20.08324432373047 26.735429763793945 22.844746589660645 11.639002799987793 11.205743789672852
0 24.0 20.11337661743164 26.628190994262695 22.94120216369629 11.606059074401855 11.335143089294434
0 25.0 20.201568603515625 26.49983024597168 23.054466247558594 11.552226066589355 11.502240180969238
0 26.0 20.308273315429688 26.368389129638672 23.184860229492188 11.51130485534668 11.673555374145508
0 27.0 20.375751495361328 26.2017765045166 23.2449312210083 11.436883926391602 11.8080472946167
0 28.0 20.41423797607422 26.03309440612793 23.34126091003418 11.382529258728027 11.958731651306152
0 29.0 20.39752960205078 25.848373413085938 23.408617973327637 11.303942680358887 12.10467529296875
0 30.0 20.39737319946289 25.653486251831055 23.487536430358887 11.251483917236328 12.236052513122559
0 31.0 20.468042373657227 25.474597930908203 23.557411193847656 11.210000991821289 12.347410202026367
0 32.0 20.52495765686035 25.284259796142578 23.68023681640625 11.17180347442627 12.50843334197998
0 33.0 20.55697250366211 25.091737747192383 23.71546459197998 11.081825256347656 12.633639335632324
0 34.0 20.518531799316406 24.86507797241211 23.775882720947266 10.984063148498535 12.79181957244873
0 35.0 20.458389282226562 24.630342483520508 23.75611972808838 10.876689910888672 12.879429817199707
0 36.0 20.4610538482666 24.399383544921875 23.784358024597168 10.764631271362305 13.019726753234863
0 37.0 20.457828521728516 24.160152435302734 23.818172454833984 10.680933952331543 13.137238502502441
0 38.0 20.458965301513672 23.900672912597656 23.90780735015869 10.614142417907715 13.293664932250977
0 39.0 20.439796447753906 23.624048233032227 23.965513229370117 10.528302192687988 13.437211036682129
0 40.0 20.421884536743164 23.3732967376709 24.033556938171387 10.454506874084473 13.579050064086914
0 41.0 20.421924591064453 23.143081665039062 24.102336883544922 10.344051361083984 13.758285522460938
0 42.0 20.4149169921875 22.904495239257812 24.13356876373291 10.188928604125977 13.944640159606934
0 43.0 20.407981872558594 22.65223503112793 24.171010971069336 10.042001724243164 14.129009246826172
0 44.0 20.419198989868164 22.412660598754883 24.173457145690918 9.900121688842773 14.273335456848145
0 45.0 20.393808364868164 22.18613052368164 24.136611938476562 9.71566390991211 14.420948028564453
0 46.0 20.424522399902344 21.967201232910156 24.161870002746582 9.540423393249512 14.62144660949707
0 47.0 20.459585189819336 21.758317947387695 24.16063117980957 9.384512901306152 14.776118278503418
0 48.0 20.476593017578125 21.532270431518555 24.190295219421387 9.242799758911133 14.947495460510254
0 49.0 20.49541473388672 21.282089233398438 24.216450691223145 9.116046905517578 15.100403785705566
0 50.0 20.510839462280273 21.045215606689453 24.27921485900879 8.983497619628906 15.295717239379883
0 51.0 20.516103744506836 20.797632217407227 24.282926559448242 8.84075927734375 15.442167282104492
0 52.0 20.49555015563965 20.52606201171875 24.298906326293945 8.729583740234375 15.56932258605957
0 53.0 20.44919776916504 20.251869201660156 24.311509132385254 8.597344398498535 15.714164733886719
0 54.0 20.420881271362305 19.997638702392578 24.1920108795166 8.404541969299316 15.787468910217285
0 55.0 20.407939910888672 19.765851974487305 24.11834144592285 8.27849292755127 15.839848518371582
0 56.0 20.29866600036621 19.5223388671875 24.07695770263672 8.155655860900879 15.92130184173584
0 57.0 20.17399024963379 19.27496337890625 23.972909927368164 8.002328872680664 15.9705810546875
0 58.0 20.101716995239258 19.04178810119629 23.95699119567871 7.872444152832031 16.08454704284668
0 59.0 20.030675888061523 18.832778930664062 23.911616802215576 7.744876384735107 16.16674041748047
0 60.0 19.991844177246094 18.62656593322754 23.836548805236816 7.620711326599121 16.215837478637695
0 61.0 19.917211532592773 18.415756225585938 23.733988285064697 7.490576267242432 16.243412017822266
0 62.0 19.823522567749023 18.166606903076172 23.73004722595215 7.348871231079102 16.381175994873047
0 63.0 19.76321029663086 17.93456268310547 23.713189125061035 7.211024284362793 16.502164840698242
0 64.0 19.71799087524414 17.686817169189453 23.701303005218506 7.075528621673584 16.625774383544922
0 65.0 19.630596160888672 17.49439239501953 23.63359546661377 6.9420270919799805 16.69156837463379
0 66.0 19.517990112304688 17.305992126464844 23.57217311859131 6.80887508392334 16.76329803466797
0 67.0 19.461257934570312 17.12393569946289 23.47111749649048 6.700962543487549 16.77015495300293
0 68.0 19.496963500976562 16.971847534179688 23.445377349853516 6.566484451293945 16.87889289855957
0 69.0 19.531295776367188 16.850574493408203 23.41257095336914 6.463718414306641 16.9488525390625
0 70.0 19.581058502197266 16.72615623474121 23.39548397064209 6.381705284118652 17.013778686523438
0 71.0 19.712265014648438 16.634014129638672 23.529743194580078 6.310661315917969 17.21908187866211
0 72.0 19.73914909362793 16.542156219482422 23.549121856689453 6.219995498657227 17.329126358032227
0 73.0 19.732202529907227 16.408588409423828 23.574073791503906 6.115900039672852 17.458173751831055
0 74.0 19.743772506713867 16.269208908081055 23.60581064224243 6.008192539215088 17.597618103027344
0 75.0 19.626331329345703 16.086332321166992 23.543723106384277 5.9130144119262695 17.630708694458008
0 76.0 19.53200340270996 15.943828582763672 23.44675064086914 5.796394348144531 17.65035629272461
0 77.0 19.44708251953125 15.83929443359375 23.38069438934326 5.7073163986206055 17.673377990722656
0 78.0 19.351537704467773 15.733942031860352 23.31813383102417 5.605891704559326 17.712242126464844
0 79.0 19.31017303466797 15.621829986572266 23.307117462158203 5.523534774780273 17.78358268737793
0 80.0 19.291994094848633 15.521484375 23.29158926010132 5.4265570640563965 17.865032196044922
0 81.0 19.261062622070312 15.457704544067383 23.236878395080566 5.333148002624512 17.903730392456055
0 82.0 19.243484497070312 15.427400588989258 23.138123989105225 5.207540035247803 17.930583953857422
0 83.0 19.250255584716797 15.383729934692383 23.156923294067383 5.130125045776367 18.026798248291016
0 84.0 19.266664505004883 15.307625770568848 23.162734985351562 5.041738510131836 18.120996475219727
0 85.0 19.279094696044922 15.275519371032715 23.13891363143921 4.929805278778076 18.209108352661133
0 86.0 19.302011489868164 15.269978523254395 23.055299758911133 4.826667785644531 18.2286319732666
0 87.0 19.27874755859375 15.211291313171387 23.045711517333984 4.735736846923828 18.309974670410156
0 88.0 19.29389190673828 15.14167594909668 23.001524448394775 4.639267444610596 18.36225700378418
0 89.0 19.277841567993164 15.074426651000977 22.931782722473145 4.547379493713379 18.384403228759766
0 90.0 19.291736602783203 15.009284973144531 22.981992721557617 4.4679718017578125 18.514020919799805
0 91.0 19.409103393554688 14.969400405883789 23.042569637298584 4.39087438583374 18.651695251464844
0 92.0 19.449373245239258 14.984420776367188 22.97992181777954 4.299879550933838 18.680042266845703
0 93.0 19.453941345214844 14.973594665527344 22.940255165100098 4.216029167175293 18.724225997924805
0 94.0 19.496187210083008 14.97879409790039 23.055625915527344 4.129310607910156 18.926315307617188
0 95.0 19.614870071411133 15.048322677612305 23.106213092803955 4.023819446563721 19.082393646240234
0 96.0 19.735618591308594 15.168144226074219 23.100573539733887 3.9262266159057617 19.174346923828125
0 97.0 19.78026580810547 15.251354217529297 23.074883699417114 3.8292324542999268 19.245651245117188
0 98.0 19.778226852416992 15.295198440551758 23.014728784561157 3.757864236831665 19.256864547729492
0 99.0 19.743213653564453 15.306554794311523 22.993913650512695 3.6848907470703125 19.309022903442383
0 100.0 19.70481300354004 15.330005645751953 22.998046398162842 3.6257529258728027 19.37229347229004
0 101.0 19.660303115844727 15.36634635925293 22.966060400009155 3.5565431118011475 19.409517288208008
0 102.0 19.680789947509766 15.416946411132812 22.863443851470947 3.483572483062744 19.379871368408203
0 103.0 19.60162925720215 15.398441314697266 22.783664226531982 3.4157042503356934 19.36795997619629
0 104.0 19.502897262573242 15.353693962097168 22.712666988372803 3.3532214164733887 19.359445571899414
0 105.0 19.422521591186523 15.313944816589355 22.596009969711304 3.2942464351654053 19.3017635345459
0 106.0 19.4024715423584 15.276092529296875 22.568280935287476 3.2703397274017334 19.297941207885742
0 107.0 19.470279693603516 15.263545036315918 22.634172677993774 3.219125986099243 19.41504669189453
0 108.0 19.60253143310547 15.236259460449219 22.680528163909912 3.1851611137390137 19.4953670501709
0 109.0 19.713321685791016 15.226688385009766 22.77655816078186 3.131948709487915 19.644609451293945
0 110.0 19.888267517089844 15.271957397460938 22.937114000320435 3.0811588764190674 19.855955123901367
0 111.0 20.045185089111328 15.339741706848145 23.069185733795166 3.044538974761963 20.024646759033203
0 112.0 20.166627883911133 15.422532081604004 23.167760133743286 3.0075619220733643 20.160198211669922
0 113.0 20.23497200012207 15.503093719482422 23.22645378112793 2.9703922271728516 20.256061553955078
0 114.0 20.280649185180664 15.573617935180664 23.23203206062317 2.9438393115997314 20.288192749023438
0 115.0 20.239768981933594 15.5556058883667 23.244486093521118 2.916504144668579 20.32798194885254
0 116.0 20.17885971069336 15.541948318481445 23.184637308120728 2.8675482273101807 20.317089080810547
0 117.0 20.198619842529297 15.56319808959961 23.25044846534729 2.857973337173462 20.392475128173828
0 118.0 20.279048919677734 15.60140609741211 23.329434633255005 2.8289272785186768 20.500507354736328
0 119.0 20.376535415649414 15.648807525634766 23.406951427459717 2.780393123626709 20.626558303833008
0 120.0 20.454647064208984 15.666570663452148 23.428835153579712 2.730583429336548 20.698251724243164
0 121.0 20.585481643676758 15.704532623291016 23.527729988098145 2.703911781311035 20.82381820678711
0 122.0 20.6678466796875 15.751605033874512 23.602209091186523 2.6696033477783203 20.932605743408203
0 123.0 20.64948081970215 15.789167404174805 23.585864067077637 2.6407365798950195 20.945127487182617
0 124.0 20.623369216918945 15.821971893310547 23.534772396087646 2.605987071990967 20.92878532409668
0 125.0 20.61023712158203 15.846894264221191 23.508249044418335 2.602109670639038 20.906139373779297
0 126.0 20.580883026123047 15.854736328125 23.51600217819214 2.564074993133545 20.951927185058594
0 127.0 20.5867919921875 15.878862380981445 23.536811590194702 2.523881673812866 21.012929916381836
0 128.0 20.662641525268555 15.956341743469238 23.540366411209106 2.4813015460968018 21.059064865112305
0 129.0 20.809490203857422 16.06806182861328 23.596503019332886 2.432842969894409 21.163660049438477
0 130.0 20.923982620239258 16.14994239807129 23.649508237838745 2.3714606761932373 21.278047561645508
0 131.0 20.965267181396484 16.220617294311523 23.647908449172974 2.3070099353790283 21.340898513793945
0 132.0 21.015531539916992 16.357221603393555 23.68780755996704 2.2582993507385254 21.429508209228516
0 133.0 21.003931045532227 16.488666534423828 23.63715100288391 2.212970018386841 21.42418098449707
0 134.0 20.9572696685791 16.561738967895508 23.59673810005188 2.1765072345733643 21.420230865478516
0 135.0 20.93229103088379 16.600378036499023 23.563601970672607 2.1575942039489746 21.406007766723633
0 136.0 20.924476623535156 16.621915817260742 23.567030429840088 2.149519443511963 21.417510986328125
0 137.0 20.89888572692871 16.645408630371094 23.54518437385559 2.107562303543091 21.4376220703125
0 138.0 20.874034881591797 16.691646575927734 23.4203143119812 2.0715880393981934 21.348726272583008
0 139.0 20.89348602294922 16.748382568359375 23.41964340209961 2.067983627319336 21.351659774780273
0 140.0 20.854129791259766 16.74124526977539 23.43637442588806 2.056335210800171 21.38003921508789
0 141.0 20.816513061523438 16.722576141357422 23.515942811965942 2.1265976428985596 21.389345169067383
0 142.0 20.799625396728516 16.716325759887695 23.495996475219727 2.1587066650390625 21.337289810180664
0 143.0 20.857635498046875 16.78384017944336 23.564040422439575 2.1819450855255127 21.382095336914062
0 144.0 20.899248123168945 16.87177276611328 23.613261699676514 2.2228007316589355 21.390460968017578
0 145.0 20.87361717224121 16.937820434570312 23.610580682754517 2.257652521133423 21.352928161621094
0 146.0 20.88361167907715 17.055816650390625 23.57045817375183 2.2989165782928467 21.271541595458984
0 147.0 21.03277587890625 17.292770385742188 23.65810227394104 2.3634607791900635 21.294641494750977
0 148.0 21.17746353149414 17.47381591796875 23.7401762008667 2.4938039779663086 21.24637222290039
0 149.0 21.289756774902344 17.638858795166016 23.857187032699585 2.607267141342163 21.249919891357422
0 150.0 21.455535888671875 17.78586769104004 24.02853035926819 2.7325308322906494 21.29599952697754
0 151.0 21.526838302612305 17.93090057373047 24.040349006652832 2.7788381576538086 21.261510848999023
0 152.0 21.489429473876953 18.00735092163086 24.02969217300415 2.778456211090088 21.251235961914062
0 153.0 21.521724700927734 18.12162971496582 24.007774829864502 2.770308017730713 21.23746681213379
0 154.0 21.65298080444336 18.321300506591797 24.01918315887451 2.829928398132324 21.189254760742188
0 155.0 21.750614166259766 18.51144790649414 24.046218633651733 2.8943498134613037 21.15186882019043
0 156.0 21.717723846435547 18.584524154663086 24.007134675979614 2.9139034748077393 21.093231201171875
0 157.0 21.672945022583008 18.591093063354492 23.983632564544678 2.900996685028076 21.0826358795166
0 158.0 21.71026611328125 18.647865295410156 23.997572660446167 2.930210828781128 21.06736183166504
0 159.0 21.785202026367188 18.66099739074707 24.048414707183838 2.9991250038146973 21.04928970336914
0 160.0 21.940532684326172 18.655715942382812 24.250388145446777 3.154932975769043 21.095455169677734
0 161.0 22.118730545043945 18.742877960205078 24.449589490890503 3.3367908000946045 21.1127986907959
0 162.0 22.243911743164062 18.898168563842773 24.480586528778076 3.416055202484131 21.064531326293945
0 163.0 22.309572219848633 19.043628692626953 24.4916729927063 3.4663853645324707 21.025287628173828
0 164.0 22.36016082763672 19.203094482421875 24.54538655281067 3.5064613819122314 21.038925170898438
0 165.0 22.389816284179688 19.313718795776367 24.566025018692017 3.583540201187134 20.982484817504883
0 166.0 22.355981826782227 19.354747772216797 24.631293058395386 3.636406660079956 20.99488639831543
0 167.0 22.329736709594727 19.36115837097168 24.612802982330322 3.7376809120178223 20.8751220703125
0 168.0 22.349000930786133 19.360322952270508 24.687015056610107 3.8540263175964355 20.832988739013672
0 169.0 22.368732452392578 19.366653442382812 24.765671253204346 3.9775490760803223 20.788122177124023
0 170.0 22.445919036865234 19.404909133911133 24.868020057678223 4.1441450119018555 20.723875045776367
0 171.0 22.506912231445312 19.465776443481445 24.922383785247803 4.29835844039917 20.624025344848633
0 172.0 22.54716682434082 19.51488494873047 24.987345218658447 4.430058002471924 20.557287216186523
0 173.0 22.570796966552734 19.55699920654297 25.11714267730713 4.586617469787598 20.53052520751953
0 174.0 22.570175170898438 19.573772430419922 25.177171230316162 4.752011775970459 20.425159454345703
0 175.0 22.641172409057617 19.573509216308594 25.284913063049316 4.959811210632324 20.325101852416992
0 176.0 22.742935180664062 19.584129333496094 25.4858136177063 5.168436527252197 20.3173770904541
0 177.0 22.842849731445312 19.561851501464844 25.56990909576416 5.315903663635254 20.254005432128906
0 178.0 22.949256896972656 19.547725677490234 25.73649311065674 5.541415214538574 20.195077896118164
0 179.0 23.01201057434082 19.54631805419922 25.937309741973877 5.7541375160217285 20.18317222595215
0 180.0 23.0461368560791 19.560272216796875 26.044246196746826 5.9269328117370605 20.117313385009766
0 181.0 23.09343147277832 19.631683349609375 26.089638233184814 6.023674488067627 20.065963745117188
0 182.0 23.09364891052246 19.682422637939453 26.063812255859375 6.118658065795898 19.945154190063477
0 183.0 23.07400131225586 19.660377502441406 26.111793518066406 6.220708847045898 19.891084671020508
0 184.0 23.077396392822266 19.653186798095703 26.14206552505493 6.367905139923096 19.774160385131836
0 185.0 23.078100204467773 19.636268615722656 26.18397569656372 6.528854846954346 19.655120849609375
0 186.0 23.101945877075195 19.657581329345703 26.293628215789795 6.7168803215026855 19.57674789428711
0 187.0 23.111404418945312 19.686702728271484 26.292966842651367 6.856969833374023 19.435997009277344
0 188.0 23.080848693847656 19.699974060058594 26.2893328666687 6.9143595695495605 19.37497329711914
0 189.0 23.051855087280273 19.670833587646484 26.331876277923584 7.022286891937256 19.309589385986328
0 190.0 23.072811126708984 19.661117553710938 26.328688621520996 7.163474082946777 19.16521453857422
0 191.0 23.1163330078125 19.68036651611328 26.38268232345581 7.324695110321045 19.057987213134766
0 192.0 23.14154815673828 19.688060760498047 26.453311443328857 7.435939311981201 19.017372131347656
0 193.0 23.207992553710938 19.69388198852539 26.54957389831543 7.5840911865234375 18.965482711791992
0 194.0 23.284080505371094 19.70759391784668 26.564270973205566 7.7245378494262695 18.839733123779297
0 195.0 23.269899368286133 19.68769073486328 26.652160167694092 7.874532222747803 18.77762794494629
0 196.0 23.318424224853516 19.6597957611084 26.684102058410645 8.059370994567871 18.624731063842773
0 197.0 23.41338348388672 19.663280487060547 26.777801513671875 8.252824783325195 18.52497673034668
0 198.0 23.424684524536133 19.650123596191406 26.797776222229004 8.45167064666748 18.346105575561523
0 199.0 23.37050437927246 19.58414649963379 26.81205177307129 8.597110748291016 18.214941024780273
0 200.0 23.2803955078125 19.498497009277344 26.772976875305176 8.713418006896973 18.059558868408203
0 201.0 23.224943161010742 19.418487548828125 26.7951021194458 8.858498573303223 17.936603546142578
0 202.0 23.190898895263672 19.351404190063477 26.837614059448242 9.02998161315918 17.807632446289062
0 203.0 23.075847625732422 19.292856216430664 26.83476448059082 9.144201278686523 17.690563201904297
0 204.0 22.899208068847656 19.211889266967773 26.737414360046387 9.20042896270752 17.536985397338867
0 205.0 22.70827865600586 19.098400115966797 26.62046718597412 9.219056129455566 17.401411056518555
0 206.0 22.588218688964844 19.012067794799805 26.46444606781006 9.251788139343262 17.212657928466797
0 207.0 22.48418617248535 18.938478469848633 26.4344425201416 9.31696891784668 17.117473602294922
0 208.0 22.32358169555664 18.854610443115234 26.29249668121338 9.323235511779785 16.969261169433594
0 209.0 22.216541290283203 18.779621124267578 26.218177795410156 9.399398803710938 16.81877899169922
0 210.0 22.140058517456055 18.722877502441406 26.188337326049805 9.495525360107422 16.692811965942383
0 211.0 22.053850173950195 18.63417625427246 26.132423400878906 9.580835342407227 16.55158805847168
0 212.0 21.904069900512695 18.524524688720703 26.097012519836426 9.646088600158691 16.450923919677734
0 213.0 21.732553482055664 18.436464309692383 25.974839210510254 9.68173885345459 16.293100357055664
0 214.0 21.557212829589844 18.352413177490234 25.898900032043457 9.746081352233887 16.15281867980957
0 215.0 21.355243682861328 18.212173461914062 25.789114952087402 9.836462020874023 15.952652931213379
0 216.0 21.17292022705078 18.08965301513672 25.68995189666748 9.928142547607422 15.761809349060059
0 217.0 20.968727111816406 17.97998809814453 25.51663875579834 10.009665489196777 15.506973266601562
0 218.0 20.742366790771484 17.871959686279297 25.37445831298828 10.066332817077637 15.308125495910645
0 219.0 20.479379653930664 17.735185623168945 25.15224266052246 10.084755897521973 15.067486763000488
0 220.0 20.197851181030273 17.55323028564453 24.981094360351562 10.127604484558105 14.853489875793457
0 221.0 19.92253875732422 17.36904525756836 24.69216251373291 10.16442584991455 14.52773666381836
0 222.0 19.611135482788086 17.159500122070312 24.452698707580566 10.183622360229492 14.269076347351074
0 223.0 19.33639144897461 16.948585510253906 24.21058177947998 10.240808486938477 13.969773292541504
0 224.0 19.088729858398438 16.779911041259766 23.940369606018066 10.33017349243164 13.610196113586426
0 225.0 18.863269805908203 16.654613494873047 23.57978343963623 10.39541244506836 13.184370994567871
0 226.0 18.66388702392578 16.566619873046875 23.290095329284668 10.495587348937988 12.79450798034668
0 227.0 18.42935562133789 16.458290100097656 23.051819801330566 10.633296012878418 12.418523788452148
0 228.0 18.154685974121094 16.301729202270508 22.657931327819824 10.7166748046875 11.941256523132324
0 229.0 17.867919921875 16.130062103271484 22.245756149291992 10.802971839904785 11.442784309387207
0 230.0 17.55394172668457 15.981695175170898 21.742987632751465 10.866479873657227 10.876507759094238
0 231.0 17.251405715942383 15.827192306518555 21.18130588531494 10.936525344848633 10.244780540466309
0 232.0 16.9466609954834 15.681102752685547 20.69833469390869 10.984349250793457 9.713985443115234
0 233.0 16.61777114868164 15.527142524719238 20.23034954071045 11.035792350769043 9.194557189941406
0 234.0 16.304155349731445 15.364587783813477 19.814364433288574 11.060973167419434 8.75339126586914
0 235.0 16.060394287109375 15.263456344604492 19.467419624328613 11.134261131286621 8.333158493041992
0 236.0 15.835575103759766 15.183804512023926 19.17966651916504 11.18990707397461 7.98975944519043
0 237.0 15.611019134521484 15.104320526123047 18.81576442718506 11.237805366516113 7.577959060668945
0 238.0 15.402759552001953 15.017192840576172 18.448209285736084 11.255571365356445 7.192637920379639
0 239.0 15.15458869934082 14.896570205688477 18.12160587310791 11.269820213317871 6.851785659790039
0 240.0 14.922534942626953 14.787306785583496 17.766173839569092 11.300339698791504 6.465834140777588
0 241.0 14.77873420715332 14.733449935913086 17.481088161468506 11.375391006469727 6.105697154998779
0 242.0 14.638263702392578 14.720842361450195 17.298583030700684 11.413713455200195 5.884869575500488
0 243.0 14.501319885253906 14.708629608154297 17.10713815689087 11.424635887145996 5.682502269744873
0 244.0 14.364835739135742 14.686841011047363 16.976810455322266 11.473186492919922 5.503623962402344
0 245.0 14.191876411437988 14.637174606323242 16.737375736236572 11.516849517822266 5.220526218414307
0 246.0 14.01740837097168 14.57979965209961 16.46074104309082 11.565495491027832 4.895245552062988
0 247.0 13.870893478393555 14.564444541931152 16.317049026489258 11.626300811767578 4.69074821472168
0 248.0 13.729928970336914 14.575441360473633 16.101741313934326 11.690134048461914 4.411607265472412
0 249.0 13.587326049804688 14.581704139709473 15.841087818145752 11.727025032043457 4.114062786102295
0 250.0 13.463296890258789 14.559154510498047 15.694852352142334 11.809881210327148 3.8849711418151855
0 251.0 13.363632202148438 14.562515258789062 15.499370813369751 11.87319564819336 3.6261751651763916
0 252.0 13.293781280517578 14.572239875793457 15.344035148620605 11.968461036682129 3.3755741119384766
0 253.0 13.238836288452148 14.593891143798828 15.165992259979248 12.069412231445312 3.0965800285339355
0 254.0 13.148162841796875 14.595327377319336 14.947101593017578 12.115837097167969 2.8312644958496094
0 255.0 13.050199508666992 14.600597381591797 14.696670532226562 12.174843788146973 2.52182674407959
0 256.0 12.94304084777832 14.607813835144043 14.466336727142334 12.197409629821777 2.2689270973205566
0 257.0 12.841670989990234 14.62073040008545 14.281305074691772 12.214632987976074 2.0666720867156982
0 258.0 12.807357788085938 14.678678512573242 14.19057297706604 12.263712882995605 1.9268600940704346
0 259.0 12.802078247070312 14.746129035949707 14.08162009716034 12.30465316772461 1.77696692943573
0 260.0 12.78110408782959 14.78712272644043 14.030227184295654 12.329218864440918 1.7010083198547363
0 261.0 12.782942771911621 14.824692726135254 14.014128804206848 12.413047790527344 1.6010810136795044
0 262.0 12.80887508392334 14.912981033325195 13.93515956401825 12.446321487426758 1.4888380765914917
0 263.0 12.824577331542969 15.027257919311523 13.836439847946167 12.449060440063477 1.3873794078826904
0 264.0 12.81336498260498 15.125696182250977 13.73577344417572 12.473722457885742 1.262050986289978
0 265.0 12.773844718933105 15.21194839477539 13.669947743415833 12.496208190917969 1.1737395524978638
0 266.0 12.735066413879395 15.280614852905273 13.634654641151428 12.52469539642334 1.1099592447280884
0 267.0 12.71471118927002 15.344459533691406 13.606613874435425 12.554484367370605 1.0521295070648193
0 268.0 12.68728256225586 15.401138305664062 13.576844215393066 12.562122344970703 1.0147218704223633
0 269.0 12.67841911315918 15.452201843261719 13.57110470533371 12.58009147644043 0.99101322889328
0 270.0 12.692740440368652 15.521730422973633 13.586965560913086 12.628486633300781 0.9584789276123047
0 271.0 12.718401908874512 15.644468307495117 13.583414614200592 12.655000686645508 0.9284139275550842
0 272.0 12.733419418334961 15.758071899414062 13.603599607944489 12.707779884338379 0.8958197236061096
0 273.0 12.764057159423828 15.850384712219238 13.636987686157227 12.77076244354248 0.8662252426147461
0 274.0 12.791085243225098 15.915374755859375 13.661508440971375 12.831525802612305 0.8299826383590698
0 275.0 12.80817699432373 15.978866577148438 13.664385259151459 12.866297721862793 0.7980875372886658
0 276.0 12.823230743408203 16.047529220581055 13.675133764743805 12.916448593139648 0.7586851716041565
0 277.0 12.80970287322998 16.10162925720215 13.671604633331299 12.962759017944336 0.7088456153869629
0 278.0 12.811714172363281 16.175495147705078 13.663093388080597 12.976381301879883 0.6867120862007141
0 279.0 12.834672927856445 16.293659210205078 13.687390506267548 13.00998592376709 0.6774045825004578
0 280.0 12.841633796691895 16.4110164642334 13.686123549938202 13.02584457397461 0.6602789759635925
0 281.0 12.847038269042969 16.508623123168945 13.696322679519653 13.056900978088379 0.6394217014312744
0 282.0 12.847089767456055 16.600868225097656 13.680489242076874 13.077631950378418 0.6028572916984558
0 283.0 12.84981632232666 16.67524528503418 13.672683119773865 13.089167594909668 0.5835155248641968
0 284.0 12.83591365814209 16.710777282714844 13.705042362213135 13.139470100402832 0.5655722618103027
0 285.0 12.807125091552734 16.763029098510742 13.693735301494598 13.163402557373047 0.5303327441215515
0 286.0 12.772406578063965 16.826398849487305 13.636086404323578 13.136395454406738 0.4996909499168396
0 287.0 12.737181663513184 16.88456153869629 13.632914334535599 13.137691497802734 0.4952228367328644
0 288.0 12.719037055969238 16.939912796020508 13.608583182096481 13.120969772338867 0.48761340975761414
0 289.0 12.725493431091309 17.012325286865234 13.582161664962769 13.113874435424805 0.46828722953796387
0 290.0 12.721604347229004 17.10293197631836 13.57512179017067 13.108122825622559 0.46699896454811096
0 291.0 12.730133056640625 17.214174270629883 13.565901786088943 13.117151260375977 0.4487505257129669
0 292.0 12.734169006347656 17.321239471435547 13.558417320251465 13.127958297729492 0.43045902252197266
0 293.0 12.725937843322754 17.402511596679688 13.559349179267883 13.137521743774414 0.42182743549346924
0 294.0 12.725800514221191 17.46341323852539 13.557513803243637 13.144697189331055 0.4128166139125824
0 295.0 12.736262321472168 17.530288696289062 13.557165563106537 13.156532287597656 0.4006332755088806
0 296.0 12.782941818237305 17.627445220947266 13.636295557022095 13.246525764465332 0.3897697925567627
0 297.0 12.844593048095703 17.73751449584961 13.697589576244354 13.30951976776123 0.3880698084831238
0 298.0 12.915176391601562 17.849609375 13.786245495080948 13.395726203918457 0.39051929116249084
0 299.0 12.972005844116211 17.963796615600586 13.848483085632324 13.464068412780762 0.3844146728515625
0 300.0 13.019909858703613 18.072065353393555 13.877022236585617 13.508050918579102 0.3689713180065155
0 301.0 13.055136680603027 18.153465270996094 13.931242913007736 13.561400413513184 0.3698424994945526
0 302.0 13.080829620361328 18.215229034423828 13.971569776535034 13.592412948608398 0.37915682792663574
0 303.0 13.103609085083008 18.26694107055664 14.019489705562592 13.642350196838379 0.37713950872421265
0 304.0 13.128480911254883 18.330656051635742 14.053847640752792 13.667303085327148 0.3865445554256439
0 305.0 13.149250984191895 18.395734786987305 14.065916031599045 13.67569351196289 0.3902225196361542
0 306.0 13.163374900817871 18.457372665405273 14.08117201924324 13.692480087280273 0.3886919319629669
0 307.0 13.199424743652344 18.5469970703125 14.125207304954529 13.719934463500977 0.40527284145355225
0 308.0 13.236323356628418 18.638591766357422 14.15959057211876 13.737527847290039 0.4220627248287201
0 309.0 13.23180866241455 18.689695358276367 14.192863196134567 13.73974323272705 0.4531199634075165
0 310.0 13.227506637573242 18.744319915771484 14.193109393119812 13.731077194213867 0.4620321989059448
0 311.0 13.22950267791748 18.83782958984375 14.185767710208893 13.727095603942871 0.45867210626602173
0 312.0 13.221494674682617 18.932422637939453 14.174127340316772 13.700881958007812 0.47324538230895996
0 313.0 13.231653213500977 19.019676208496094 14.148296982049942 13.64957332611084 0.4987236559391022
0 314.0 13.236429214477539 19.088409423828125 14.173354744911194 13.659536361694336 0.5138183832168579
0 315.0 13.239457130432129 19.151647567749023 14.174963533878326 13.644129753112793 0.5308337807655334
0 316.0 13.238652229309082 19.20674705505371 14.160742998123169 13.610306739807129 0.55043625831604
0 317.0 13.24339485168457 19.276235580444336 14.17438119649887 13.606518745422363 0.5678624510765076
0 318.0 13.290456771850586 19.372020721435547 14.19847297668457 13.595782279968262 0.6026906967163086
0 319.0 13.325072288513184 19.445112228393555 14.213781535625458 13.593799591064453 0.6199819445610046
0 320.0 13.357991218566895 19.5096435546875 14.261658430099487 13.60405445098877 0.6576039791107178
0 321.0 13.393693923950195 19.579891204833984 14.308281421661377 13.59669303894043 0.7115883827209473
0 322.0 13.432982444763184 19.6729736328125 14.354110717773438 13.597148895263672 0.7569618225097656
0 323.0 13.45456314086914 19.76647186279297 14.368786454200745 13.591114044189453 0.7776724100112915
0 324.0 13.471049308776855 19.849449157714844 14.400315999984741 13.586139678955078 0.8141763210296631
0 325.0 13.463789939880371 19.932870864868164 14.416405498981476 13.582408905029297 0.833996593952179
0 326.0 13.457664489746094 20.013370513916016 14.42019635438919 13.548806190490723 0.871390163898468
0 327.0 13.433685302734375 20.04668617248535 14.415713369846344 13.52899169921875 0.886721670627594
0 328.0 13.42151165008545 20.08231544494629 14.384946405887604 13.479621887207031 0.9053245186805725
0 329.0 13.43822193145752 20.099868774414062 14.450629830360413 13.47718620300293 0.9734436273574829
0 330.0 13.468276023864746 20.160717010498047 14.506737232208252 13.466095924377441 1.0406413078308105
0 331.0 13.499732971191406 20.23452377319336 14.529311299324036 13.43879222869873 1.0905190706253052
0 332.0 13.542689323425293 20.29251480102539 14.587398409843445 13.43530559539795 1.1520928144454956
0 333.0 13.588000297546387 20.360057830810547 14.648438930511475 13.42317008972168 1.225268840789795
0 334.0 13.589597702026367 20.41427230834961 14.684295654296875 13.40835952758789 1.2759361267089844
0 335.0 13.610243797302246 20.46417999267578 14.74277114868164 13.410313606262207 1.3324575424194336
0 336.0 13.610856056213379 20.4898738861084 14.7850581407547 13.377838134765625 1.4072200059890747
0 337.0 13.629377365112305 20.533180236816406 14.775559306144714 13.318903923034668 1.4566553831100464
0 338.0 13.68993091583252 20.5881290435791 14.8098384141922 13.313421249389648 1.4964171648025513
0 339.0 13.736276626586914 20.63920783996582 14.83597993850708 13.281831741333008 1.5541481971740723
0 340.0 13.809849739074707 20.715442657470703 14.928167581558228 13.268707275390625 1.6594603061676025
0 341.0 13.8919095993042 20.769210815429688 14.998152494430542 13.256608963012695 1.7415435314178467
0 342.0 13.946651458740234 20.784883499145508 15.06341290473938 13.244911193847656 1.8185017108917236
0 343.0 14.022256851196289 20.814992904663086 15.133753895759583 13.23906135559082 1.8946925401687622
0 344.0 14.059646606445312 20.832225799560547 15.19671106338501 13.198722839355469 1.997988224029541
0 345.0 14.141603469848633 20.845319747924805 15.331915378570557 13.18300724029541 2.1489081382751465
0 346.0 14.26388168334961 20.893579483032227 15.461057424545288 13.170963287353516 2.2900941371917725
0 347.0 14.332377433776855 20.923547744750977 15.559802055358887 13.160114288330078 2.3996877670288086
0 348.0 14.410282135009766 20.96942138671875 15.631938457489014 13.128426551818848 2.503511905670166
0 349.0 14.515342712402344 21.047300338745117 15.732748985290527 13.11143684387207 2.621312141418457
0 350.0 14.583352088928223 21.131023406982422 15.815191745758057 13.113499641418457 2.7016921043395996
0 351.0 14.609609603881836 21.19574737548828 15.827237129211426 13.07775592803955 2.749481201171875
0 352.0 14.632854461669922 21.238750457763672 15.882231950759888 13.067686080932617 2.8145458698272705
0 353.0 14.654653549194336 21.23929214477539 15.916914224624634 13.036845207214355 2.8800690174102783
0 354.0 14.670223236083984 21.235652923583984 15.968039512634277 12.99792766571045 2.970111846923828
0 355.0 14.692138671875 21.287681579589844 16.007530450820923 12.966715812683105 3.0408146381378174
0 356.0 14.690834999084473 21.284120559692383 16.027440786361694 12.910788536071777 3.116652250289917
0 357.0 14.687712669372559 21.22191619873047 16.065600633621216 12.881718635559082 3.183881998062134
0 358.0 14.718847274780273 21.226268768310547 16.1460599899292 12.819294929504395 3.3267650604248047
0 359.0 14.781303405761719 21.28206443786621 16.208369731903076 12.764376640319824 3.443993091583252
0 360.0 14.86331844329834 21.32660675048828 16.292398929595947 12.726473808288574 3.565925121307373
0 361.0 14.979879379272461 21.3886775970459 16.42305850982666 12.711559295654297 3.7114992141723633
0 362.0 15.094457626342773 21.47322654724121 16.564191818237305 12.725176811218262 3.839015007019043
0 363.0 15.16907787322998 21.517526626586914 16.65134310722351 12.714632034301758 3.936711072921753
0 364.0 15.230299949645996 21.564420700073242 16.73192310333252 12.710155487060547 4.021767616271973
0 365.0 15.300395011901855 21.597341537475586 16.829354286193848 12.682421684265137 4.146932601928711
0 366.0 15.390766143798828 21.633106231689453 16.953129291534424 12.64989185333252 4.303237438201904
1 1.0 18.261425018310547 28.102691650390625 20.388538360595703 12.717060089111328 7.671478271484375
1 2.0 18.274028778076172 27.994396209716797 20.4999737739563 12.685761451721191 7.814212322235107
1 3.0 18.377197265625 27.945192337036133 20.63881778717041 12.708691596984863 7.930126190185547
1 4.0 18.496217727661133 27.837474822998047 20.7803955078125 12.7185697555542 8.0618257522583
1 5.0 18.62256622314453 27.79088592529297 20.953526496887207 12.695980072021484 8.257546424865723
1 6.0 18.71546173095703 27.823978424072266 21.03813934326172 12.63652515411377 8.40161418914795
1 7.0 18.777202606201172 27.810102462768555 21.1700382232666 12.580268859863281 8.58976936340332
1 8.0 18.891372680664062 27.805133819580078 21.22636604309082 12.514509201049805 8.711856842041016
1 9.0 19.017391204833984 27.80984878540039 21.38207244873047 12.482766151428223 8.899306297302246
1 10.0 19.09588623046875 27.790870666503906 21.459747314453125 12.433719635009766 9.02602767944336
1 11.0 19.18317413330078 27.783145904541016 21.543670654296875 12.391777992248535 9.15189266204834
1 12.0 19.27696990966797 27.741100311279297 21.62073802947998 12.307098388671875 9.313639640808105
1 13.0 19.37171173095703 27.65958023071289 21.764182090759277 12.237553596496582 9.526628494262695
1 14.0 19.48223876953125 27.591384887695312 21.911734580993652 12.159409523010254 9.752325057983398
1 15.0 19.595470428466797 27.56048011779785 22.02015209197998 12.071802139282227 9.948349952697754
1 16.0 19.714000701904297 27.514238357543945 22.160283088684082 11.983192443847656 10.177090644836426
1 17.0 19.795307159423828 27.453224182128906 22.279855728149414 11.92714786529541 10.352707862854004
1 18.0 19.874671936035156 27.387361526489258 22.40383529663086 11.852320671081543 10.551514625549316
1 19.0 19.93709945678711 27.279985427856445 22.526888847351074 11.790753364562988 10.736135482788086
1 20.0 19.985633850097656 27.190401077270508 22.626662254333496 11.734946250915527 10.891716003417969
1 21.0 20.032485961914062 27.092119216918945 22.80256748199463 11.69015884399414 11.112408638000488
1 22.0 20.131736755371094 26.9998779296875 22.913162231445312 11.598262786865234 11.314899444580078
1 23.0 20.15740966796875 26.84823989868164 22.989877700805664 11.553584098815918 11.436293601989746
1 24.0 20.195383071899414 26.670856475830078 23.057942390441895 11.47197151184082 11.585970878601074
1 25.0 20.26072883605957 26.515220642089844 23.168578147888184 11.398679733276367 11.769898414611816
1 26.0 20.268226623535156 26.347368240356445 23.23503303527832 11.354151725769043 11.880881309509277
1 27.0 20.311721801757812 26.19232177734375 23.3580265045166 11.313963890075684 12.044062614440918
1 28.0 20.395038604736328 26.069561004638672 23.436686515808105 11.263493537902832 12.173192977905273
1 29.0 20.454612731933594 25.9486083984375 23.519847869873047 11.188469886779785 12.331377983093262
1 30.0 20.511638641357422 25.778013229370117 23.627375602722168 11.101207733154297 12.526167869567871
1 31.0 20.590076446533203 25.57366943359375 23.76380157470703 10.998528480529785 12.765273094177246
1 32.0 20.586273193359375 25.3631591796875 23.78910255432129 10.890019416809082 12.899083137512207
1 33.0 20.57929229736328 25.143936157226562 23.802790641784668 10.82828140258789 12.974509239196777
1 34.0 20.59741973876953 24.894187927246094 23.870105743408203 10.768513679504395 13.101592063903809
1 35.0 20.607521057128906 24.62701416015625 23.974559783935547 10.679450035095215 13.295109748840332
1 36.0 20.605087280273438 24.383312225341797 23.97219944000244 10.62004280090332 13.352156639099121
1 37.0 20.553653717041016 24.156030654907227 23.9921932220459 10.51087760925293 13.481315612792969
1 38.0 20.464792251586914 23.925342559814453 23.952515602111816 10.389581680297852 13.562933921813965
1 39.0 20.379972457885742 23.6877384185791 23.86577033996582 10.278797149658203 13.586973190307617
1 40.0 20.333101272583008 23.45269775390625 23.84535312652588 10.16350269317627 13.68185043334961
1 41.0 20.296072006225586 23.210960388183594 23.86290454864502 10.052560806274414 13.810343742370605
1 42.0 20.307109832763672 22.950164794921875 23.933637619018555 9.936990737915039 13.996646881103516
1 43.0 20.316049575805664 22.661972045898438 24.047025680541992 9.866064071655273 14.180961608886719
1 44.0 20.317153930664062 22.4183406829834 24.073322296142578 9.788193702697754 14.285128593444824
1 45.0 20.289348602294922 22.18523406982422 24.114439010620117 9.66714859008789 14.447290420532227
1 46.0 20.223119735717773 21.959943771362305 24.053482055664062 9.550569534301758 14.502912521362305
1 47.0 20.188627243041992 21.720245361328125 23.962437629699707 9.423352241516113 14.539085388183594
1 48.0 20.13523292541504 21.470136642456055 23.949993133544922 9.284248352050781 14.66574478149414
1 49.0 20.083707809448242 21.225818634033203 23.934219360351562 9.141243934631348 14.792975425720215
1 50.0 20.038944244384766 20.987140655517578 23.91068935394287 8.997757911682129 14.912931442260742
1 51.0 19.971920013427734 20.73754119873047 23.875279426574707 8.88025188446045 14.995027542114258
1 52.0 19.939739227294922 20.49352264404297 23.8831844329834 8.757294654846191 15.125889778137207
1 53.0 19.90255355834961 20.224876403808594 23.855523109436035 8.65218448638916 15.203338623046875
1 54.0 19.88457679748535 19.932029724121094 23.922905921936035 8.567448616027832 15.355457305908203
1 55.0 19.8450870513916 19.702674865722656 23.859469413757324 8.444453239440918 15.415016174316406
1 56.0 19.729503631591797 19.468339920043945 23.783509254455566 8.340842247009277 15.442667007446289
1 57.0 19.636520385742188 19.201431274414062 23.785490036010742 8.268060684204102 15.51742935180664
1 58.0 19.581714630126953 18.976604461669922 23.75919532775879 8.165525436401367 15.593669891357422
1 59.0 19.552326202392578 18.753631591796875 23.75325298309326 8.064384460449219 15.688868522644043
1 60.0 19.54969024658203 18.55843734741211 23.765910625457764 7.966440677642822 15.799469947814941
1 61.0 19.52946662902832 18.372024536132812 23.8013973236084 7.872682571411133 15.928714752197266
1 62.0 19.584260940551758 18.154428482055664 23.80633544921875 7.788076400756836 16.018259048461914
1 63.0 19.677913665771484 17.961883544921875 23.836799144744873 7.692128658294678 16.144670486450195
1 64.0 19.738210678100586 17.788848876953125 23.87480068206787 7.610180854797363 16.264619827270508
1 65.0 19.8046875 17.61380958557129 23.922560214996338 7.474728107452393 16.447832107543945
1 66.0 19.791854858398438 17.468280792236328 23.946856021881104 7.3648552894592285 16.582000732421875
1 67.0 19.726228713989258 17.323183059692383 23.84548807144165 7.213938236236572 16.631549835205078
1 68.0 19.684770584106445 17.15863800048828 23.80783700942993 7.094995975494385 16.712841033935547
1 69.0 19.63479995727539 16.98432731628418 23.75816535949707 6.936603546142578 16.821561813354492
1 70.0 19.553491592407227 16.80115509033203 23.699280738830566 6.789851188659668 16.9094295501709
1 71.0 19.523237228393555 16.64806365966797 23.680956840515137 6.658211708068848 17.02274513244629
1 72.0 19.512845993041992 16.516807556152344 23.6842098236084 6.504365921020508 17.17984390258789
1 73.0 19.493738174438477 16.40318489074707 23.550432682037354 6.329672336578369 17.220760345458984
1 74.0 19.51622200012207 16.311481475830078 23.479207515716553 6.1594977378845215 17.31970977783203
1 75.0 19.54037857055664 16.232439041137695 23.345233917236328 5.974674224853516 17.370559692382812
1 76.0 19.560409545898438 16.15789794921875 23.306143760681152 5.823681831359863 17.48246192932129
1 77.0 19.56682014465332 16.098840713500977 23.219783782958984 5.646633148193359 17.573150634765625
1 78.0 19.590639114379883 16.031240463256836 23.186918258666992 5.517448425292969 17.669469833374023
1 79.0 19.64023208618164 15.99197769165039 23.204848289489746 5.424714088439941 17.780134201049805
1 80.0 19.66290855407715 15.944587707519531 23.217409133911133 5.354011535644531 17.8633975982666
1 81.0 19.66805648803711 15.874473571777344 23.271329402923584 5.310500621795654 17.96082878112793
1 82.0 19.631450653076172 15.790512084960938 23.279454708099365 5.255731105804443 18.023723602294922
1 83.0 19.581626892089844 15.66546630859375 23.360657215118408 5.214909076690674 18.145748138427734
1 84.0 19.572254180908203 15.5718355178833 23.349929332733154 5.165225505828857 18.184703826904297
1 85.0 19.56670570373535 15.53320026397705 23.300160884857178 5.098697185516357 18.20146369934082
1 86.0 19.571245193481445 15.50700569152832 23.267268180847168 5.031064033508301 18.236204147338867
1 87.0 19.59029197692871 15.47171401977539 23.26991844177246 4.94660758972168 18.32331085205078
1 88.0 19.603891372680664 15.404500961303711 23.315778255462646 4.8715949058532715 18.444183349609375
1 89.0 19.635164260864258 15.352872848510742 23.295329570770264 4.78596830368042 18.509361267089844
1 90.0 19.623538970947266 15.273826599121094 23.286807537078857 4.684934139251709 18.60187339782715
1 91.0 19.703907012939453 15.262557983398438 23.277485847473145 4.6160383224487305 18.661447525024414
1 92.0 19.769512176513672 15.254626274108887 23.353466510772705 4.5501275062561035 18.8033390045166
1 93.0 19.77880096435547 15.259212493896484 23.39772653579712 4.487146854400635 18.910579681396484
1 94.0 19.76810073852539 15.270223617553711 23.38249635696411 4.4095025062561035 18.972993850708008
1 95.0 19.745098114013672 15.285429954528809 23.324596881866455 4.336334705352783 18.988262176513672
1 96.0 19.750873565673828 15.280688285827637 23.35281229019165 4.286901950836182 19.06591033935547
1 97.0 19.76344871520996 15.24901008605957 23.39054775238037 4.218331336975098 19.172216415405273
1 98.0 19.804880142211914 15.185735702514648 23.43783664703369 4.172911643981934 19.264925003051758
1 99.0 19.854068756103516 15.157243728637695 23.46647024154663 4.103908061981201 19.36256217956543
1 100.0 19.919002532958984 15.161111831665039 23.554087162017822 4.060020923614502 19.49406623840332
1 101.0 20.015731811523438 15.209613800048828 23.607491970062256 4.00227689743042 19.605215072631836
1 102.0 20.058727264404297 15.261441230773926 23.618889093399048 3.924654245376587 19.69423484802246
1 103.0 20.01974105834961 15.296976089477539 23.573973178863525 3.887636661529541 19.686336517333984
1 104.0 19.964319229125977 15.317570686340332 23.54874300956726 3.8507449626922607 19.697998046875
1 105.0 19.918485641479492 15.317811965942383 23.543208122253418 3.795527458190918 19.7476806640625
1 106.0 19.913427352905273 15.296186447143555 23.565907955169678 3.745866298675537 19.82004165649414
1 107.0 19.90231704711914 15.288808822631836 23.57004737854004 3.69830322265625 19.87174415588379
1 108.0 19.933509826660156 15.335132598876953 23.55774998664856 3.638983964920044 19.918766021728516
1 109.0 19.978960037231445 15.380844116210938 23.560219526290894 3.5768821239471436 19.98333740234375
1 110.0 19.990707397460938 15.376023292541504 23.537933826446533 3.5144543647766113 20.023479461669922
1 111.0 20.084728240966797 15.399682998657227 23.635440826416016 3.436908721923828 20.198532104492188
1 112.0 20.179296493530273 15.458600044250488 23.638370513916016 3.3435192108154297 20.294851303100586
1 113.0 20.16417121887207 15.505895614624023 23.54124164581299 3.242007255554199 20.29923439025879
1 114.0 20.152652740478516 15.54495620727539 23.49834418296814 3.171312093734741 20.3270320892334
1 115.0 20.198204040527344 15.570963859558105 23.500691652297974 3.123429536819458 20.377262115478516
1 116.0 20.254831314086914 15.6006441116333 23.534557104110718 3.0894010066986084 20.44515609741211
1 117.0 20.242172241210938 15.643476486206055 23.511996507644653 3.038499116897583 20.47349739074707
1 118.0 20.1687068939209 15.664190292358398 23.458887100219727 2.9689769744873047 20.489910125732422
1 119.0 20.079179763793945 15.643268585205078 23.42148995399475 2.905649423599243 20.515840530395508
1 120.0 19.99782371520996 15.637970924377441 23.35134720802307 2.828035593032837 20.523311614990234
1 121.0 19.8997859954834 15.624222755432129 23.253477096557617 2.767068862915039 20.486408233642578
1 122.0 19.841537475585938 15.61015510559082 23.213635206222534 2.7026679515838623 20.510967254638672
1 123.0 19.802942276000977 15.640304565429688 23.137107849121094 2.6338863372802734 20.50322151184082
1 124.0 19.818796157836914 15.707292556762695 23.078030586242676 2.549565315246582 20.528465270996094
1 125.0 19.909208297729492 15.781454086303711 23.0756413936615 2.485433340072632 20.590208053588867
1 126.0 19.930814743041992 15.825919151306152 23.04073429107666 2.4371328353881836 20.603601455688477
1 127.0 19.952966690063477 15.860157012939453 23.061127185821533 2.4019875526428223 20.65913963317871
1 128.0 19.97129249572754 15.895085334777832 23.064651250839233 2.37583327293396 20.688817977905273
1 129.0 20.041748046875 15.932408332824707 23.072798490524292 2.3739097118377686 20.698888778686523
1 130.0 20.16362190246582 15.9889554977417 23.140347719192505 2.3585503101348877 20.781797409057617
1 131.0 20.27284812927246 16.04228401184082 23.158533096313477 2.3410587310791016 20.817474365234375
1 132.0 20.34754753112793 16.11124610900879 23.22048783302307 2.3266451358795166 20.893842697143555
1 133.0 20.43904685974121 16.183780670166016 23.275906562805176 2.315619468688965 20.96028709411621
1 134.0 20.535465240478516 16.28176498413086 23.320080518722534 2.280075788497925 21.04000473022461
1 135.0 20.610361099243164 16.405033111572266 23.296727418899536 2.273524522781372 21.023202896118164
1 136.0 20.69089126586914 16.502952575683594 23.34784483909607 2.254951238632202 21.092893600463867
1 137.0 20.72943878173828 16.579946517944336 23.373952388763428 2.246032238006592 21.127920150756836
1 138.0 20.783302307128906 16.662118911743164 23.396138906478882 2.248908758163452 21.14723014831543
1 139.0 20.80331039428711 16.695531845092773 23.42037034034729 2.2692320346832275 21.151138305664062
1 140.0 20.798131942749023 16.744800567626953 23.44375443458557 2.301706552505493 21.142047882080078
1 141.0 20.85812759399414 16.831377029418945 23.5315203666687 2.3828272819519043 21.148693084716797
1 142.0 20.963665008544922 16.891063690185547 23.72933340072632 2.5930285453796387 21.13630485534668
1 143.0 21.170793533325195 16.95513916015625 23.996761083602905 2.810495138168335 21.18626594543457
1 144.0 21.338708877563477 17.03580093383789 24.113856077194214 2.9331252574920654 21.18073081970215
1 145.0 21.481754302978516 17.14496612548828 24.189045906066895 3.0526113510131836 21.13643455505371
1 146.0 21.580915451049805 17.23040771484375 24.23247718811035 3.123666763305664 21.108810424804688
1 147.0 21.70118522644043 17.342607498168945 24.280385971069336 3.1549930572509766 21.12539291381836
1 148.0 21.779449462890625 17.455364227294922 24.319889783859253 3.1395480632781982 21.180341720581055
1 149.0 21.83216667175293 17.554920196533203 24.293067932128906 3.1060123443603516 21.187055587768555
1 150.0 21.852319717407227 17.67702865600586 24.28973078727722 3.1028850078582764 21.186845779418945
1 151.0 21.87721824645996 17.78353500366211 24.331984281539917 3.1399505138397217 21.192033767700195
1 152.0 21.897960662841797 17.860553741455078 24.358917474746704 3.1821577548980713 21.176759719848633
1 153.0 22.00313949584961 17.938814163208008 24.447365760803223 3.2708845138549805 21.176481246948242
1 154.0 22.232202529907227 18.07085609436035 24.62392497062683 3.385552167892456 21.238372802734375
1 155.0 22.34921646118164 18.19716453552246 24.717963933944702 3.436185598373413 21.28177833557129
1 156.0 22.3987979888916 18.3151912689209 24.774264097213745 3.5362040996551514 21.238059997558594
1 157.0 22.442983627319336 18.43099594116211 24.855785846710205 3.6585335731506348 21.19725227355957
1 158.0 22.458707809448242 18.541221618652344 24.858333110809326 3.7316508293151855 21.12668228149414
1 159.0 22.469955444335938 18.586124420166016 24.90624165534973 3.811206102371216 21.095035552978516
1 160.0 22.50560188293457 18.623794555664062 25.006133556365967 3.920020580291748 21.08611297607422
1 161.0 22.520614624023438 18.666532516479492 25.01967763900757 4.01428747177124 21.005390167236328
1 162.0 22.570995330810547 18.697168350219727 25.115190505981445 4.140598297119141 20.974592208862305
1 163.0 22.628089904785156 18.80428695678711 25.1285662651062 4.248511791229248 20.880054473876953
1 164.0 22.58995246887207 18.833322525024414 25.14594602584839 4.326375484466553 20.819570541381836
1 165.0 22.592559814453125 18.869678497314453 25.188385486602783 4.440847873687744 20.74753761291504
1 166.0 22.64586639404297 18.916467666625977 25.291709899902344 4.57771110534668 20.713998794555664
1 167.0 22.714319229125977 18.99673080444336 25.477008819580078 4.772619247436523 20.704389572143555
1 168.0 22.787397384643555 19.101280212402344 25.48652696609497 4.906540393829346 20.579986572265625
1 169.0 22.836589813232422 19.19160270690918 25.536808490753174 5.042807102203369 20.494001388549805
1 170.0 22.89185333251953 19.275287628173828 25.59976816177368 5.1516804695129395 20.448087692260742
1 171.0 22.91881561279297 19.331565856933594 25.62570285797119 5.278719902038574 20.346982955932617
1 172.0 22.96044921875 19.37841033935547 25.689786911010742 5.362434387207031 20.32735252380371
1 173.0 23.017831802368164 19.404569625854492 25.79240608215332 5.482875823974609 20.30953025817871
1 174.0 23.036407470703125 19.423784255981445 25.869410037994385 5.6045613288879395 20.264848709106445
1 175.0 23.04276466369629 19.46392822265625 25.91207504272461 5.698055267333984 20.214019775390625
1 176.0 23.043350219726562 19.483381271362305 25.964943408966064 5.757500171661377 20.207443237304688
1 177.0 22.95824432373047 19.421457290649414 25.948309898376465 5.807822227478027 20.140487670898438
1 178.0 22.826236724853516 19.321765899658203 25.922569751739502 5.836113452911377 20.086456298828125
1 179.0 22.769084930419922 19.21710777282715 25.951183319091797 5.937309265136719 20.013874053955078
1 180.0 22.812742233276367 19.199691772460938 25.975339889526367 6.059486389160156 19.91585350036621
1 181.0 22.878414154052734 19.20157241821289 26.109052658081055 6.234701156616211 19.874351501464844
1 182.0 23.039409637451172 19.279380798339844 26.24617099761963 6.413407325744629 19.832763671875
1 183.0 23.118844985961914 19.312009811401367 26.281991004943848 6.52939510345459 19.752595901489258
1 184.0 23.217586517333984 19.367355346679688 26.413293838500977 6.696495056152344 19.716798782348633
1 185.0 23.330108642578125 19.436351776123047 26.479612350463867 6.845464706420898 19.63414764404297
1 186.0 23.419464111328125 19.456743240356445 26.57685947418213 6.997004508972168 19.57985496520996
1 187.0 23.57851791381836 19.54035186767578 26.79229211807251 7.244997501373291 19.54729461669922
1 188.0 23.706043243408203 19.595186233520508 26.927444458007812 7.466547012329102 19.46089744567871
1 189.0 23.80060386657715 19.61212158203125 27.052937507629395 7.701180458068848 19.351757049560547
1 190.0 23.883586883544922 19.60064125061035 27.257425785064697 7.990017414093018 19.26740837097168
1 191.0 23.921722412109375 19.573543548583984 27.35283660888672 8.197710037231445 19.155126571655273
1 192.0 23.928943634033203 19.535888671875 27.376233100891113 8.312642097473145 19.06359100341797
1 193.0 23.813583374023438 19.4412784576416 27.382125854492188 8.381336212158203 19.000789642333984
1 194.0 23.637187957763672 19.3172550201416 27.350481033325195 8.425029754638672 18.925451278686523
1 195.0 23.553695678710938 19.27373695373535 27.271202087402344 8.492713928222656 18.778488159179688
1 196.0 23.57073402404785 19.303993225097656 27.29293441772461 8.605392456054688 18.687541961669922
1 197.0 23.56975555419922 19.319686889648438 27.307913780212402 8.728646278381348 18.579267501831055
1 198.0 23.491893768310547 19.311494827270508 27.230496406555176 8.792498588562012 18.437997817993164
1 199.0 23.34233856201172 19.279565811157227 27.146892547607422 8.813583374023438 18.333309173583984
1 200.0 23.169437408447266 19.241483688354492 27.00667095184326 8.826031684875488 18.180639266967773
1 201.0 23.0030517578125 19.195751190185547 26.878073692321777 8.854628562927246 18.02344512939453
1 202.0 22.840404510498047 19.10232925415039 26.77218532562256 8.856663703918457 17.9155216217041
1 203.0 22.71265411376953 19.00200080871582 26.729708671569824 8.898606300354004 17.83110237121582
1 204.0 22.6112003326416 18.937511444091797 26.622557640075684 8.922520637512207 17.700037002563477
1 205.0 22.52285385131836 18.894184112548828 26.62318706512451 9.040648460388184 17.582538604736328
1 206.0 22.47106170654297 18.864948272705078 26.620532989501953 9.16431999206543 17.456212997436523
1 207.0 22.39777374267578 18.825672149658203 26.57359790802002 9.274930000305176 17.298667907714844
1 208.0 22.28701400756836 18.763057708740234 26.55606460571289 9.38092041015625 17.17514419555664
1 209.0 22.177885055541992 18.683460235595703 26.475820541381836 9.475839614868164 16.999980926513672
1 210.0 22.058536529541016 18.598350524902344 26.425771713256836 9.543647766113281 16.882123947143555
1 211.0 21.93277359008789 18.51344108581543 26.36942958831787 9.592667579650879 16.776762008666992
1 212.0 21.786476135253906 18.440631866455078 26.272522926330566 9.646746635437012 16.625776290893555
1 213.0 21.653316497802734 18.39604949951172 26.17598247528076 9.743937492370605 16.432044982910156
1 214.0 21.519941329956055 18.33401870727539 26.032557487487793 9.832758903503418 16.199798583984375
1 215.0 21.39364242553711 18.26211929321289 25.948810577392578 9.956964492797852 15.991846084594727
1 216.0 21.265579223632812 18.165809631347656 25.837085723876953 10.060693740844727 15.776391983032227
1 217.0 21.16554069519043 18.064197540283203 25.756339073181152 10.1823091506958 15.574029922485352
1 218.0 21.07746124267578 17.973278045654297 25.7076997756958 10.327078819274902 15.380620956420898
1 219.0 20.958078384399414 17.88343048095703 25.62463665008545 10.442859649658203 15.181777000427246
1 220.0 20.76479721069336 17.772796630859375 25.460956573486328 10.480507850646973 14.980448722839355
1 221.0 20.534481048583984 17.643728256225586 25.24507236480713 10.49760627746582 14.747466087341309
1 222.0 20.310501098632812 17.49451446533203 25.089293479919434 10.559978485107422 14.529314994812012
1 223.0 20.117839813232422 17.34713363647461 24.912595748901367 10.602282524108887 14.31031322479248
1 224.0 19.88356590270996 17.207069396972656 24.687856674194336 10.648712158203125 14.039144515991211
1 225.0 19.565908432006836 17.009746551513672 24.351327896118164 10.67856216430664 13.672765731811523
1 226.0 19.230175018310547 16.792823791503906 23.978052139282227 10.683226585388184 13.294825553894043
1 227.0 18.93992805480957 16.576692581176758 23.682690620422363 10.731274604797363 12.951416015625
1 228.0 18.695858001708984 16.3843994140625 23.429641723632812 10.806907653808594 12.622734069824219
1 229.0 18.539142608642578 16.258106231689453 23.232072830200195 10.93603515625 12.296037673950195
1 230.0 18.408004760742188 16.192848205566406 23.112605094909668 11.088201522827148 12.02440357208252
1 231.0 18.233905792236328 16.100112915039062 22.954158782958984 11.253796577453613 11.700362205505371
1 232.0 17.966896057128906 15.958427429199219 22.688501358032227 11.35450553894043 11.333995819091797
1 233.0 17.66541290283203 15.807609558105469 22.418241500854492 11.474366188049316 10.943875312805176
1 234.0 17.3704833984375 15.639602661132812 21.972228050231934 11.545981407165527 10.426246643066406
1 235.0 17.06694793701172 15.472522735595703 21.499300956726074 11.66502571105957 9.834275245666504
1 236.0 16.814605712890625 15.34549617767334 21.013811111450195 11.75737190246582 9.256439208984375
1 237.0 16.556148529052734 15.23080825805664 20.597091674804688 11.893118858337402 8.703972816467285
1 238.0 16.28193473815918 15.111095428466797 20.124512672424316 11.967852592468262 8.156660079956055
1 239.0 16.033512115478516 14.979887008666992 19.67493772506714 12.02636432647705 7.648573398590088
1 240.0 15.761159896850586 14.812643051147461 19.141520500183105 12.080239295959473 7.061281204223633
1 241.0 15.522500991821289 14.646894454956055 18.541043758392334 12.137295722961426 6.403748035430908
1 242.0 15.308308601379395 14.526954650878906 18.13081169128418 12.221694946289062 5.909116744995117
1 243.0 15.078153610229492 14.428607940673828 17.80350351333618 12.30870246887207 5.494801044464111
1 244.0 14.790487289428711 14.339826583862305 17.440043449401855 12.34342098236084 5.096622467041016
1 245.0 14.512540817260742 14.275972366333008 16.99052333831787 12.338826179504395 4.651697158813477
1 246.0 14.260579109191895 14.242330551147461 16.61979913711548 12.327919006347656 4.291880130767822
1 247.0 14.049625396728516 14.237250328063965 16.322988986968994 12.316899299621582 4.006089687347412
1 248.0 13.886019706726074 14.254669189453125 16.11243200302124 12.346198081970215 3.7662339210510254
1 249.0 13.759438514709473 14.256514549255371 15.831080913543701 12.341135025024414 3.489945888519287
1 250.0 13.671831130981445 14.249125480651855 15.665371417999268 12.39666748046875 3.2687039375305176
1 251.0 13.582121849060059 14.226424217224121 15.43898344039917 12.428140640258789 3.010842800140381
1 252.0 13.525510787963867 14.189197540283203 15.311124563217163 12.535149574279785 2.775974988937378
1 253.0 13.48434829711914 14.21499252319336 15.15092921257019 12.628585815429688 2.522343397140503
1 254.0 13.463043212890625 14.287805557250977 15.020519971847534 12.748868942260742 2.271651029586792
1 255.0 13.409112930297852 14.352497100830078 14.848110914230347 12.799370765686035 2.0487401485443115
1 256.0 13.363938331604004 14.41209602355957 14.720299005508423 12.843779563903809 1.8765194416046143
1 257.0 13.32300090789795 14.476424217224121 14.633644580841064 12.895069122314453 1.7385754585266113
1 258.0 13.29690933227539 14.558937072753906 14.568820238113403 12.956185340881348 1.6126348972320557
1 259.0 13.278877258300781 14.637238502502441 14.52227783203125 13.015119552612305 1.5071582794189453
1 260.0 13.247373580932617 14.69236946105957 14.500818848609924 13.079009056091309 1.4218097925186157
1 261.0 13.192916870117188 14.76545238494873 14.44871985912323 13.091075897216797 1.357643961906433
1 262.0 13.140067100524902 14.847820281982422 14.390339016914368 13.081685066223145 1.3086539506912231
1 263.0 13.090560913085938 14.928621292114258 14.337349891662598 13.089622497558594 1.247727394104004
1 264.0 13.068157196044922 15.024230003356934 14.277202606201172 13.106439590454102 1.1707630157470703
1 265.0 13.066946983337402 15.135063171386719 14.210021257400513 13.118854522705078 1.0911667346954346
1 266.0 13.076432228088379 15.239770889282227 14.17775285243988 13.157289505004883 1.0204633474349976
1 267.0 13.045326232910156 15.287786483764648 14.15406984090805 13.189273834228516 0.9647960066795349
1 268.0 12.976460456848145 15.302779197692871 14.062672853469849 13.16162109375 0.9010517597198486
1 269.0 12.95493221282959 15.352500915527344 14.01621562242508 13.182764053344727 0.8334515690803528
1 270.0 12.971993446350098 15.451349258422852 14.010349154472351 13.251838684082031 0.7585104703903198
1 271.0 12.979476928710938 15.554513931274414 13.978788793087006 13.26937198638916 0.7094168066978455
1 272.0 12.990556716918945 15.648275375366211 13.97505670785904 13.288846015930176 0.6862106919288635
1 273.0 12.984166145324707 15.711933135986328 13.984465777873993 13.329665184020996 0.6548005938529968
1 274.0 12.974875450134277 15.758644104003906 14.044490814208984 13.404539108276367 0.6399517059326172
1 275.0 12.956427574157715 15.839749336242676 14.05280750989914 13.43970012664795 0.6131073832511902
1 276.0 12.931788444519043 15.949216842651367 13.996107399463654 13.42087173461914 0.5752356648445129
1 277.0 12.925324440002441 16.0356388092041 13.936298489570618 13.393237113952637 0.543061375617981
1 278.0 12.90524673461914 16.10724639892578 13.86663967370987 13.338018417358398 0.528621256351471
1 279.0 12.88078498840332 16.176084518432617 13.828586131334305 13.32878589630127 0.4998002350330353
1 280.0 12.854743003845215 16.232311248779297 13.779363602399826 13.307844161987305 0.47151944041252136
1 281.0 12.839996337890625 16.29206657409668 13.79193925857544 13.342759132385254 0.44918012619018555
1 282.0 12.853017807006836 16.394289016723633 13.789992809295654 13.37105655670166 0.41893625259399414
1 283.0 12.881778717041016 16.484895706176758 13.803300142288208 13.410921096801758 0.3923790454864502
1 284.0 12.903202056884766 16.582626342773438 13.809590369462967 13.432381629943848 0.37720873951911926
1 285.0 12.885540008544922 16.66240882873535 13.760131597518921 13.400111198425293 0.36002039909362793
1 286.0 12.833293914794922 16.731138229370117 13.651183187961578 13.307619094848633 0.34356409311294556
1 287.0 12.816574096679688 16.777442932128906 13.639997005462646 13.3023099899292 0.33768701553344727
1 288.0 12.827766418457031 16.857511520385742 13.709978014230728 13.379107475280762 0.33087053894996643
1 289.0 12.847610473632812 16.964292526245117 13.737285792827606 13.421462059020996 0.3158237338066101
1 290.0 12.873191833496094 17.053958892822266 13.777300864458084 13.473094940185547 0.30420592427253723
1 291.0 12.9262056350708 17.17318344116211 13.813391208648682 13.518403053283691 0.29498815536499023
1 292.0 12.996835708618164 17.302776336669922 13.900878250598907 13.617950439453125 0.28292781114578247
1 293.0 13.006080627441406 17.37838363647461 13.877236306667328 13.603580474853516 0.27365583181381226
1 294.0 12.994665145874023 17.451522827148438 13.877491861581802 13.607749938964844 0.2697419226169586
1 295.0 13.011903762817383 17.54186248779297 13.915603026747704 13.671283721923828 0.24431930482387543
1 296.0 13.069680213928223 17.623714447021484 13.95944832265377 13.727109909057617 0.23233841359615326
1 297.0 13.078605651855469 17.706832885742188 13.973368495702744 13.750834465026855 0.22253403067588806
1 298.0 13.12087345123291 17.817441940307617 14.004375219345093 13.785983085632324 0.21839213371276855
1 299.0 13.151095390319824 17.932266235351562 14.043099582195282 13.842874526977539 0.20022505521774292
1 300.0 13.18027114868164 18.057350158691406 14.067121416330338 13.878287315368652 0.18883410096168518
1 301.0 13.181802749633789 18.16046905517578 14.103081375360489 13.9240140914917 0.17906728386878967
1 302.0 13.138324737548828 18.206525802612305 14.105095654726028 13.926189422607422 0.17890623211860657
1 303.0 13.086875915527344 18.25379753112793 14.028964146971703 13.850835800170898 0.17812834680080414
1 304.0 13.085257530212402 18.32852554321289 14.009856775403023 13.829161643981934 0.18069513142108917
1 305.0 13.078991889953613 18.392545700073242 13.978734269738197 13.805839538574219 0.17289473116397858
1 306.0 13.090036392211914 18.48933982849121 13.979637160897255 13.817595481872559 0.16204167902469635
1 307.0 13.093310356140137 18.57954978942871 13.994370937347412 13.83984375 0.1545271873474121
1 308.0 13.131481170654297 18.67991828918457 14.01466853916645 13.861871719360352 0.15279681980609894
1 309.0 13.162056922912598 18.764629364013672 14.022928535938263 13.86922836303711 0.15370017290115356
1 310.0 13.189491271972656 18.842763900756836 14.048592150211334 13.901960372924805 0.14663177728652954
1 311.0 13.220576286315918 18.923376083374023 14.098563492298126 13.94739055633545 0.151172935962677
1 312.0 13.22829818725586 18.987722396850586 14.122737020254135 13.967009544372559 0.15572747588157654
1 313.0 13.21252155303955 19.026662826538086 14.109500393271446 13.960564613342285 0.14893577992916107
1 314.0 13.21100902557373 19.058252334594727 14.119849815964699 13.971512794494629 0.14833702147006989
1 315.0 13.19130802154541 19.113204956054688 14.088009670376778 13.936100959777832 0.15190871059894562
1 316.0 13.14903736114502 19.172176361083984 14.074271976947784 13.92289924621582 0.1513727307319641
1 317.0 13.109136581420898 19.21381950378418 14.026709839701653 13.878662109375 0.14804773032665253
1 318.0 13.077190399169922 19.247159957885742 13.96637937426567 13.816393852233887 0.14998552203178406
1 319.0 13.046504020690918 19.273447036743164 13.920361444354057 13.763559341430664 0.15680210292339325
1 320.0 13.036613464355469 19.317211151123047 13.903672844171524 13.743947982788086 0.1597248613834381
1 321.0 13.04162311553955 19.386341094970703 13.888141795992851 13.718222618103027 0.1699191778898239
1 322.0 13.023058891296387 19.426620483398438 13.916236653923988 13.736617088317871 0.17961956560611725
1 323.0 13.031545639038086 19.47926139831543 13.894921272993088 13.702696800231934 0.19222447276115417
1 324.0 13.035975456237793 19.535362243652344 13.870313704013824 13.660545349121094 0.2097683548927307
1 325.0 13.035401344299316 19.59551429748535 13.889391079545021 13.67160701751709 0.2177840620279312
1 326.0 13.038750648498535 19.658832550048828 13.855264067649841 13.639312744140625 0.2159513235092163
1 327.0 13.020125389099121 19.70965003967285 13.839913055300713 13.626799583435059 0.213113471865654
1 328.0 12.994086265563965 19.755111694335938 13.82835279405117 13.605056762695312 0.22329603135585785
1 329.0 12.97896957397461 19.78634262084961 13.839439332485199 13.596015930175781 0.24342340230941772
1 330.0 12.995659828186035 19.808998107910156 13.906764715909958 13.611170768737793 0.2955939471721649
1 331.0 13.008549690246582 19.83483123779297 13.928754359483719 13.588155746459961 0.34059861302375793
1 332.0 13.026439666748047 19.878082275390625 13.939817726612091 13.548348426818848 0.3914692997932434
1 333.0 13.058680534362793 19.95022964477539 13.966973602771759 13.527257919311523 0.4397156834602356
1 334.0 13.07917308807373 20.04038429260254 14.024397015571594 13.535820007324219 0.4885770082473755
1 335.0 13.106860160827637 20.12928581237793 14.021269261837006 13.505663871765137 0.5156053900718689
1 336.0 13.132333755493164 20.177478790283203 14.073606491088867 13.506767272949219 0.5668392181396484
1 337.0 13.15406322479248 20.218948364257812 14.11791580915451 13.4969482421875 0.6209675669670105
1 338.0 13.17099666595459 20.25226402282715 14.158305406570435 13.496349334716797 0.6619560718536377
1 339.0 13.200270652770996 20.2835750579834 14.195742964744568 13.475027084350586 0.7207158803939819
1 340.0 13.224486351013184 20.337539672851562 14.26069700717926 13.460537910461426 0.8001590967178345
1 341.0 13.277284622192383 20.382461547851562 14.363664031028748 13.446070671081543 0.9175933599472046
1 342.0 13.317001342773438 20.446176528930664 14.45645785331726 13.436567306518555 1.019890546798706
1 343.0 13.337665557861328 20.50000762939453 14.497765898704529 13.392539978027344 1.105225920677185
1 344.0 13.337604522705078 20.53664779663086 14.521930456161499 13.348631858825684 1.1732985973358154
1 345.0 13.386946678161621 20.578350067138672 14.555854082107544 13.304496765136719 1.2513573169708252
1 346.0 13.43918514251709 20.62403106689453 14.616085529327393 13.258454322814941 1.3576312065124512
1 347.0 13.480576515197754 20.676416397094727 14.616692543029785 13.195688247680664 1.421004295349121
1 348.0 13.527289390563965 20.724363327026367 14.687668204307556 13.166998863220215 1.5206693410873413
1 349.0 13.580678939819336 20.777389526367188 14.735352158546448 13.14533805847168 1.590014100074768
1 350.0 13.629579544067383 20.812332153320312 14.80891728401184 13.153482437133789 1.6554348468780518
1 351.0 13.733426094055176 20.860754013061523 14.948492527008057 13.125152587890625 1.8233399391174316
1 352.0 13.825798034667969 20.895200729370117 15.038819074630737 13.06556224822998 1.9732568264007568
1 353.0 13.880931854248047 20.924285888671875 15.114582300186157 13.029963493347168 2.0846188068389893
1 354.0 13.895999908447266 20.94733238220215 15.165927410125732 12.996625900268555 2.1693015098571777
1 355.0 13.930986404418945 20.968379974365234 15.246452331542969 12.961531639099121 2.2849206924438477
1 356.0 13.936887741088867 20.978235244750977 15.251769065856934 12.910500526428223 2.341268539428711
1 357.0 13.957830429077148 20.972312927246094 15.262880563735962 12.854952812194824 2.4079277515411377
1 358.0 13.990754127502441 20.958383560180664 15.288350820541382 12.79930591583252 2.4890449047088623
1 359.0 14.006804466247559 20.926206588745117 15.370289087295532 12.786911010742188 2.5833780765533447
1 360.0 14.050317764282227 20.903522491455078 15.462642431259155 12.764174461364746 2.698467969894409
1 361.0 14.085671424865723 20.8997859954834 15.518216848373413 12.741491317749023 2.7767255306243896
1 362.0 14.157697677612305 20.912681579589844 15.617063760757446 12.69796085357666 2.919102907180786
1 363.0 14.174219131469727 20.928442001342773 15.69359016418457 12.665229797363281 3.028360366821289
1 364.0 14.186216354370117 20.95949363708496 15.71972942352295 12.578593254089355 3.1411361694335938
1 365.0 14.23330307006836 20.992341995239258 15.775381803512573 12.491342544555664 3.284039258956909
1 366.0 14.291949272155762 21.037172317504883 15.833946228027344 12.434013366699219 3.399932861328125
2 1.0 18.28156280517578 28.111845016479492 20.38005304336548 12.716416358947754 7.663636684417725
2 2.0 18.305450439453125 28.01324462890625 20.479164123535156 12.68883991241455 7.7903242111206055
2 3.0 18.42372703552246 27.96039390563965 20.674680709838867 12.701740264892578 7.972940444946289
2 4.0 18.562654495239258 27.854848861694336 20.86964511871338 12.704482078552246 8.165163040161133
2 5.0 18.74247932434082 27.835168838500977 21.028464317321777 12.67425537109375 8.354208946228027
2 6.0 18.860841751098633 27.89229965209961 21.160212516784668 12.621922492980957 8.538290023803711
2 7.0 18.966053009033203 27.896347045898438 21.30757236480713 12.565383911132812 8.742188453674316
2 8.0 19.122007369995117 27.903345108032227 21.44073486328125 12.5100679397583 8.93066692352295
2 9.0 19.23569107055664 27.880674362182617 21.550990104675293 12.463373184204102 9.087616920471191
2 10.0 19.336580276489258 27.848722457885742 21.678658485412598 12.416779518127441 9.261878967285156
2 11.0 19.41783905029297 27.822673797607422 21.779126167297363 12.371150016784668 9.407976150512695
2 12.0 19.523571014404297 27.81134796142578 21.898387908935547 12.309672355651855 9.588715553283691
2 13.0 19.68105697631836 27.770849227905273 22.05718994140625 12.260208129882812 9.796981811523438
2 14.0 19.759138107299805 27.70026969909668 22.208770751953125 12.257872581481934 9.950898170471191
2 15.0 19.874807357788086 27.633228302001953 22.342963218688965 12.193243980407715 10.14971923828125
2 16.0 20.022987365722656 27.590999603271484 22.54431915283203 12.16447639465332 10.379842758178711
2 17.0 20.122310638427734 27.502246856689453 22.661577224731445 12.10204029083252 10.559536933898926
2 18.0 20.26961898803711 27.418460845947266 22.836461067199707 11.996084213256836 10.840376853942871
2 19.0 20.30777359008789 27.2922420501709 22.928138732910156 11.92807388305664 11.000064849853516
2 20.0 20.322391510009766 27.204580307006836 23.020030975341797 11.829690933227539 11.190340042114258
2 21.0 20.398571014404297 27.14871597290039 23.10262680053711 11.726042747497559 11.37658405303955
2 22.0 20.488052368164062 27.081594467163086 23.223682403564453 11.647337913513184 11.57634449005127
2 23.0 20.606182098388672 27.01951789855957 23.3933162689209 11.626784324645996 11.766531944274902
2 24.0 20.694263458251953 26.92140769958496 23.47274112701416 11.573307037353516 11.899434089660645
2 25.0 20.702598571777344 26.748937606811523 23.531058311462402 11.547139167785645 11.983919143676758
2 26.0 20.709735870361328 26.56352996826172 23.672487258911133 11.50951099395752 12.162976264953613
2 27.0 20.628087997436523 26.34429931640625 23.619317054748535 11.47329330444336 12.146023750305176
2 28.0 20.610862731933594 26.178728103637695 23.6360502243042 11.416150093078613 12.219900131225586
2 29.0 20.669937133789062 26.06304931640625 23.635947227478027 11.328783988952637 12.30716323852539
2 30.0 20.743867874145508 25.91232681274414 23.68146514892578 11.227436065673828 12.454029083251953
2 31.0 20.849193572998047 25.724559783935547 23.869397163391113 11.170174598693848 12.699222564697266
2 32.0 20.890844345092773 25.531028747558594 23.932127952575684 11.104194641113281 12.827933311462402
2 33.0 20.981327056884766 25.343162536621094 24.06074047088623 11.027832984924316 13.032907485961914
2 34.0 21.01453399658203 25.170764923095703 24.14188289642334 10.944415092468262 13.197467803955078
2 35.0 21.006717681884766 24.99722671508789 24.197978019714355 10.833489418029785 13.36448860168457
2 36.0 21.0054931640625 24.826377868652344 24.2678279876709 10.714224815368652 13.553603172302246
2 37.0 20.914718627929688 24.613224029541016 24.298712730407715 10.604231834411621 13.694480895996094
2 38.0 20.85757064819336 24.383716583251953 24.330805778503418 10.526742935180664 13.804062843322754
2 39.0 20.85552215576172 24.165199279785156 24.40276527404785 10.444036483764648 13.958728790283203
2 40.0 20.895578384399414 23.968555450439453 24.422088623046875 10.32055377960205 14.101534843444824
2 41.0 20.951698303222656 23.823402404785156 24.370893478393555 10.17626953125 14.194623947143555
2 42.0 21.023075103759766 23.68273162841797 24.394984245300293 10.049856185913086 14.345128059387207
2 43.0 21.009033203125 23.48685646057129 24.416754722595215 9.92226505279541 14.494489669799805
2 44.0 20.96146583557129 23.315715789794922 24.44564914703369 9.799622535705566 14.646026611328125
2 45.0 21.001258850097656 23.167312622070312 24.48526668548584 9.688729286193848 14.796537399291992
2 46.0 21.10953712463379 22.986106872558594 24.6193904876709 9.581174850463867 15.038215637207031
2 47.0 21.190603256225586 22.843015670776367 24.696858406066895 9.473265647888184 15.223592758178711
2 48.0 21.153165817260742 22.69449806213379 24.69887065887451 9.355439186096191 15.34343147277832
2 49.0 21.057674407958984 22.464218139648438 24.715200424194336 9.265946388244629 15.449254035949707
2 50.0 21.02314567565918 22.214994430541992 24.712510108947754 9.19199275970459 15.520517349243164
2 51.0 21.03563690185547 22.035375595092773 24.704391479492188 9.071484565734863 15.632906913757324
2 52.0 21.042757034301758 21.866941452026367 24.734142303466797 8.976945877075195 15.757196426391602
2 53.0 21.036579132080078 21.69513702392578 24.773730278015137 8.887609481811523 15.886120796203613
2 54.0 21.024404525756836 21.511310577392578 24.745038986206055 8.777703285217285 15.96733570098877
2 55.0 21.01880645751953 21.326370239257812 24.744954109191895 8.666718482971191 16.078235626220703
2 56.0 20.957550048828125 21.14409637451172 24.702536582946777 8.548737525939941 16.153799057006836
2 57.0 20.921924591064453 20.948484420776367 24.68809700012207 8.44129753112793 16.24679946899414
2 58.0 20.931320190429688 20.758747100830078 24.67466640472412 8.305228233337402 16.36943817138672
2 59.0 20.986366271972656 20.582763671875 24.68081760406494 8.207489967346191 16.47332763671875
2 60.0 21.00137710571289 20.395854949951172 24.634465217590332 8.097298622131348 16.537166595458984
2 61.0 20.999364852905273 20.21079444885254 24.629137992858887 8.017485618591309 16.611652374267578
2 62.0 21.008262634277344 20.032907485961914 24.657114505767822 7.927492618560791 16.72962188720703
2 63.0 20.990928649902344 19.869070053100586 24.644381523132324 7.862845420837402 16.781536102294922
2 64.0 20.935195922851562 19.7196102142334 24.62068510055542 7.793548107147217 16.827136993408203
2 65.0 20.89267349243164 19.54644203186035 24.645756721496582 7.730290412902832 16.91546630859375
2 66.0 20.861873626708984 19.367252349853516 24.61512851715088 7.626513481140137 16.988615036010742
2 67.0 20.832853317260742 19.18741226196289 24.58935546875 7.521965026855469 17.06739044189453
2 68.0 20.734699249267578 18.95431137084961 24.621196269989014 7.44354772567749 17.177648544311523
2 69.0 20.64594268798828 18.73004150390625 24.579713344573975 7.340056896209717 17.239656448364258
2 70.0 20.579240798950195 18.543102264404297 24.55095338821411 7.2304768562316895 17.320476531982422
2 71.0 20.49332046508789 18.364625930786133 24.456519603729248 7.074683666229248 17.3818359375
2 72.0 20.42877197265625 18.203996658325195 24.38739252090454 6.930237293243408 17.457155227661133
2 73.0 20.439899444580078 18.069313049316406 24.402896404266357 6.8037943840026855 17.599102020263672
2 74.0 20.460012435913086 17.922983169555664 24.394537448883057 6.712189197540283 17.682348251342773
2 75.0 20.428640365600586 17.780223846435547 24.363726139068604 6.602415561676025 17.761310577392578
2 76.0 20.394609451293945 17.66634178161621 24.36122751235962 6.5085225105285645 17.852705001831055
2 77.0 20.356700897216797 17.554229736328125 24.39436960220337 6.408899784088135 17.985469818115234
2 78.0 20.334712982177734 17.475191116333008 24.353951930999756 6.294145107269287 18.05980682373047
2 79.0 20.360219955444336 17.410003662109375 24.36153745651245 6.18495512008667 18.17658233642578
2 80.0 20.38447380065918 17.342304229736328 24.36933183670044 6.078907489776611 18.290424346923828
2 81.0 20.394485473632812 17.29875946044922 24.381649494171143 5.972355365753174 18.40929412841797
2 82.0 20.417078018188477 17.219606399536133 24.42556667327881 5.881787300109863 18.543779373168945
2 83.0 20.40921401977539 17.154102325439453 24.40208625793457 5.791860580444336 18.610225677490234
2 84.0 20.35725975036621 17.036991119384766 24.36671495437622 5.720448017120361 18.64626693725586
2 85.0 20.340721130371094 16.901470184326172 24.37446880340576 5.665152549743652 18.70931625366211
2 86.0 20.39453125 16.807964324951172 24.426140308380127 5.607870578765869 18.818269729614258
2 87.0 20.384401321411133 16.707805633544922 24.46126651763916 5.568520545959473 18.892745971679688
2 88.0 20.358413696289062 16.61040496826172 24.48698329925537 5.525792121887207 18.961191177368164
2 89.0 20.401615142822266 16.558815002441406 24.500051975250244 5.476078510284424 19.02397346496582
2 90.0 20.40514373779297 16.490148544311523 24.563716888427734 5.43275260925293 19.130964279174805
2 91.0 20.393253326416016 16.435483932495117 24.544522285461426 5.374001502990723 19.170520782470703
2 92.0 20.360116958618164 16.39088249206543 24.480308532714844 5.312246322631836 19.168062210083008
2 93.0 20.394149780273438 16.355331420898438 24.515416145324707 5.261902809143066 19.25351333618164
2 94.0 20.440462112426758 16.359107971191406 24.518049240112305 5.187223434448242 19.330825805664062
2 95.0 20.44762420654297 16.37726593017578 24.47374391555786 5.11106538772583 19.36267852783203
2 96.0 20.40922737121582 16.361757278442383 24.44108533859253 5.046895503997803 19.394189834594727
2 97.0 20.372089385986328 16.351409912109375 24.34590435028076 4.955914497375488 19.389989852905273
2 98.0 20.351177215576172 16.318866729736328 24.301065921783447 4.869448184967041 19.431617736816406
2 99.0 20.31334686279297 16.27325439453125 24.25217628479004 4.8066864013671875 19.44548988342285
2 100.0 20.274288177490234 16.25973129272461 24.179684162139893 4.731955051422119 19.447729110717773
2 101.0 20.338953018188477 16.27349853515625 24.108876705169678 4.642476558685303 19.466400146484375
2 102.0 20.34516143798828 16.23297119140625 24.067774295806885 4.543821811676025 19.52395248413086
2 103.0 20.386096954345703 16.226816177368164 24.079659938812256 4.484965801239014 19.594694137573242
2 104.0 20.433191299438477 16.232799530029297 24.082067489624023 4.426305770874023 19.65576171875
2 105.0 20.466657638549805 16.26080322265625 24.07830810546875 4.380809783935547 19.697498321533203
2 106.0 20.526430130004883 16.306222915649414 24.090359210968018 4.343517780303955 19.746841430664062
2 107.0 20.563692092895508 16.3472843170166 24.13053035736084 4.303631782531738 19.8268985748291
2 108.0 20.551664352416992 16.376941680908203 24.112956047058105 4.220396995544434 19.892559051513672
2 109.0 20.568660736083984 16.411170959472656 24.17455244064331 4.1677565574646 20.00679588317871
2 110.0 20.552656173706055 16.444215774536133 24.23271417617798 4.098499774932861 20.134214401245117
2 111.0 20.545082092285156 16.499156951904297 24.20987033843994 4.035361289978027 20.174509048461914
2 112.0 20.543170928955078 16.566429138183594 24.145126819610596 3.9484333992004395 20.196693420410156
2 113.0 20.54631233215332 16.619152069091797 24.201111793518066 3.8737497329711914 20.327362060546875
2 114.0 20.599721908569336 16.68309783935547 24.223557233810425 3.8244216442108154 20.39913558959961
2 115.0 20.646770477294922 16.765819549560547 24.213632106781006 3.7822985649108887 20.431333541870117
2 116.0 20.687265396118164 16.838468551635742 24.110934495925903 3.6794960498809814 20.431438446044922
2 117.0 20.691476821899414 16.898357391357422 24.052606105804443 3.6136012077331543 20.43900489807129
2 118.0 20.669937133789062 16.96011734008789 24.00197458267212 3.5477547645568848 20.454219818115234
2 119.0 20.647336959838867 16.99504280090332 23.950899362564087 3.470196008682251 20.480703353881836
2 120.0 20.656818389892578 17.032302856445312 23.851855039596558 3.406658887863159 20.4451961517334
2 121.0 20.651090621948242 17.032196044921875 23.889315366744995 3.379196882247925 20.51011848449707
2 122.0 20.668277740478516 17.038963317871094 23.884456872940063 3.3553011417388916 20.529155731201172
2 123.0 20.68911361694336 17.070903778076172 23.921435356140137 3.3184194564819336 20.603015899658203
2 124.0 20.745615005493164 17.075260162353516 23.96061062812805 3.287156343460083 20.67345428466797
2 125.0 20.871545791625977 17.081506729125977 23.992876291275024 3.292320489883423 20.7005558013916
2 126.0 20.961910247802734 17.117023468017578 24.125728845596313 3.3100035190582275 20.815725326538086
2 127.0 20.94373321533203 17.146451950073242 24.154227256774902 3.289841651916504 20.8643856048584
2 128.0 20.933517456054688 17.187715530395508 24.15945601463318 3.269000768661499 20.89045524597168
2 129.0 20.896739959716797 17.20176124572754 24.09728503227234 3.249626874923706 20.847658157348633
2 130.0 20.808326721191406 17.162988662719727 24.06750988960266 3.234698534011841 20.83281135559082
2 131.0 20.761810302734375 17.136030197143555 23.99188494682312 3.20849871635437 20.78338623046875
2 132.0 20.797204971313477 17.153554916381836 24.008211135864258 3.1912975311279297 20.816913604736328
2 133.0 20.892118453979492 17.227447509765625 24.037227630615234 3.1585845947265625 20.878643035888672
2 134.0 20.89849281311035 17.305885314941406 24.015101671218872 3.1068146228790283 20.908287048339844
2 135.0 20.83293914794922 17.410200119018555 23.93576669692993 3.0637364387512207 20.87203025817871
2 136.0 20.80581283569336 17.5291748046875 23.847211599349976 3.004432439804077 20.8427791595459
2 137.0 20.777942657470703 17.607500076293945 23.795424461364746 2.9409570693969727 20.854467391967773
2 138.0 20.796602249145508 17.729948043823242 23.742692947387695 2.9110774993896484 20.831615447998047
2 139.0 20.82976531982422 17.879297256469727 23.708301544189453 2.889972686767578 20.818328857421875
2 140.0 20.824766159057617 17.981630325317383 23.67038130760193 2.8575685024261475 20.81281280517578
2 141.0 20.830223083496094 18.062084197998047 23.637648344039917 2.8179290294647217 20.819719314575195
2 142.0 20.866029739379883 18.0967960357666 23.65382742881775 2.8145978450775146 20.839229583740234
2 143.0 20.969141006469727 18.180896759033203 23.71351194381714 2.848720073699951 20.864791870117188
2 144.0 21.033498764038086 18.274518966674805 23.79637098312378 2.8885245323181152 20.907846450805664
2 145.0 21.05266571044922 18.3167781829834 23.770732164382935 2.9068710803985596 20.863861083984375
2 146.0 21.086875915527344 18.402814865112305 23.811248779296875 2.9274826049804688 20.883766174316406
2 147.0 21.12406349182129 18.50528907775879 23.84817934036255 2.959686756134033 20.888492584228516
2 148.0 21.155874252319336 18.585418701171875 23.873398780822754 2.9868173599243164 20.886581420898438
2 149.0 21.23841094970703 18.665790557861328 23.928003549575806 3.0173399448394775 20.910663604736328
2 150.0 21.31992530822754 18.779075622558594 23.91091752052307 3.0325605869293213 20.87835693359375
2 151.0 21.4476375579834 18.902956008911133 23.931376218795776 3.039005994796753 20.892370223999023
2 152.0 21.59364891052246 19.030723571777344 23.983677625656128 3.0935866832733154 20.890090942382812
2 153.0 21.77867889404297 19.185340881347656 24.202168226242065 3.273545026779175 20.92862319946289
2 154.0 22.05236053466797 19.352697372436523 24.391933917999268 3.4071030616760254 20.984830856323242
2 155.0 22.291786193847656 19.494935989379883 24.541306495666504 3.5386247634887695 21.002681732177734
2 156.0 22.501998901367188 19.684185028076172 24.734802722930908 3.709536075592041 21.025266647338867
2 157.0 22.612995147705078 19.837228775024414 24.82789897918701 3.820479393005371 21.00741958618164
2 158.0 22.628467559814453 19.906322479248047 24.901549100875854 3.9225852489471436 20.97896385192871
2 159.0 22.614187240600586 19.92793846130371 24.94282579421997 4.023642063140869 20.9191837310791
2 160.0 22.67050552368164 19.918766021728516 25.101574897766113 4.219973564147949 20.881601333618164
2 161.0 22.80374526977539 19.979631423950195 25.252323150634766 4.343910217285156 20.90841293334961
2 162.0 22.871746063232422 20.059810638427734 25.296762943267822 4.365650653839111 20.93111228942871
2 163.0 22.944425582885742 20.122268676757812 25.33770751953125 4.449731826782227 20.887975692749023
2 164.0 23.034435272216797 20.189857482910156 25.379831314086914 4.512260437011719 20.867570877075195
2 165.0 23.091882705688477 20.292465209960938 25.460054397583008 4.585805892944336 20.874248504638672
2 166.0 23.09872817993164 20.343955993652344 25.485837936401367 4.665317535400391 20.820520401000977
2 167.0 23.116260528564453 20.41301155090332 25.556662559509277 4.730776786804199 20.825885772705078
2 168.0 23.126815795898438 20.43902587890625 25.555094718933105 4.797884941101074 20.75720977783203
2 169.0 23.10472297668457 20.456558227539062 25.571447372436523 4.85173225402832 20.719715118408203
2 170.0 23.094892501831055 20.471952438354492 25.634681701660156 4.969730377197266 20.66495132446289
2 171.0 23.134632110595703 20.518266677856445 25.72562313079834 5.113823890686035 20.611799240112305
2 172.0 23.127483367919922 20.50399398803711 25.753546714782715 5.226346015930176 20.52720069885254
2 173.0 23.068714141845703 20.454343795776367 25.764620304107666 5.327322483062744 20.437297821044922
2 174.0 23.025123596191406 20.439083099365234 25.813485622406006 5.479926586151123 20.333559036254883
2 175.0 22.990413665771484 20.417110443115234 25.833911895751953 5.623176574707031 20.210735321044922
2 176.0 23.07282257080078 20.4329776763916 25.896962642669678 5.77925443649292 20.117708206176758
2 177.0 23.174623489379883 20.46222496032715 25.95395565032959 5.908999443054199 20.04495620727539
2 178.0 23.225021362304688 20.476316452026367 25.997411251068115 6.010087490081787 19.987323760986328
2 179.0 23.220487594604492 20.46715545654297 26.01533794403076 6.11618709564209 19.899150848388672
2 180.0 23.2740478515625 20.473468780517578 26.084348678588867 6.253458023071289 19.830890655517578
2 181.0 23.354568481445312 20.480560302734375 26.195879459381104 6.438604831695557 19.757274627685547
2 182.0 23.419357299804688 20.468910217285156 26.32717800140381 6.595688819885254 19.731489181518555
2 183.0 23.477025985717773 20.536394119262695 26.409270763397217 6.741244792938232 19.668025970458984
2 184.0 23.525455474853516 20.6021728515625 26.373982906341553 6.854766368865967 19.519216537475586
2 185.0 23.562515258789062 20.623741149902344 26.531771183013916 7.014761447906494 19.517009735107422
2 186.0 23.62150764465332 20.665794372558594 26.63206672668457 7.157115936279297 19.474950790405273
2 187.0 23.714078903198242 20.772903442382812 26.675873279571533 7.329365253448486 19.346508026123047
2 188.0 23.777469635009766 20.82894515991211 26.79469108581543 7.482189178466797 19.312501907348633
2 189.0 23.793197631835938 20.82779884338379 26.838057041168213 7.588009357452393 19.25004768371582
2 190.0 23.78179168701172 20.8021183013916 26.869697093963623 7.699000835418701 19.170696258544922
2 191.0 23.723621368408203 20.73224639892578 26.917447566986084 7.817708492279053 19.09973907470703
2 192.0 23.65495491027832 20.67860221862793 26.89509630203247 7.909046649932861 18.98604965209961
2 193.0 23.60818099975586 20.622512817382812 26.920930862426758 8.007936477661133 18.912994384765625
2 194.0 23.565204620361328 20.572586059570312 26.925508499145508 8.103252410888672 18.822256088256836
2 195.0 23.522750854492188 20.527130126953125 26.938715934753418 8.231867790222168 18.70684814453125
2 196.0 23.430423736572266 20.461721420288086 26.934770584106445 8.316387176513672 18.618383407592773
2 197.0 23.297523498535156 20.373085021972656 26.89759922027588 8.356297492980957 18.541301727294922
2 198.0 23.165639877319336 20.26207733154297 26.818300247192383 8.434514999389648 18.383785247802734
2 199.0 23.0078125 20.105792999267578 26.82276153564453 8.531944274902344 18.290817260742188
2 200.0 22.919801712036133 20.006874084472656 26.77390480041504 8.603744506835938 18.1701602935791
2 201.0 22.803285598754883 19.92432403564453 26.630732536315918 8.674654960632324 17.956077575683594
2 202.0 22.674604415893555 19.841480255126953 26.549551963806152 8.750344276428223 17.79920768737793
2 203.0 22.55451202392578 19.736583709716797 26.53600311279297 8.867116928100586 17.668886184692383
2 204.0 22.443357467651367 19.623945236206055 26.437905311584473 8.963976860046387 17.473928451538086
2 205.0 22.331331253051758 19.542861938476562 26.35076332092285 9.054729461669922 17.29603385925293
2 206.0 22.20121192932129 19.430400848388672 26.28854465484619 9.174897193908691 17.1136474609375
2 207.0 22.032817840576172 19.280733108520508 26.170429229736328 9.244146347045898 16.92628288269043
2 208.0 21.900299072265625 19.156841278076172 26.07673931121826 9.3277006149292 16.749038696289062
2 209.0 21.731834411621094 19.034536361694336 25.919541358947754 9.386855125427246 16.532686233520508
2 210.0 21.488861083984375 18.907699584960938 25.69048023223877 9.426796913146973 16.263683319091797
2 211.0 21.25415802001953 18.76669692993164 25.49339485168457 9.500895500183105 15.992499351501465
2 212.0 21.07787322998047 18.58777618408203 25.373586654663086 9.577123641967773 15.796463012695312
2 213.0 20.94854736328125 18.514728546142578 25.285093307495117 9.671116828918457 15.61397647857666
2 214.0 20.792163848876953 18.453746795654297 25.15815544128418 9.749601364135742 15.408554077148438
2 215.0 20.593198776245117 18.351591110229492 24.982638359069824 9.827651977539062 15.154986381530762
2 216.0 20.322917938232422 18.172462463378906 24.773345947265625 9.89426040649414 14.879085540771484
2 217.0 19.98422622680664 17.98012924194336 24.517340660095215 9.915298461914062 14.602042198181152
2 218.0 19.67660140991211 17.84538459777832 24.28419017791748 9.94775104522705 14.33643913269043
2 219.0 19.430927276611328 17.719844818115234 24.0332612991333 9.995150566101074 14.038110733032227
2 220.0 19.169883728027344 17.586589813232422 23.613176345825195 10.00043773651123 13.612738609313965
2 221.0 18.84206771850586 17.42905616760254 23.184228897094727 10.00578784942627 13.178441047668457
2 222.0 18.548831939697266 17.277694702148438 22.791532516479492 10.012457847595215 12.779074668884277
2 223.0 18.256593704223633 17.130041122436523 22.43546772003174 10.012887001037598 12.42258071899414
2 224.0 18.04360580444336 17.015987396240234 22.106332778930664 10.057669639587402 12.048663139343262
2 225.0 17.94306755065918 16.923967361450195 21.92995834350586 10.201081275939941 11.728877067565918
2 226.0 17.795385360717773 16.807262420654297 21.732999801635742 10.316083908081055 11.416915893554688
2 227.0 17.56683349609375 16.68408966064453 21.49425506591797 10.42028522491455 11.073969841003418
2 228.0 17.38483238220215 16.527921676635742 21.257234573364258 10.609111785888672 10.648122787475586
2 229.0 17.19915199279785 16.387218475341797 21.038626670837402 10.700721740722656 10.337904930114746
2 230.0 16.969745635986328 16.277204513549805 20.765957832336426 10.77393627166748 9.992021560668945
2 231.0 16.758956909179688 16.195297241210938 20.401753425598145 10.81247329711914 9.589280128479004
2 232.0 16.57485580444336 16.122852325439453 20.11543560028076 10.859062194824219 9.256373405456543
2 233.0 16.373760223388672 16.005889892578125 19.79625129699707 10.916226387023926 8.880024909973145
2 234.0 16.19235610961914 15.897687911987305 19.494937896728516 10.977544784545898 8.517393112182617
2 235.0 16.03330421447754 15.801297187805176 19.247638702392578 11.019920349121094 8.227718353271484
2 236.0 15.894309997558594 15.720222473144531 19.009347915649414 11.098932266235352 7.9104156494140625
2 237.0 15.748550415039062 15.656438827514648 18.73565149307251 11.172983169555664 7.562668323516846
2 238.0 15.550341606140137 15.578254699707031 18.41503095626831 11.243972778320312 7.171058177947998
2 239.0 15.356861114501953 15.522282600402832 18.095874786376953 11.310025215148926 6.785849571228027
2 240.0 15.168546676635742 15.460948944091797 17.76690101623535 11.337361335754395 6.429539680480957
2 241.0 15.00039291381836 15.394027709960938 17.555922508239746 11.38459300994873 6.171329498291016
2 242.0 14.841032028198242 15.308555603027344 17.445618152618408 11.465343475341797 5.980274677276611
2 243.0 14.693597793579102 15.224733352661133 17.288057804107666 11.523224830627441 5.764832973480225
2 244.0 14.512964248657227 15.111336708068848 17.14192295074463 11.583673477172852 5.558249473571777
2 245.0 14.30896282196045 15.007829666137695 16.840113639831543 11.60927677154541 5.230836868286133
2 246.0 14.131155014038086 14.942618370056152 16.601226806640625 11.656468391418457 4.944758415222168
2 247.0 13.969072341918945 14.891365051269531 16.39967393875122 11.684379577636719 4.715294361114502
2 248.0 13.841230392456055 14.857284545898438 16.144306659698486 11.707972526550293 4.436334133148193
2 249.0 13.699212074279785 14.824113845825195 15.866430282592773 11.733129501342773 4.13330078125
2 250.0 13.517030715942383 14.783448219299316 15.5347580909729 11.71203327178955 3.8227248191833496
2 251.0 13.353419303894043 14.744050979614258 15.251181840896606 11.73232650756836 3.518855333328247
2 252.0 13.215660095214844 14.714552879333496 15.03316855430603 11.7620849609375 3.2710835933685303
2 253.0 13.087068557739258 14.692164421081543 14.884565114974976 11.81942081451416 3.0651443004608154
2 254.0 12.999062538146973 14.680445671081543 14.762190818786621 11.881253242492676 2.8809375762939453
2 255.0 12.97714900970459 14.722232818603516 14.714048624038696 11.973470687866211 2.7405779361724854
2 256.0 12.947324752807617 14.768970489501953 14.611365556716919 12.054732322692871 2.556633234024048
2 257.0 12.888106346130371 14.81628704071045 14.494453191757202 12.127161979675293 2.367291212081909
2 258.0 12.836380004882812 14.884611129760742 14.346122741699219 12.181697845458984 2.1644248962402344
2 259.0 12.767402648925781 14.955085754394531 14.213111162185669 12.241193771362305 1.9719173908233643
2 260.0 12.72585391998291 15.019571304321289 14.14585542678833 12.310232162475586 1.8356232643127441
2 261.0 12.727682113647461 15.084928512573242 14.099804759025574 12.395248413085938 1.7045563459396362
2 262.0 12.71100902557373 15.14376449584961 14.078245401382446 12.47842025756836 1.599825143814087
2 263.0 12.684002876281738 15.198986053466797 14.01503038406372 12.549920082092285 1.4651103019714355
2 264.0 12.601174354553223 15.227426528930664 13.85834550857544 12.535457611083984 1.322887897491455
2 265.0 12.551969528198242 15.290765762329102 13.741913080215454 12.513211250305176 1.2287018299102783
2 266.0 12.47761058807373 15.35688591003418 13.615470886230469 12.483835220336914 1.1316356658935547
2 267.0 12.399211883544922 15.391640663146973 13.493814826011658 12.448578834533691 1.0452359914779663
2 268.0 12.397306442260742 15.45409870147705 13.454713106155396 12.499411582946777 0.9553015232086182
2 269.0 12.442646980285645 15.561437606811523 13.45568037033081 12.588567733764648 0.8671126365661621
2 270.0 12.497336387634277 15.691585540771484 13.40405660867691 12.595602035522461 0.8084545731544495
2 271.0 12.520407676696777 15.789671897888184 13.397057592868805 12.66137981414795 0.7356777787208557
2 272.0 12.536815643310547 15.873523712158203 13.412597179412842 12.714937210083008 0.697659969329834
2 273.0 12.550893783569336 15.946473121643066 13.45081251859665 12.773256301879883 0.6775562167167664
2 274.0 12.572284698486328 16.02439308166504 13.425454914569855 12.77796745300293 0.647487461566925
2 275.0 12.573081016540527 16.113603591918945 13.422188937664032 12.802957534790039 0.6192314028739929
2 276.0 12.570379257202148 16.199621200561523 13.452370345592499 12.845865249633789 0.6065050959587097
2 277.0 12.544191360473633 16.275484085083008 13.42404043674469 12.833124160766602 0.5909162759780884
2 278.0 12.513901710510254 16.36887550354004 13.425208568572998 12.853377342224121 0.571831226348877
2 279.0 12.482081413269043 16.462413787841797 13.368233561515808 12.81580924987793 0.5524243116378784
2 280.0 12.457035064697266 16.53293800354004 13.335699737071991 12.812932968139648 0.5227667689323425
2 281.0 12.429829597473145 16.59145736694336 13.308990001678467 12.819101333618164 0.48988866806030273
2 282.0 12.413511276245117 16.66802978515625 13.301054269075394 12.82939624786377 0.47165802121162415
2 283.0 12.42588996887207 16.73872184753418 13.30127888917923 12.842308044433594 0.458970844745636
2 284.0 12.411237716674805 16.81932830810547 13.253464132547379 12.839961051940918 0.41350308060646057
2 285.0 12.367238998413086 16.871822357177734 13.206974774599075 12.827683448791504 0.3792913258075714
2 286.0 12.322998046875 16.92682647705078 13.162187397480011 12.798398971557617 0.3637884259223938
2 287.0 12.323168754577637 17.00506019592285 13.161850541830063 12.818017959594727 0.3438325822353363
2 288.0 12.366860389709473 17.058801651000977 13.179682791233063 12.851366996765137 0.328315794467926
2 289.0 12.435914993286133 17.102514266967773 13.247458785772324 12.932100296020508 0.3153584897518158
2 290.0 12.485262870788574 17.168983459472656 13.306826293468475 13.017232894897461 0.2895933985710144
2 291.0 12.545391082763672 17.261194229125977 13.374121129512787 13.078683853149414 0.2954372763633728
2 292.0 12.616032600402832 17.368820190429688 13.407594293355942 13.124197006225586 0.28339728713035583
2 293.0 12.645462036132812 17.47346305847168 13.43624809384346 13.157745361328125 0.2785027325153351
2 294.0 12.643455505371094 17.539846420288086 13.446576923131943 13.177787780761719 0.268789142370224
2 295.0 12.605096817016602 17.595258712768555 13.44083458185196 13.18789291381836 0.25294166803359985
2 296.0 12.592596054077148 17.640949249267578 13.458674818277359 13.201244354248047 0.25743046402931213
2 297.0 12.652417182922363 17.715621948242188 13.515408843755722 13.268757820129395 0.24665102362632751
2 298.0 12.698710441589355 17.82718849182129 13.537984788417816 13.29229736328125 0.24568742513656616
2 299.0 12.71189022064209 17.94448471069336 13.531720638275146 13.29608154296875 0.23563909530639648
2 300.0 12.712287902832031 18.019079208374023 13.530084177851677 13.299659729003906 0.2304244488477707
2 301.0 12.699254035949707 18.0747127532959 13.504093155264854 13.278742790222168 0.22535036504268646
2 302.0 12.647847175598145 18.121614456176758 13.481149658560753 13.257789611816406 0.22336004674434662
2 303.0 12.610310554504395 18.174745559692383 13.432699456810951 13.21013355255127 0.2225659042596817
2 304.0 12.597004890441895 18.218463897705078 13.40257440507412 13.177593231201172 0.2249811738729477
2 305.0 12.553406715393066 18.227237701416016 13.386811032891273 13.16100025177002 0.22581078112125397
2 306.0 12.515496253967285 18.237398147583008 13.322800353169441 13.09958553314209 0.22321482002735138
2 307.0 12.48410415649414 18.284746170043945 13.325507327914238 13.10696792602539 0.21853940188884735
2 308.0 12.46345043182373 18.349422454833984 13.313158705830574 13.088601112365723 0.22455759346485138
2 309.0 12.446673393249512 18.392803192138672 13.295654952526093 13.072792053222656 0.22286289930343628
2 310.0 12.432598114013672 18.458581924438477 13.281022116541862 13.058377265930176 0.2226448506116867
2 311.0 12.427266120910645 18.517148971557617 13.287844061851501 13.068259239196777 0.21958482265472412
2 312.0 12.396716117858887 18.55410385131836 13.263909354805946 13.037508964538574 0.22640039026737213
2 313.0 12.368754386901855 18.62635040283203 13.212895393371582 12.984150886535645 0.2287445068359375
2 314.0 12.35276985168457 18.709299087524414 13.186159059405327 12.953120231628418 0.23303882777690887
2 315.0 12.36566162109375 18.799251556396484 13.151396825909615 12.92024040222168 0.23115642368793488
2 316.0 12.39620590209961 18.89219856262207 13.161774948239326 12.912900924682617 0.2488740235567093
2 317.0 12.455820083618164 18.982812881469727 13.216642081737518 12.943082809448242 0.2735592722892761
2 318.0 12.536608695983887 19.063337326049805 13.293882101774216 12.979941368103027 0.31394073367118835
2 319.0 12.617694854736328 19.142667770385742 13.377581536769867 13.016339302062988 0.36124223470687866
2 320.0 12.6776704788208 19.19569969177246 13.412721544504166 13.029486656188965 0.3832348883152008
2 321.0 12.708423614501953 19.243602752685547 13.440353959798813 13.025811195373535 0.4145427644252777
2 322.0 12.731435775756836 19.303489685058594 13.511854410171509 13.035719871520996 0.4761345386505127
2 323.0 12.761899948120117 19.353227615356445 13.555257320404053 13.00662899017334 0.5486283302307129
2 324.0 12.807056427001953 19.408668518066406 13.630444049835205 13.020167350769043 0.6102766990661621
2 325.0 12.88366985321045 19.4646053314209 13.707012951374054 13.04172134399414 0.6652916073799133
2 326.0 12.97966194152832 19.53265380859375 13.82349008321762 13.076861381530762 0.7466287016868591
2 327.0 13.05825138092041 19.591684341430664 13.943612515926361 13.140655517578125 0.8029569983482361
2 328.0 13.128095626831055 19.653074264526367 14.031368672847748 13.177584648132324 0.8537840247154236
2 329.0 13.186455726623535 19.733484268188477 14.091895818710327 13.19343090057373 0.8984649181365967
2 330.0 13.231130599975586 19.80314826965332 14.124637424945831 13.184035301208496 0.9406021237373352
2 331.0 13.22305679321289 19.84685707092285 14.173416495323181 13.198990821838379 0.9744256734848022
2 332.0 13.214330673217773 19.882478713989258 14.16949838399887 13.202733039855957 0.9667653441429138
2 333.0 13.230807304382324 19.918766021728516 14.236121892929077 13.214834213256836 1.0212876796722412
2 334.0 13.267871856689453 19.972843170166016 14.293171286582947 13.224918365478516 1.0682529211044312
2 335.0 13.31928825378418 20.038497924804688 14.390689015388489 13.2287015914917 1.1619874238967896
2 336.0 13.384632110595703 20.117399215698242 14.439737439155579 13.202374458312988 1.2373629808425903
2 337.0 13.428457260131836 20.15699577331543 14.485522508621216 13.202481269836426 1.28304123878479
2 338.0 13.456790924072266 20.18459129333496 14.508362650871277 13.156859397888184 1.3515032529830933
2 339.0 13.476034164428711 20.214086532592773 14.532469868659973 13.122902870178223 1.4095669984817505
2 340.0 13.50909423828125 20.2592716217041 14.595895409584045 13.118721961975098 1.4771734476089478
2 341.0 13.557896614074707 20.325300216674805 14.645254015922546 13.095274925231934 1.5499790906906128
2 342.0 13.630451202392578 20.406681060791016 14.706982612609863 13.073927879333496 1.6330547332763672
2 343.0 13.681083679199219 20.473716735839844 14.753288269042969 13.024903297424316 1.7283849716186523
2 344.0 13.735356330871582 20.5109920501709 14.80219304561615 13.01250171661377 1.7896913290023804
2 345.0 13.805000305175781 20.561304092407227 14.86693263053894 13.0033597946167 1.8635728359222412
2 346.0 13.839086532592773 20.598880767822266 14.947662711143494 13.009498596191406 1.9381641149520874
2 347.0 13.860639572143555 20.617935180664062 14.98592746257782 12.991742134094238 1.9941853284835815
2 348.0 13.915580749511719 20.63475227355957 15.067641973495483 12.993118286132812 2.074523687362671
2 349.0 13.99412727355957 20.645994186401367 15.17546796798706 12.99344539642334 2.1820225715637207
2 350.0 14.065534591674805 20.678518295288086 15.278266906738281 12.998250961303711 2.2800159454345703
2 351.0 14.15342903137207 20.72449493408203 15.401312828063965 13.001641273498535 2.3996715545654297
2 352.0 14.208761215209961 20.7613582611084 15.51582145690918 12.998066902160645 2.517754554748535
2 353.0 14.201239585876465 20.766592025756836 15.576963901519775 12.961455345153809 2.615508556365967
2 354.0 14.210248947143555 20.761032104492188 15.642656326293945 12.931144714355469 2.7115116119384766
2 355.0 14.277776718139648 20.75520896911621 15.731594324111938 12.89007568359375 2.8415186405181885
2 356.0 14.400641441345215 20.78729248046875 15.862736701965332 12.8756103515625 2.987126350402832
2 357.0 14.48715877532959 20.84095001220703 15.936681032180786 12.82925796508789 3.1074230670928955
2 358.0 14.507914543151855 20.86945152282715 15.945977926254272 12.806713104248047 3.1392648220062256
2 359.0 14.53502368927002 20.89451789855957 15.993316650390625 12.75196361541748 3.2413530349731445
2 360.0 14.581560134887695 20.91457176208496 16.08255362510681 12.733296394348145 3.349257230758667
2 361.0 14.650075912475586 20.953508377075195 16.15918803215027 12.722156524658203 3.4370315074920654
2 362.0 14.747632026672363 21.019073486328125 16.263911247253418 12.703259468078613 3.5606517791748047
2 363.0 14.830963134765625 21.072961807250977 16.37173891067505 12.687257766723633 3.684481143951416
2 364.0 14.910364151000977 21.10056495666504 16.495322704315186 12.665679931640625 3.8296427726745605
2 365.0 14.967206954956055 21.11763572692871 16.613032341003418 12.656435012817383 3.956597328186035
2 366.0 15.0072660446167 21.103418350219727 16.70560121536255 12.63754653930664 4.068054676055908
3 1.0 18.224864959716797 28.081880569458008 20.370705604553223 12.717382431030273 7.653323173522949
3 2.0 18.185808181762695 27.961227416992188 20.46485948562622 12.705406188964844 7.759453296661377
3 3.0 18.253568649291992 27.88296890258789 20.54289436340332 12.705869674682617 7.837024688720703
3 4.0 18.386808395385742 27.792009353637695 20.74409580230713 12.733809471130371 8.010286331176758
3 5.0 18.508991241455078 27.74281120300293 20.89388656616211 12.700681686401367 8.193204879760742
3 6.0 18.616657257080078 27.78667449951172 20.95608901977539 12.64908504486084 8.30700397491455
3 7.0 18.681476593017578 27.78553009033203 21.01528263092041 12.547730445861816 8.467552185058594
3 8.0 18.775440216064453 27.786991119384766 21.079978942871094 12.498086929321289 8.581892013549805
3 9.0 18.86369514465332 27.73989486694336 21.153478622436523 12.446704864501953 8.70677375793457
3 10.0 18.918212890625 27.657258987426758 21.22400951385498 12.399017333984375 8.824992179870605
3 11.0 18.982181549072266 27.614744186401367 21.324295043945312 12.359658241271973 8.96463680267334
3 12.0 19.0360107421875 27.569433212280273 21.395322799682617 12.324092864990234 9.071229934692383
3 13.0 19.104957580566406 27.534461975097656 21.581027030944824 12.316158294677734 9.26486873626709
3 14.0 19.224349975585938 27.5097713470459 21.703548431396484 12.294661521911621 9.408886909484863
3 15.0 19.368160247802734 27.51451873779297 21.851746559143066 12.242713928222656 9.60903263092041
3 16.0 19.47136688232422 27.493074417114258 21.94598388671875 12.171483039855957 9.774500846862793
3 17.0 19.541500091552734 27.41577911376953 22.039353370666504 12.096549987792969 9.942803382873535
3 18.0 19.640119552612305 27.298023223876953 22.1696720123291 12.040290832519531 10.12938117980957
3 19.0 19.73451805114746 27.188081741333008 22.242998123168945 11.953960418701172 10.289037704467773
3 20.0 19.755294799804688 27.042579650878906 22.336091995239258 11.877379417419434 10.458712577819824
3 21.0 19.744384765625 26.903257369995117 22.422715187072754 11.800459861755371 10.622255325317383
3 22.0 19.77609634399414 26.756452560424805 22.574854850769043 11.757438659667969 10.817416191101074
3 23.0 19.830753326416016 26.625635147094727 22.673349380493164 11.709369659423828 10.963979721069336
3 24.0 19.992525100708008 26.516687393188477 22.87298583984375 11.649924278259277 11.223061561584473
3 25.0 20.22609519958496 26.448543548583984 23.107418060302734 11.597824096679688 11.509593963623047
3 26.0 20.39413833618164 26.391948699951172 23.252710342407227 11.52811336517334 11.724596977233887
3 27.0 20.555984497070312 26.345409393310547 23.430496215820312 11.48480224609375 11.945693969726562
3 28.0 20.641284942626953 26.268014907836914 23.554996490478516 11.43585205078125 12.119144439697266
3 29.0 20.66549301147461 26.12262725830078 23.68394374847412 11.395068168640137 12.288875579833984
3 30.0 20.684642791748047 25.975997924804688 23.78462791442871 11.305720329284668 12.478907585144043
3 31.0 20.68863296508789 25.833709716796875 23.866708755493164 11.212664604187012 12.654044151306152
3 32.0 20.668678283691406 25.657981872558594 23.995781898498535 11.14034366607666 12.855438232421875
3 33.0 20.72936248779297 25.497800827026367 24.087573051452637 11.058676719665527 13.02889633178711
3 34.0 20.853412628173828 25.38297462463379 24.206822395324707 10.96015739440918 13.246665000915527
3 35.0 20.971115112304688 25.283361434936523 24.30079460144043 10.859180450439453 13.441614151000977
3 36.0 21.06328582763672 25.150203704833984 24.38444423675537 10.781978607177734 13.602465629577637
3 37.0 21.102205276489258 24.97390365600586 24.46066379547119 10.663484573364258 13.797179222106934
3 38.0 21.069869995117188 24.775253295898438 24.455191612243652 10.570089340209961 13.885102272033691
3 39.0 21.02245330810547 24.574682235717773 24.438114166259766 10.455145835876465 13.9829683303833
3 40.0 20.991127014160156 24.373035430908203 24.46629047393799 10.399551391601562 14.066739082336426
3 41.0 20.932357788085938 24.193422317504883 24.429738998413086 10.310195922851562 14.119543075561523
3 42.0 20.851776123046875 23.996055603027344 24.382033348083496 10.190768241882324 14.191265106201172
3 43.0 20.757701873779297 23.798059463500977 24.32828140258789 10.063721656799316 14.264559745788574
3 44.0 20.701501846313477 23.60926055908203 24.331226348876953 9.945762634277344 14.38546371459961
3 45.0 20.710594177246094 23.43327522277832 24.28510284423828 9.805769920349121 14.47933292388916
3 46.0 20.710222244262695 23.254079818725586 24.255471229553223 9.650762557983398 14.604708671569824
3 47.0 20.69633674621582 23.059547424316406 24.29704761505127 9.554896354675293 14.742151260375977
3 48.0 20.68433380126953 22.85369873046875 24.23311424255371 9.405633926391602 14.82748031616211
3 49.0 20.64743423461914 22.645219802856445 24.247541427612305 9.247875213623047 14.999666213989258
3 50.0 20.700292587280273 22.422422409057617 24.235546112060547 9.091399192810059 15.144146919250488
3 51.0 20.739322662353516 22.204029083251953 24.24557399749756 8.97970199584961 15.26587200164795
3 52.0 20.713882446289062 22.005216598510742 24.258431434631348 8.88046932220459 15.377962112426758
3 53.0 20.652080535888672 21.787294387817383 24.31123924255371 8.78951644897461 15.521722793579102
3 54.0 20.59189796447754 21.553997039794922 24.233774185180664 8.634440422058105 15.599333763122559
3 55.0 20.536087036132812 21.3132381439209 24.2113676071167 8.52414321899414 15.687224388122559
3 56.0 20.480655670166016 21.0321102142334 24.19176959991455 8.4398193359375 15.75195026397705
3 57.0 20.401872634887695 20.745235443115234 24.118016242980957 8.338967323303223 15.779048919677734
3 58.0 20.346702575683594 20.48352813720703 24.09874725341797 8.243599891662598 15.855147361755371
3 59.0 20.363998413085938 20.277191162109375 24.085902214050293 8.123397827148438 15.962504386901855
3 60.0 20.41236114501953 20.097501754760742 24.034035205841064 7.965790271759033 16.06824493408203
3 61.0 20.449918746948242 19.938594818115234 23.956771850585938 7.754981994628906 16.20178985595703
3 62.0 20.4722843170166 19.797042846679688 23.89659309387207 7.550004959106445 16.346588134765625
3 63.0 20.419097900390625 19.61131477355957 23.83927059173584 7.402588844299316 16.436681747436523
3 64.0 20.34214973449707 19.403305053710938 23.732504844665527 7.236878395080566 16.49562644958496
3 65.0 20.287086486816406 19.20526695251465 23.658926963806152 7.130803108215332 16.52812385559082
3 66.0 20.22232437133789 18.975215911865234 23.62056064605713 7.070744514465332 16.549816131591797
3 67.0 20.21222686767578 18.76715087890625 23.575029373168945 6.980424880981445 16.5946044921875
3 68.0 20.17296600341797 18.523818969726562 23.569374561309814 6.891420841217041 16.677953720092773
3 69.0 20.13064956665039 18.252349853515625 23.56507396697998 6.812411308288574 16.752662658691406
3 70.0 20.106204986572266 18.02695655822754 23.58994960784912 6.736641883850098 16.853307723999023
3 71.0 20.069835662841797 17.837064743041992 23.653151988983154 6.689223766326904 16.96392822265625
3 72.0 20.04348373413086 17.623682022094727 23.705151557922363 6.624831199645996 17.080320358276367
3 73.0 19.974761962890625 17.374813079833984 23.737011432647705 6.56411600112915 17.172895431518555
3 74.0 19.925140380859375 17.18697738647461 23.673237800598145 6.43918514251709 17.234052658081055
3 75.0 19.87742805480957 17.021114349365234 23.654313564300537 6.2836432456970215 17.370670318603516
3 76.0 19.867477416992188 16.88039779663086 23.60642957687378 6.1574015617370605 17.44902801513672
3 77.0 19.871936798095703 16.71355628967285 23.62269163131714 6.075833797454834 17.546857833862305
3 78.0 19.81037712097168 16.5690860748291 23.613089561462402 6.002013206481934 17.61107635498047
3 79.0 19.72496795654297 16.4371337890625 23.590156078338623 5.938037395477295 17.652118682861328
3 80.0 19.654876708984375 16.310514450073242 23.587182998657227 5.889461517333984 17.697721481323242
3 81.0 19.594276428222656 16.16826629638672 23.58228588104248 5.837410926818848 17.744874954223633
3 82.0 19.571514129638672 16.018478393554688 23.582626819610596 5.771870136260986 17.81075668334961
3 83.0 19.619443893432617 15.931354522705078 23.56943655014038 5.693065166473389 17.876371383666992
3 84.0 19.671401977539062 15.897960662841797 23.627923011779785 5.626753807067871 18.001169204711914
3 85.0 19.79323959350586 15.869865417480469 23.705171585083008 5.524322509765625 18.180849075317383
3 86.0 19.95476722717285 15.852678298950195 23.79185724258423 5.425251483917236 18.366605758666992
3 87.0 19.93778419494629 15.820226669311523 23.78610610961914 5.383974075317383 18.402132034301758
3 88.0 19.899906158447266 15.780202865600586 23.740260124206543 5.3294172286987305 18.410842895507812
3 89.0 19.90151023864746 15.718038558959961 23.700729370117188 5.25786018371582 18.442869186401367
3 90.0 19.949464797973633 15.658794403076172 23.749494075775146 5.182206630706787 18.56728744506836
3 91.0 20.02042007446289 15.632083892822266 23.808270931243896 5.099162578582764 18.709108352661133
3 92.0 20.07424545288086 15.633689880371094 23.81562900543213 5.008851051330566 18.806777954101562
3 93.0 20.12318992614746 15.61081314086914 23.852397441864014 4.935533046722412 18.9168643951416
3 94.0 20.133981704711914 15.585124015808105 23.907079696655273 4.872997283935547 19.034082412719727
3 95.0 20.18709945678711 15.587442398071289 23.94452714920044 4.815878391265869 19.12864875793457
3 96.0 20.2601318359375 15.584795951843262 23.99317455291748 4.777413368225098 19.215761184692383
3 97.0 20.325523376464844 15.593873977661133 24.023552417755127 4.72129487991333 19.302257537841797
3 98.0 20.387557983398438 15.616016387939453 24.08504056930542 4.68190336227417 19.40313720703125
3 99.0 20.432958602905273 15.61828899383545 24.15195608139038 4.659238338470459 19.492717742919922
3 100.0 20.49557876586914 15.614461898803711 24.265690803527832 4.6446638107299805 19.62102699279785
3 101.0 20.546716690063477 15.62750244140625 24.33884048461914 4.6256866455078125 19.713153839111328
3 102.0 20.496702194213867 15.609983444213867 24.333771228790283 4.595770359039307 19.738000869750977
3 103.0 20.4592342376709 15.570854187011719 24.355857372283936 4.57459020614624 19.781267166137695
3 104.0 20.495864868164062 15.592185020446777 24.418208122253418 4.541260719299316 19.8769474029541
3 105.0 20.532577514648438 15.630775451660156 24.48762083053589 4.475633144378662 20.011987686157227
3 106.0 20.576873779296875 15.649163246154785 24.505176067352295 4.410132884979248 20.095043182373047
3 107.0 20.634273529052734 15.691949844360352 24.535213947296143 4.367109775543213 20.16810417175293
3 108.0 20.690805435180664 15.739327430725098 24.578810691833496 4.320878028869629 20.257932662963867
3 109.0 20.745431900024414 15.774613380432129 24.55305290222168 4.252967834472656 20.300085067749023
3 110.0 20.783477783203125 15.808853149414062 24.58103036880493 4.190002918243408 20.391027450561523
3 111.0 20.761560440063477 15.856287956237793 24.51801300048828 4.126903533935547 20.391109466552734
3 112.0 20.729907989501953 15.863295555114746 24.532180309295654 4.077775478363037 20.454404830932617
3 113.0 20.6702823638916 15.858026504516602 24.459965705871582 3.996180534362793 20.46378517150879
3 114.0 20.634193420410156 15.855791091918945 24.400405883789062 3.9208507537841797 20.479555130004883
3 115.0 20.61016082763672 15.876920700073242 24.365660190582275 3.8461995124816895 20.519460678100586
3 116.0 20.651287078857422 15.92105770111084 24.35847783088684 3.7844936847686768 20.573984146118164
3 117.0 20.758821487426758 15.991442680358887 24.33603596687317 3.742060899734497 20.593975067138672
3 118.0 20.844539642333984 16.063339233398438 24.333831071853638 3.6776134967803955 20.656217575073242
3 119.0 20.952346801757812 16.158899307250977 24.34549045562744 3.6243600845336914 20.72113037109375
3 120.0 21.00543975830078 16.24185562133789 24.32361674308777 3.5568435192108154 20.766773223876953
3 121.0 21.038955688476562 16.313880920410156 24.279524087905884 3.5006353855133057 20.778888702392578
3 122.0 21.0217227935791 16.37771987915039 24.207671880722046 3.4381024837493896 20.769569396972656
3 123.0 20.961963653564453 16.39968490600586 24.196041107177734 3.3674774169921875 20.828563690185547
3 124.0 20.939006805419922 16.40177345275879 24.16412615776062 3.313593626022339 20.85053253173828
3 125.0 20.9261474609375 16.376306533813477 24.148789882659912 3.2449259757995605 20.90386390686035
3 126.0 20.95022964477539 16.396217346191406 24.18983292579651 3.2218611240386963 20.967971801757812
3 127.0 20.939491271972656 16.43448257446289 24.218567609786987 3.1916568279266357 21.02691078186035
3 128.0 20.904083251953125 16.42314910888672 24.2072434425354 3.145294666290283 21.061948776245117
3 129.0 20.896337509155273 16.437116622924805 24.19601273536682 3.108379602432251 21.08763313293457
3 130.0 20.89763832092285 16.490415573120117 24.195125341415405 3.070760488510132 21.124364852905273
3 131.0 20.891178131103516 16.56955337524414 24.193573474884033 3.016453266143799 21.177120208740234
3 132.0 20.928102493286133 16.66956901550293 24.160146713256836 2.9624977111816406 21.197649002075195
3 133.0 20.97748374938965 16.749866485595703 24.153982400894165 2.899955987930298 21.254026412963867
3 134.0 20.996185302734375 16.796783447265625 24.12614107131958 2.8530659675598145 21.273075103759766
3 135.0 20.95294761657715 16.819747924804688 24.033114910125732 2.7886881828308105 21.244426727294922
3 136.0 20.927505493164062 16.843725204467773 23.99775743484497 2.73447847366333 21.26327896118164
3 137.0 20.881380081176758 16.848173141479492 23.925412893295288 2.6975553035736084 21.22785758972168
3 138.0 20.826780319213867 16.831974029541016 23.87114715576172 2.6854705810546875 21.18567657470703
3 139.0 20.845306396484375 16.838266372680664 23.907516717910767 2.691663980484009 21.215852737426758
3 140.0 20.95380973815918 16.897777557373047 23.968941688537598 2.728447914123535 21.240493774414062
3 141.0 21.11305046081543 17.056640625 24.113040447235107 2.787707805633545 21.325332641601562
3 142.0 21.284927368164062 17.269947052001953 24.066752910614014 2.792466640472412 21.2742862701416
3 143.0 21.3873348236084 17.435136795043945 24.107211589813232 2.801928997039795 21.305282592773438
3 144.0 21.532386779785156 17.57233238220215 24.220874547958374 2.839536428451538 21.381338119506836
3 145.0 21.583589553833008 17.67539405822754 24.23645567893982 2.8672235012054443 21.369232177734375
3 146.0 21.671104431152344 17.81146812438965 24.312194108963013 2.9125568866729736 21.39963722229004
3 147.0 21.80269432067871 17.97024917602539 24.36337971687317 2.9612514972686768 21.402128219604492
3 148.0 21.949413299560547 18.13456916809082 24.448732376098633 3.0052757263183594 21.443456649780273
3 149.0 22.133758544921875 18.33155059814453 24.528121948242188 3.0779781341552734 21.450143814086914
3 150.0 22.305171966552734 18.47796630859375 24.64738941192627 3.1825761795043945 21.464813232421875
3 151.0 22.452390670776367 18.573450088500977 24.812193870544434 3.306532859802246 21.505661010742188
3 152.0 22.487022399902344 18.61114501953125 24.876722812652588 3.4428868293762207 21.433835983276367
3 153.0 22.50665855407715 18.618146896362305 25.017645835876465 3.5717992782592773 21.445846557617188
3 154.0 22.532085418701172 18.65692901611328 25.07856822013855 3.6407058238983154 21.437862396240234
3 155.0 22.668087005615234 18.802791595458984 25.211039543151855 3.757512092590332 21.453527450561523
3 156.0 22.939754486083984 19.027286529541016 25.393486976623535 3.886136054992676 21.50735092163086
3 157.0 23.222110748291016 19.30018424987793 25.493157386779785 3.9408044815063477 21.552352905273438
3 158.0 23.32064437866211 19.466991424560547 25.513493061065674 3.9594902992248535 21.55400276184082
3 159.0 23.310577392578125 19.558895111083984 25.552690267562866 3.9703805446624756 21.58230972290039
3 160.0 23.318899154663086 19.67669677734375 25.54865264892578 4.019092559814453 21.529560089111328
3 161.0 23.325307846069336 19.764623641967773 25.54770040512085 4.056773662567139 21.49092674255371
3 162.0 23.24733543395996 19.799551010131836 25.5103440284729 4.0349507331848145 21.475393295288086
3 163.0 23.153427124023438 19.836061477661133 25.45187473297119 4.000266075134277 21.451608657836914
3 164.0 23.15205955505371 19.87046241760254 25.457106590270996 4.057219505310059 21.399887084960938
3 165.0 23.17914390563965 19.89267349243164 25.504765510559082 4.145003318786621 21.35976219177246
3 166.0 23.230609893798828 19.95797348022461 25.526333808898926 4.184750556945801 21.341583251953125
3 167.0 23.28774070739746 20.05633544921875 25.63430881500244 4.258397102355957 21.375911712646484
3 168.0 23.33167266845703 20.07441520690918 25.677881240844727 4.33885383605957 21.339027404785156
3 169.0 23.380367279052734 20.103302001953125 25.715072631835938 4.422462463378906 21.29261016845703
3 170.0 23.42218780517578 20.14402961730957 25.768075466156006 4.549794673919678 21.218280792236328
3 171.0 23.41950225830078 20.153955459594727 25.83250331878662 4.657454490661621 21.175048828125
3 172.0 23.4518985748291 20.171710968017578 25.935209274291992 4.786169052124023 21.14904022216797
3 173.0 23.522323608398438 20.198720932006836 26.090720176696777 4.921582221984863 21.169137954711914
3 174.0 23.584121704101562 20.208446502685547 26.191303253173828 5.063510894775391 21.127792358398438
3 175.0 23.62824249267578 20.224308013916016 26.326561450958252 5.214787006378174 21.111774444580078
3 176.0 23.62815284729004 20.217586517333984 26.350818157196045 5.34010648727417 21.010711669921875
3 177.0 23.615150451660156 20.227060317993164 26.37157440185547 5.437019348144531 20.934555053710938
3 178.0 23.640750885009766 20.248489379882812 26.463393211364746 5.6177568435668945 20.84563636779785
3 179.0 23.616626739501953 20.236560821533203 26.487032890319824 5.716416358947754 20.77061653137207
3 180.0 23.594240188598633 20.214855194091797 26.519897937774658 5.814547061920166 20.705350875854492
3 181.0 23.479799270629883 20.13326072692871 26.519870281219482 5.839328289031982 20.6805419921875
3 182.0 23.382076263427734 20.024673461914062 26.519145965576172 5.870424270629883 20.64872169494629
3 183.0 23.336383819580078 19.95491600036621 26.514840602874756 5.9369730949401855 20.57786750793457
3 184.0 23.289508819580078 19.904129028320312 26.563945770263672 6.033149719238281 20.53079605102539
3 185.0 23.321821212768555 19.856521606445312 26.63780975341797 6.219755172729492 20.418054580688477
3 186.0 23.40719985961914 19.81463623046875 26.744657039642334 6.403146266937256 20.341510772705078
3 187.0 23.465248107910156 19.753530502319336 26.873480796813965 6.638306617736816 20.23517417907715
3 188.0 23.384994506835938 19.641441345214844 26.862536907196045 6.756654262542725 20.10588264465332
3 189.0 23.248170852661133 19.517385482788086 26.801146507263184 6.8444013595581055 19.956745147705078
3 190.0 23.23223114013672 19.44883918762207 26.89918088912964 7.0338053703308105 19.865375518798828
3 191.0 23.317401885986328 19.400230407714844 26.97798442840576 7.261910438537598 19.716073989868164
3 192.0 23.357044219970703 19.338491439819336 27.058574199676514 7.471261501312256 19.587312698364258
3 193.0 23.392419815063477 19.285062789916992 27.185547351837158 7.714365482330322 19.471181869506836
3 194.0 23.434619903564453 19.230091094970703 27.218183040618896 7.888402462005615 19.32978057861328
3 195.0 23.365230560302734 19.13693618774414 27.195163249969482 7.9949259757995605 19.200237274169922
3 196.0 23.241186141967773 19.035463333129883 27.148415565490723 8.055285453796387 19.093130111694336
3 197.0 23.126291275024414 18.943397521972656 27.06860637664795 8.117384910583496 18.951221466064453
3 198.0 23.023136138916016 18.877466201782227 26.978559494018555 8.149858474731445 18.82870101928711
3 199.0 22.897319793701172 18.802032470703125 26.92496109008789 8.197267532348633 18.727693557739258
3 200.0 22.781051635742188 18.74503517150879 26.852266311645508 8.262928009033203 18.589338302612305
3 201.0 22.662736892700195 18.692136764526367 26.743242263793945 8.313493728637695 18.42974853515625
3 202.0 22.552974700927734 18.635501861572266 26.680872917175293 8.411227226257324 18.26964569091797
3 203.0 22.450820922851562 18.56917953491211 26.67082118988037 8.483262062072754 18.187559127807617
3 204.0 22.32958221435547 18.498218536376953 26.550735473632812 8.555355072021484 17.995380401611328
3 205.0 22.192089080810547 18.392963409423828 26.49447250366211 8.66624641418457 17.82822608947754
3 206.0 22.073944091796875 18.264968872070312 26.378039360046387 8.74586009979248 17.632179260253906
3 207.0 21.94940185546875 18.130111694335938 26.281577110290527 8.858525276184082 17.423051834106445
3 208.0 21.82842254638672 18.01357650756836 26.213462829589844 9.002555847167969 17.210906982421875
3 209.0 21.682722091674805 17.9141845703125 26.003443717956543 9.085003852844238 16.918439865112305
3 210.0 21.48992156982422 17.80896759033203 25.77608871459961 9.165487289428711 16.6106014251709
3 211.0 21.263755798339844 17.66082763671875 25.55684471130371 9.191614151000977 16.365230560302734
3 212.0 21.0445499420166 17.51531982421875 25.319725036621094 9.230110168457031 16.089614868164062
3 213.0 20.856342315673828 17.39997673034668 25.088046073913574 9.28531265258789 15.802733421325684
3 214.0 20.682674407958984 17.273265838623047 24.94395160675049 9.376714706420898 15.56723690032959
3 215.0 20.489473342895508 17.13848304748535 24.792919158935547 9.467571258544922 15.325347900390625
3 216.0 20.233383178710938 16.990386962890625 24.532164573669434 9.486157417297363 15.04600715637207
3 217.0 20.02539825439453 16.82331085205078 24.329874992370605 9.58780288696289 14.742072105407715
3 218.0 19.876312255859375 16.645999908447266 24.265514373779297 9.713898658752441 14.551615715026855
3 219.0 19.705244064331055 16.489994049072266 24.125346183776855 9.816397666931152 14.308948516845703
3 220.0 19.500808715820312 16.356849670410156 23.89671516418457 9.88602066040039 14.01069450378418
3 221.0 19.27889060974121 16.245975494384766 23.687472343444824 9.961453437805176 13.726018905639648
3 222.0 18.994890213012695 16.107635498046875 23.411258697509766 10.027181625366211 13.384077072143555
3 223.0 18.69800567626953 15.96035099029541 23.08257007598877 10.092375755310059 12.990194320678711
3 224.0 18.437164306640625 15.832779884338379 22.761855125427246 10.177927017211914 12.583928108215332
3 225.0 18.17704200744629 15.683032989501953 22.453044891357422 10.233844757080078 12.219200134277344
3 226.0 17.931123733520508 15.53904914855957 22.233271598815918 10.333747863769531 11.899523735046387
3 227.0 17.701101303100586 15.412322044372559 21.87755298614502 10.407547950744629 11.47000503540039
3 228.0 17.44879722595215 15.285998344421387 21.47404956817627 10.477965354919434 10.996084213256836
3 229.0 17.16840362548828 15.149633407592773 21.148720741271973 10.545592308044434 10.603128433227539
3 230.0 16.883792877197266 15.017782211303711 20.841609954833984 10.623023986816406 10.218585968017578
3 231.0 16.60822868347168 14.911535263061523 20.514729499816895 10.672224044799805 9.84250545501709
3 232.0 16.283973693847656 14.798887252807617 20.13765239715576 10.70458984375 9.433062553405762
3 233.0 15.908333778381348 14.664064407348633 19.70017433166504 10.739617347717285 8.960556983947754
3 234.0 15.52985668182373 14.517627716064453 19.106664657592773 10.718680381774902 8.387984275817871
3 235.0 15.259824752807617 14.400619506835938 18.66459608078003 10.747488975524902 7.917107105255127
3 236.0 14.997391700744629 14.313565254211426 18.229297161102295 10.778352737426758 7.450944423675537
3 237.0 14.691452026367188 14.178742408752441 17.790905475616455 10.797575950622559 6.9933295249938965
3 238.0 14.400282859802246 14.034666061401367 17.31599998474121 10.776251792907715 6.539748191833496
3 239.0 14.186716079711914 13.94278621673584 16.903204917907715 10.797283172607422 6.105921745300293
3 240.0 14.031516075134277 13.899677276611328 16.564295768737793 10.80975341796875 5.754542350769043
3 241.0 13.909795761108398 13.890904426574707 16.34991693496704 10.854589462280273 5.495327472686768
3 242.0 13.793649673461914 13.887887001037598 16.138869762420654 10.88992691040039 5.248942852020264
3 243.0 13.645156860351562 13.85952377319336 15.9297513961792 10.9808988571167 4.9488525390625
3 244.0 13.495661735534668 13.806556701660156 15.787091732025146 11.098645210266113 4.688446521759033
3 245.0 13.374582290649414 13.765581130981445 15.648183822631836 11.19954776763916 4.448636054992676
3 246.0 13.258163452148438 13.714058876037598 15.405771255493164 11.264345169067383 4.141426086425781
3 247.0 13.130102157592773 13.677350997924805 15.20329999923706 11.321415901184082 3.8818840980529785
3 248.0 13.018779754638672 13.674996376037598 15.035136222839355 11.394591331481934 3.640544891357422
3 249.0 12.938104629516602 13.688623428344727 14.831615686416626 11.457534790039062 3.3740808963775635
3 250.0 12.877714157104492 13.679162979125977 14.70428204536438 11.561363220214844 3.142918825149536
3 251.0 12.82443618774414 13.677734375 14.529914855957031 11.654191970825195 2.875722885131836
3 252.0 12.78782844543457 13.712065696716309 14.452052354812622 11.744658470153809 2.7073938846588135
3 253.0 12.774008750915527 13.761310577392578 14.363331317901611 11.828906059265137 2.5344252586364746
3 254.0 12.724080085754395 13.808065414428711 14.26791763305664 11.923144340515137 2.344773292541504
3 255.0 12.654129028320312 13.862199783325195 14.062477111816406 11.9795503616333 2.0829267501831055
3 256.0 12.622005462646484 13.901168823242188 13.947358965873718 12.057228088378906 1.890130877494812
3 257.0 12.564436912536621 13.915132522583008 13.864206433296204 12.095194816589355 1.7690116167068481
3 258.0 12.496358871459961 13.944064140319824 13.81386661529541 12.15985107421875 1.6540155410766602
3 259.0 12.453946113586426 13.994043350219727 13.725563645362854 12.181441307067871 1.544122338294983
3 260.0 12.435843467712402 14.056645393371582 13.641090154647827 12.213563919067383 1.4275262355804443
3 261.0 12.398353576660156 14.124874114990234 13.532876014709473 12.201948165893555 1.330927848815918
3 262.0 12.367314338684082 14.208671569824219 13.453192234039307 12.188705444335938 1.2644867897033691
3 263.0 12.318292617797852 14.281547546386719 13.340076804161072 12.1660737991333 1.174003005027771
3 264.0 12.312216758728027 14.360918998718262 13.27147090435028 12.169584274291992 1.1018866300582886
3 265.0 12.343026161193848 14.480494499206543 13.24673318862915 12.202346801757812 1.044386386871338
3 266.0 12.36721420288086 14.58231258392334 13.282499015331268 12.285039901733398 0.9974591135978699
3 267.0 12.398904800415039 14.679279327392578 13.294754683971405 12.33850383758545 0.9562508463859558
3 268.0 12.415059089660645 14.755088806152344 13.292196094989777 12.38139820098877 0.9107978940010071
3 269.0 12.437846183776855 14.839016914367676 13.27599847316742 12.418011665344238 0.8579868078231812
3 270.0 12.474038124084473 14.930427551269531 13.32121217250824 12.49133014678955 0.829882025718689
3 271.0 12.518092155456543 15.030414581298828 13.367607116699219 12.57329273223877 0.7943143844604492
3 272.0 12.536503791809082 15.12315559387207 13.381727397441864 12.610491752624512 0.7712356448173523
3 273.0 12.556011199951172 15.220487594604492 13.379688560962677 12.641688346862793 0.738000214099884
3 274.0 12.575397491455078 15.31006908416748 13.370163917541504 12.671887397766113 0.6982765197753906
3 275.0 12.580375671386719 15.406183242797852 13.38527137041092 12.711499214172363 0.6737721562385559
3 276.0 12.585036277770996 15.494331359863281 13.382108747959137 12.757024765014648 0.6250839829444885
3 277.0 12.595854759216309 15.575326919555664 13.383376657962799 12.797496795654297 0.5858798623085022
3 278.0 12.616466522216797 15.673033714294434 13.406424880027771 12.838753700256348 0.5676711797714233
3 279.0 12.630270004272461 15.762391090393066 13.446550905704498 12.893651962280273 0.5528989434242249
3 280.0 12.63623046875 15.841718673706055 13.445980966091156 12.908641815185547 0.5373391509056091
3 281.0 12.652539253234863 15.896803855895996 13.473700106143951 12.962285041809082 0.5114150643348694
3 282.0 12.676525115966797 15.961542129516602 13.492871642112732 12.984395980834961 0.508475661277771
3 283.0 12.65223503112793 16.031522750854492 13.50214833021164 13.000299453735352 0.5018488764762878
3 284.0 12.590469360351562 16.081724166870117 13.45689845085144 12.973856925964355 0.48304152488708496
3 285.0 12.576272964477539 16.156278610229492 13.470757573843002 13.000675201416016 0.4700823724269867
3 286.0 12.614316940307617 16.265697479248047 13.470694541931152 13.008899688720703 0.4617948532104492
3 287.0 12.620197296142578 16.378726959228516 13.480913192033768 13.010684967041016 0.4702282249927521
3 288.0 12.609304428100586 16.461654663085938 13.464321225881577 13.009660720825195 0.4546605050563812
3 289.0 12.601325035095215 16.528562545776367 13.432296574115753 12.990995407104492 0.441301167011261
3 290.0 12.607184410095215 16.6296329498291 13.449196994304657 13.026402473449707 0.42279452085494995
3 291.0 12.610747337341309 16.709423065185547 13.470398664474487 13.049206733703613 0.421191930770874
3 292.0 12.65040111541748 16.771831512451172 13.552565604448318 13.127291679382324 0.42527392506599426
3 293.0 12.670442581176758 16.859371185302734 13.611649632453918 13.187695503234863 0.4239541292190552
3 294.0 12.691106796264648 16.977872848510742 13.60856518149376 13.191778182983398 0.4167869985103607
3 295.0 12.696950912475586 17.084753036499023 13.593851238489151 13.190118789672852 0.40373244881629944
3 296.0 12.707077026367188 17.14683723449707 13.612127542495728 13.229877471923828 0.3822500705718994
3 297.0 12.755544662475586 17.228883743286133 13.674348771572113 13.3217191696167 0.3526296019554138
3 298.0 12.81406021118164 17.324935913085938 13.732256680727005 13.396821022033691 0.3354356586933136
3 299.0 12.827407836914062 17.402128219604492 13.737064689397812 13.417442321777344 0.31962236762046814
3 300.0 12.885284423828125 17.497024536132812 13.79161062836647 13.477492332458496 0.31411829590797424
3 301.0 12.952893257141113 17.603713989257812 13.866077929735184 13.556438446044922 0.30963948369026184
3 302.0 12.955309867858887 17.691946029663086 13.852774977684021 13.556556701660156 0.29621827602386475
3 303.0 12.965231895446777 17.765012741088867 13.846207976341248 13.548386573791504 0.29782140254974365
3 304.0 12.974519729614258 17.861804962158203 13.855558961629868 13.560736656188965 0.2948223054409027
3 305.0 12.975400924682617 17.936540603637695 13.878069430589676 13.58381462097168 0.2942548096179962
3 306.0 12.98435115814209 18.012266159057617 13.89350140094757 13.606175422668457 0.28732597827911377
3 307.0 12.990388870239258 18.0756893157959 13.90165364742279 13.61048698425293 0.29116666316986084
3 308.0 13.013167381286621 18.129974365234375 13.916937083005905 13.615700721740723 0.3012363612651825
3 309.0 13.059014320373535 18.18113136291504 13.988211452960968 13.669163703918457 0.319047749042511
3 310.0 13.077789306640625 18.248361587524414 14.009386628866196 13.68375015258789 0.32563647627830505
3 311.0 13.092376708984375 18.352214813232422 14.004381477832794 13.683781623840332 0.32059985399246216
3 312.0 13.110823631286621 18.461660385131836 14.0019052028656 13.67415714263916 0.32774806022644043
3 313.0 13.125001907348633 18.53179168701172 13.992252230644226 13.638751983642578 0.35350024700164795
3 314.0 13.130305290222168 18.60918617248535 13.977072775363922 13.607297897338867 0.36977487802505493
3 315.0 13.142833709716797 18.69304656982422 13.995095640420914 13.597301483154297 0.3977941572666168
3 316.0 13.16248607635498 18.788368225097656 14.004636406898499 13.578328132629395 0.426308274269104
3 317.0 13.165491104125977 18.86853790283203 14.00470557808876 13.55207633972168 0.4526292383670807
3 318.0 13.154815673828125 18.914012908935547 14.010539919137955 13.531785011291504 0.4787549078464508
3 319.0 13.167248725891113 18.97018051147461 14.03151273727417 13.526068687438965 0.5054440498352051
3 320.0 13.187811851501465 19.03118896484375 14.032819092273712 13.516403198242188 0.5164158940315247
3 321.0 13.195722579956055 19.076513290405273 14.052818834781647 13.535594940185547 0.5172238945960999
3 322.0 13.212834358215332 19.130922317504883 14.07098525762558 13.542503356933594 0.5284819006919861
3 323.0 13.271282196044922 19.192291259765625 14.125958561897278 13.570104598999023 0.5558539628982544
3 324.0 13.32447338104248 19.241365432739258 14.211278975009918 13.61548900604248 0.5957899689674377
3 325.0 13.369979858398438 19.272733688354492 14.265901267528534 13.629088401794434 0.6368128657341003
3 326.0 13.390519142150879 19.318805694580078 14.27592259645462 13.618900299072266 0.6570222973823547
3 327.0 13.4215669631958 19.391998291015625 14.303011953830719 13.627761840820312 0.6752501130104065
3 328.0 13.476790428161621 19.50191879272461 14.326727211475372 13.60933780670166 0.7173894047737122
3 329.0 13.53463363647461 19.636003494262695 14.353824615478516 13.610063552856445 0.7437610626220703
3 330.0 13.586051940917969 19.756593704223633 14.417757630348206 13.62797737121582 0.7897802591323853
3 331.0 13.637516975402832 19.863616943359375 14.512161433696747 13.652240753173828 0.8599206805229187
3 332.0 13.692737579345703 19.96479606628418 14.553630113601685 13.644803047180176 0.9088270664215088
3 333.0 13.728863716125488 20.040760040283203 14.618408501148224 13.664663314819336 0.9537451863288879
3 334.0 13.772125244140625 20.103105545043945 14.70163869857788 13.682465553283691 1.0191731452941895
3 335.0 13.829745292663574 20.14838218688965 14.829020142555237 13.670741081237793 1.1582790613174438
3 336.0 13.861065864562988 20.197647094726562 14.851075410842896 13.644737243652344 1.2063381671905518
3 337.0 13.891161918640137 20.270109176635742 14.908899784088135 13.645756721496582 1.2631430625915527
3 338.0 13.91761589050293 20.328075408935547 15.004804253578186 13.669254302978516 1.3355499505996704
3 339.0 13.964938163757324 20.373823165893555 15.104877710342407 13.667044639587402 1.4378330707550049
3 340.0 14.043866157531738 20.42104721069336 15.212645649909973 13.655899047851562 1.5567466020584106
3 341.0 14.144925117492676 20.487810134887695 15.365573287010193 13.650413513183594 1.7151597738265991
3 342.0 14.227012634277344 20.55498695373535 15.52026915550232 13.638529777526855 1.8817393779754639
3 343.0 14.33509349822998 20.62688636779785 15.663601398468018 13.60317325592041 2.0604281425476074
3 344.0 14.414998054504395 20.700031280517578 15.740111589431763 13.550826072692871 2.1892855167388916
3 345.0 14.4637451171875 20.773916244506836 15.785946369171143 13.50133991241455 2.284606456756592
3 346.0 14.535224914550781 20.844585418701172 15.89199185371399 13.480015754699707 2.4119760990142822
3 347.0 14.61585521697998 20.897369384765625 15.958752632141113 13.432743072509766 2.5260095596313477
3 348.0 14.687215805053711 20.946067810058594 16.070371866226196 13.409422874450684 2.6609489917755127
3 349.0 14.718425750732422 20.948246002197266 16.160388469696045 13.352810859680176 2.807577610015869
3 350.0 14.759724617004395 20.968914031982422 16.26148009300232 13.307382583618164 2.9540975093841553
3 351.0 14.84596061706543 21.027250289916992 16.336344718933105 13.263012886047363 3.073331832885742
3 352.0 14.879950523376465 21.08008575439453 16.307328939437866 13.182122230529785 3.125206708908081
3 353.0 14.851554870605469 21.08904457092285 16.352518320083618 13.150971412658691 3.2015469074249268
3 354.0 14.838017463684082 21.092321395874023 16.425506353378296 13.152265548706055 3.273240804672241
3 355.0 14.833561897277832 21.101247787475586 16.42534351348877 13.149527549743652 3.275815963745117
3 356.0 14.830665588378906 21.112060546875 16.431878089904785 13.15263843536377 3.2792396545410156
3 357.0 14.842180252075195 21.153017044067383 16.425302267074585 13.135464668273926 3.289837598800659
3 358.0 14.851844787597656 21.163249969482422 16.46459412574768 13.127267837524414 3.3373262882232666
3 359.0 14.897123336791992 21.152414321899414 16.548190116882324 13.090259552001953 3.457930564880371
3 360.0 15.005327224731445 21.169078826904297 16.67811679840088 13.060832023620605 3.6172847747802734
3 361.0 15.123784065246582 21.22930908203125 16.78712821006775 13.053446769714355 3.7336814403533936
3 362.0 15.212085723876953 21.29620933532715 16.856708765029907 13.02791976928711 3.828788995742798
3 363.0 15.274274826049805 21.342500686645508 16.91441249847412 13.001897811889648 3.9125146865844727
3 364.0 15.35608959197998 21.375812530517578 16.986689567565918 12.966411590576172 4.020277976989746
3 365.0 15.47027587890625 21.38759422302246 17.129724979400635 12.950241088867188 4.179483890533447
3 366.0 15.56078052520752 21.418466567993164 17.199417114257812 12.890467643737793 4.3089494705200195
4 1.0 18.202802658081055 28.059947967529297 20.36242389678955 12.71778392791748 7.64463996887207
4 2.0 18.195873260498047 27.945226669311523 20.44768524169922 12.688370704650879 7.75931453704834
4 3.0 18.30169105529785 27.90009117126465 20.541823863983154 12.684544563293457 7.857279300689697
4 4.0 18.426347732543945 27.812835693359375 20.705394744873047 12.699029922485352 8.006364822387695
4 5.0 18.571866989135742 27.761157989501953 20.851877212524414 12.6790189743042 8.172858238220215
4 6.0 18.72916030883789 27.8300838470459 20.968461990356445 12.639461517333984 8.329000473022461
4 7.0 18.861310958862305 27.88650894165039 21.069443702697754 12.586949348449707 8.482494354248047
4 8.0 18.981033325195312 27.908363342285156 21.187264442443848 12.512924194335938 8.67434024810791
4 9.0 19.137298583984375 27.918243408203125 21.398303985595703 12.46203327178955 8.936270713806152
4 10.0 19.272733688354492 27.919832229614258 21.53086566925049 12.41780948638916 9.113056182861328
4 11.0 19.363109588623047 27.88518524169922 21.64044189453125 12.38293743133545 9.2575044631958
4 12.0 19.451416015625 27.850505828857422 21.799321174621582 12.33489990234375 9.464421272277832
4 13.0 19.56694984436035 27.81324005126953 21.88214683532715 12.241284370422363 9.640862464904785
4 14.0 19.678495407104492 27.738300323486328 21.962656021118164 12.141847610473633 9.820808410644531
4 15.0 19.780975341796875 27.68844223022461 22.1168212890625 12.059026718139648 10.057794570922852
4 16.0 19.861984252929688 27.621875762939453 22.2678861618042 11.998547554016113 10.269338607788086
4 17.0 19.918365478515625 27.537708282470703 22.370314598083496 11.935297966003418 10.435016632080078
4 18.0 19.987350463867188 27.45139503479004 22.481189727783203 11.823712348937988 10.657477378845215
4 19.0 20.14003562927246 27.40837860107422 22.637975692749023 11.727607727050781 10.910367965698242
4 20.0 20.214447021484375 27.286100387573242 22.763469696044922 11.668278694152832 11.09519100189209
4 21.0 20.257755279541016 27.14095115661621 22.938298225402832 11.645770072937012 11.29252815246582
4 22.0 20.328571319580078 27.037311553955078 23.129695892333984 11.638385772705078 11.491310119628906
4 23.0 20.417633056640625 26.94236946105957 23.25829315185547 11.581722259521484 11.676570892333984
4 24.0 20.448698043823242 26.811901092529297 23.331871032714844 11.546723365783691 11.785147666931152
4 25.0 20.430280685424805 26.65176773071289 23.423020362854004 11.507387161254883 11.915633201599121
4 26.0 20.453407287597656 26.437801361083984 23.506287574768066 11.479363441467285 12.026924133300781
4 27.0 20.472017288208008 26.1916446685791 23.61514186859131 11.434191703796387 12.180950164794922
4 28.0 20.499759674072266 25.959383010864258 23.62788200378418 11.340349197387695 12.287532806396484
4 29.0 20.5428466796875 25.789138793945312 23.699907302856445 11.234904289245605 12.46500301361084
4 30.0 20.609359741210938 25.634899139404297 23.699092864990234 11.10978889465332 12.589303970336914
4 31.0 20.64163589477539 25.462432861328125 23.70594310760498 10.983785629272461 12.72215747833252
4 32.0 20.64682388305664 25.277725219726562 23.72468376159668 10.886809349060059 12.837874412536621
4 33.0 20.579296112060547 25.075454711914062 23.69365692138672 10.771428108215332 12.922228813171387
4 34.0 20.51397705078125 24.837543487548828 23.71409511566162 10.686141014099121 13.0279541015625
4 35.0 20.461048126220703 24.584964752197266 23.719429969787598 10.6008939743042 13.118535995483398
4 36.0 20.435678482055664 24.325927734375 23.757798194885254 10.51547622680664 13.242321968078613
4 37.0 20.524799346923828 24.116527557373047 23.847400665283203 10.399704933166504 13.4476957321167
4 38.0 20.52208709716797 23.91023063659668 23.853089332580566 10.263676643371582 13.589412689208984
4 39.0 20.51171112060547 23.68456268310547 23.851401329040527 10.063776016235352 13.787625312805176
4 40.0 20.51197624206543 23.471590042114258 23.885939598083496 9.943191528320312 13.942748069763184
4 41.0 20.5111083984375 23.24994659423828 23.93624973297119 9.827370643615723 14.108879089355469
4 42.0 20.46202278137207 23.044214248657227 23.980131149291992 9.737689971923828 14.242441177368164
4 43.0 20.496253967285156 22.84292221069336 24.048429489135742 9.652918815612793 14.39551067352295
4 44.0 20.5921573638916 22.656667709350586 24.10666561126709 9.552597045898438 14.554068565368652
4 45.0 20.63200569152832 22.451404571533203 24.170812606811523 9.447141647338867 14.723670959472656
4 46.0 20.584754943847656 22.24053382873535 24.18138885498047 9.334674835205078 14.84671401977539
4 47.0 20.538475036621094 22.028217315673828 24.230942726135254 9.214366912841797 15.016575813293457
4 48.0 20.45585823059082 21.82593536376953 24.140567779541016 9.065600395202637 15.074967384338379
4 49.0 20.400672912597656 21.62523651123047 24.1052303314209 8.938421249389648 15.16680908203125
4 50.0 20.382654190063477 21.442481994628906 24.085559844970703 8.814059257507324 15.271500587463379
4 51.0 20.345291137695312 21.27792739868164 24.006893157958984 8.648160934448242 15.358732223510742
4 52.0 20.325809478759766 21.095436096191406 23.9678955078125 8.525854110717773 15.442041397094727
4 53.0 20.289932250976562 20.87347412109375 23.971068382263184 8.413145065307617 15.557923316955566
4 54.0 20.224409103393555 20.621532440185547 23.922348976135254 8.270873069763184 15.65147590637207
4 55.0 20.174945831298828 20.386871337890625 23.928343772888184 8.179915428161621 15.748428344726562
4 56.0 20.208602905273438 20.179702758789062 23.981480598449707 8.117536544799805 15.863944053649902
4 57.0 20.203468322753906 19.96355438232422 24.003684997558594 8.053208351135254 15.95047664642334
4 58.0 20.143230438232422 19.751384735107422 24.01204776763916 7.951952934265137 16.060094833374023
4 59.0 20.136104583740234 19.573368072509766 24.01095962524414 7.837795257568359 16.17316436767578
4 60.0 20.110010147094727 19.413799285888672 23.9636812210083 7.7190351486206055 16.244646072387695
4 61.0 20.14911460876465 19.273719787597656 24.00857162475586 7.59437370300293 16.41419792175293
4 62.0 20.193450927734375 19.14740562438965 23.979580402374268 7.488348484039307 16.49123191833496
4 63.0 20.186494827270508 18.997879028320312 23.99888277053833 7.390951633453369 16.60793113708496
4 64.0 20.11347770690918 18.81613540649414 23.933481693267822 7.238264560699463 16.69521713256836
4 65.0 20.087900161743164 18.649883270263672 23.88933277130127 7.118239402770996 16.771093368530273
4 66.0 20.12139892578125 18.514080047607422 23.827773094177246 6.943598747253418 16.884174346923828
4 67.0 20.11028289794922 18.37752914428711 23.77323818206787 6.780087471008301 16.99315071105957
4 68.0 20.118106842041016 18.229450225830078 23.696467876434326 6.611375331878662 17.085092544555664
4 69.0 20.15276336669922 18.075092315673828 23.73936700820923 6.507021427154541 17.232345581054688
4 70.0 20.119417190551758 17.869091033935547 23.683560848236084 6.383792400360107 17.299768447875977
4 71.0 19.973342895507812 17.65042495727539 23.617545127868652 6.2788591384887695 17.338685989379883
4 72.0 19.895416259765625 17.4317569732666 23.536723136901855 6.169075965881348 17.367647171020508
4 73.0 19.84201431274414 17.23571014404297 23.46594524383545 6.046154975891113 17.419790267944336
4 74.0 19.76044273376465 17.039405822753906 23.42776393890381 5.951014518737793 17.476749420166016
4 75.0 19.780677795410156 16.879703521728516 23.46399974822998 5.861830711364746 17.602169036865234
4 76.0 19.775588989257812 16.72837257385254 23.483298778533936 5.756143093109131 17.727155685424805
4 77.0 19.741863250732422 16.630443572998047 23.46453094482422 5.674909591674805 17.789621353149414
4 78.0 19.729997634887695 16.57065200805664 23.42072296142578 5.577924728393555 17.842798233032227
4 79.0 19.77299690246582 16.521100997924805 23.457359313964844 5.481433868408203 17.97592544555664
4 80.0 19.835416793823242 16.48782730102539 23.487513542175293 5.380642890930176 18.106870651245117
4 81.0 19.896629333496094 16.47241973876953 23.506484508514404 5.325713634490967 18.180770874023438
4 82.0 19.93131446838379 16.450027465820312 23.495677947998047 5.265911102294922 18.229766845703125
4 83.0 19.95821189880371 16.433799743652344 23.536312103271484 5.180692672729492 18.355619430541992
4 84.0 19.996484756469727 16.40976333618164 23.569451808929443 5.08282995223999 18.486621856689453
4 85.0 20.033489227294922 16.38374137878418 23.62094736099243 4.9708333015441895 18.650114059448242
4 86.0 20.028425216674805 16.384912490844727 23.613131999969482 4.878100872039795 18.735031127929688
4 87.0 20.04347038269043 16.405099868774414 23.564228057861328 4.783168792724609 18.78105926513672
4 88.0 20.097795486450195 16.389019012451172 23.608275413513184 4.695223808288574 18.91305160522461
4 89.0 20.096790313720703 16.34766960144043 23.605844020843506 4.624776363372803 18.981067657470703
4 90.0 20.08139419555664 16.30201530456543 23.633747100830078 4.582878112792969 19.05086898803711
4 91.0 20.169645309448242 16.29590606689453 23.706774711608887 4.526850700378418 19.17992401123047
4 92.0 20.195980072021484 16.291606903076172 23.758713245391846 4.479481220245361 19.279232025146484
4 93.0 20.165218353271484 16.265960693359375 23.810214042663574 4.408740043640137 19.401473999023438
4 94.0 20.139732360839844 16.256532669067383 23.73673152923584 4.347075462341309 19.38965606689453
4 95.0 20.1380672454834 16.235248565673828 23.714519023895264 4.278209209442139 19.436309814453125
4 96.0 20.148473739624023 16.19523048400879 23.743565559387207 4.234957695007324 19.508607864379883
4 97.0 20.16094398498535 16.154930114746094 23.764705181121826 4.212077617645264 19.552627563476562
4 98.0 20.14382553100586 16.103363037109375 23.77249002456665 4.197132587432861 19.57535743713379
4 99.0 20.158205032348633 16.06378936767578 23.761115074157715 4.178441047668457 19.582674026489258
4 100.0 20.23573875427246 16.071853637695312 23.790412425994873 4.147372722625732 19.64303970336914
4 101.0 20.36143684387207 16.092269897460938 23.917330265045166 4.131832599639893 19.785497665405273
4 102.0 20.375385284423828 16.107437133789062 23.877050399780273 4.111064910888672 19.7659854888916
4 103.0 20.368703842163086 16.0773868560791 23.945968627929688 4.081621170043945 19.864347457885742
4 104.0 20.39653778076172 16.125606536865234 23.95595693588257 4.04066801071167 19.9152889251709
4 105.0 20.363224029541016 16.164325714111328 23.897493362426758 3.9973526000976562 19.9001407623291
4 106.0 20.293535232543945 16.158918380737305 23.81836462020874 3.9391894340515137 19.879175186157227
4 107.0 20.279565811157227 16.130836486816406 23.811888217926025 3.8930516242980957 19.91883659362793
4 108.0 20.31565284729004 16.1187801361084 23.81832218170166 3.8400888442993164 19.978233337402344
4 109.0 20.337217330932617 16.114356994628906 23.874409437179565 3.777500867843628 20.096908569335938
4 110.0 20.425479888916016 16.17123794555664 23.849339962005615 3.7136645317077637 20.13567543029785
4 111.0 20.48361587524414 16.192977905273438 23.935754776000977 3.6679325103759766 20.267822265625
4 112.0 20.59668731689453 16.21924591064453 23.984386205673218 3.626241445541382 20.358144760131836
4 113.0 20.648616790771484 16.253419876098633 24.00126051902771 3.573690176010132 20.427570343017578
4 114.0 20.694183349609375 16.32341766357422 24.065523147583008 3.516376495361328 20.54914665222168
4 115.0 20.724729537963867 16.435531616210938 24.062193870544434 3.4844369888305664 20.577756881713867
4 116.0 20.756820678710938 16.523395538330078 24.05454659461975 3.4364817142486572 20.618064880371094
4 117.0 20.799869537353516 16.56578254699707 24.099113702774048 3.3947908878326416 20.704322814941406
4 118.0 20.812944412231445 16.602581024169922 24.073951959609985 3.324625253677368 20.749326705932617
4 119.0 20.872350692749023 16.707382202148438 24.110678672790527 3.280564308166504 20.830114364624023
4 120.0 20.966833114624023 16.795360565185547 24.189477682113647 3.2352960109710693 20.954181671142578
4 121.0 21.0143985748291 16.860342025756836 24.219491481781006 3.1846213340759277 21.034870147705078
4 122.0 21.004257202148438 16.951967239379883 24.162343740463257 3.1241204738616943 21.038223266601562
4 123.0 20.976377487182617 17.028573989868164 24.156784057617188 3.0847854614257812 21.071998596191406
4 124.0 20.923498153686523 17.070972442626953 24.106292963027954 3.030914545059204 21.07537841796875
4 125.0 20.843427658081055 17.109506607055664 24.018189907073975 2.985175609588623 21.03301429748535
4 126.0 20.715049743652344 17.126205444335938 23.97212243080139 2.950392007827759 21.021730422973633
4 127.0 20.58807945251465 17.146854400634766 23.80853247642517 2.8989198207855225 20.90961265563965
4 128.0 20.544353485107422 17.1806697845459 23.717036485671997 2.8431999683380127 20.873836517333984
4 129.0 20.470684051513672 17.228776931762695 23.628220081329346 2.7785019874572754 20.84971809387207
4 130.0 20.39473533630371 17.251766204833984 23.476699829101562 2.6924686431884766 20.784231185913086
4 131.0 20.376150131225586 17.235092163085938 23.46029019355774 2.6065189838409424 20.853771209716797
4 132.0 20.43010711669922 17.267986297607422 23.399569511413574 2.5356054306030273 20.863964080810547
4 133.0 20.51430892944336 17.31521224975586 23.432595014572144 2.491022825241089 20.941572189331055
4 134.0 20.568143844604492 17.36417007446289 23.43427348136902 2.4531428813934326 20.981130599975586
4 135.0 20.653453826904297 17.451383590698242 23.500020742416382 2.404998540878296 21.095022201538086
4 136.0 20.749834060668945 17.57996940612793 23.54107165336609 2.399193525314331 21.141878128051758
4 137.0 20.783674240112305 17.71854019165039 23.47979998588562 2.3605239391326904 21.11927604675293
4 138.0 20.82967758178711 17.86300277709961 23.435268878936768 2.344606876373291 21.090662002563477
4 139.0 20.937618255615234 18.040836334228516 23.434977293014526 2.334557294845581 21.100419998168945
4 140.0 21.084619522094727 18.234712600708008 23.50205397605896 2.391303777694702 21.110750198364258
4 141.0 21.14912986755371 18.30014991760254 23.598154544830322 2.436859607696533 21.16129493713379
4 142.0 21.152442932128906 18.34502410888672 23.588356018066406 2.4223289489746094 21.166027069091797
4 143.0 21.095487594604492 18.367637634277344 23.52976155281067 2.4114773273468018 21.118284225463867
4 144.0 21.025876998901367 18.40215492248535 23.48068118095398 2.3859641551971436 21.094717025756836
4 145.0 20.954050064086914 18.415376663208008 23.465264320373535 2.367955207824707 21.097309112548828
4 146.0 20.949419021606445 18.435535430908203 23.493451595306396 2.384835720062256 21.10861587524414
4 147.0 20.99493980407715 18.529396057128906 23.42242121696472 2.394697904586792 21.02772331237793
4 148.0 21.040363311767578 18.619646072387695 23.500176668167114 2.4119808673858643 21.08819580078125
4 149.0 21.08283042907715 18.64887237548828 23.559632062911987 2.448622465133667 21.11100959777832
4 150.0 21.075084686279297 18.645627975463867 23.55977988243103 2.4878594875335693 21.07192039489746
4 151.0 21.065994262695312 18.66472625732422 23.554115295410156 2.540802001953125 21.01331329345703
4 152.0 21.133750915527344 18.803058624267578 23.56496524810791 2.6082448959350586 20.95672035217285
4 153.0 21.21196174621582 18.93875503540039 23.57889461517334 2.6526098251342773 20.926284790039062
4 154.0 21.225675582885742 18.962841033935547 23.57300090789795 2.7027502059936523 20.870250701904297
4 155.0 21.250404357910156 18.971176147460938 23.709491729736328 2.8364505767822266 20.8730411529541
4 156.0 21.360107421875 19.060035705566406 23.84033513069153 2.978684663772583 20.861650466918945
4 157.0 21.515033721923828 19.16377067565918 23.995849609375 3.1030807495117188 20.89276885986328
4 158.0 21.661460876464844 19.238122940063477 24.07108759880066 3.2137668132781982 20.85732078552246
4 159.0 21.745086669921875 19.31711769104004 24.080445051193237 3.2485759258270264 20.83186912536621
4 160.0 21.826120376586914 19.41726303100586 24.12507915496826 3.3123044967651367 20.812774658203125
4 161.0 21.90203857421875 19.487110137939453 24.19371795654297 3.46533203125 20.72838592529297
4 162.0 22.038541793823242 19.542343139648438 24.31360363960266 3.631070375442505 20.682533264160156
4 163.0 22.177865982055664 19.610837936401367 24.433265209197998 3.7644553184509277 20.66880989074707
4 164.0 22.2938175201416 19.72077178955078 24.543452262878418 3.8776159286499023 20.665836334228516
4 165.0 22.400793075561523 19.820348739624023 24.660166263580322 4.033384799957275 20.626781463623047
4 166.0 22.49159812927246 19.890697479248047 24.816182136535645 4.185925483703613 20.63025665283203
4 167.0 22.574968338012695 19.95709228515625 24.887132167816162 4.284152507781982 20.60297966003418
4 168.0 22.673992156982422 20.032958984375 24.952375888824463 4.388002872467041 20.564373016357422
4 169.0 22.803817749023438 20.11682891845703 25.11201000213623 4.555773735046387 20.556236267089844
4 170.0 22.973684310913086 20.27117156982422 25.27076530456543 4.707597732543945 20.563167572021484
4 171.0 23.072437286376953 20.392101287841797 25.351350784301758 4.818874359130859 20.5324764251709
4 172.0 23.138010025024414 20.474401473999023 25.384268283843994 4.8578667640686035 20.52640151977539
4 173.0 23.140573501586914 20.53766632080078 25.465864181518555 4.937450408935547 20.528413772583008
4 174.0 23.096771240234375 20.536582946777344 25.4703049659729 4.983112812042236 20.487192153930664
4 175.0 23.0584774017334 20.529638290405273 25.521245002746582 5.076888084411621 20.44435691833496
4 176.0 23.086355209350586 20.55439567565918 25.613365173339844 5.1796112060546875 20.433753967285156
4 177.0 23.12122344970703 20.565040588378906 25.626034259796143 5.265366077423096 20.360668182373047
4 178.0 23.099504470825195 20.52444839477539 25.74487829208374 5.373849391937256 20.371028900146484
4 179.0 23.03982162475586 20.487442016601562 25.747783184051514 5.4430670738220215 20.304716110229492
4 180.0 23.06569480895996 20.51015281677246 25.884844303131104 5.583323001861572 20.30152130126953
4 181.0 23.17211151123047 20.597980499267578 25.968892097473145 5.735968589782715 20.23292350769043
4 182.0 23.243152618408203 20.606754302978516 26.06734848022461 5.87306022644043 20.19428825378418
4 183.0 23.31145477294922 20.569229125976562 26.218027591705322 6.098968982696533 20.11905860900879
4 184.0 23.40375328063965 20.587787628173828 26.316469192504883 6.270673751831055 20.045795440673828
4 185.0 23.44914436340332 20.58997917175293 26.41970157623291 6.430068016052246 19.989633560180664
4 186.0 23.480878829956055 20.595632553100586 26.497746467590332 6.621626853942871 19.87611961364746
4 187.0 23.49405288696289 20.57754135131836 26.57203197479248 6.800076484680176 19.771955490112305
4 188.0 23.419767379760742 20.469573974609375 26.52474069595337 6.904364109039307 19.620376586914062
4 189.0 23.367799758911133 20.327007293701172 26.586336612701416 7.05125093460083 19.535085678100586
4 190.0 23.34722137451172 20.21519660949707 26.581243991851807 7.1905694007873535 19.390674591064453
4 191.0 23.38629722595215 20.231311798095703 26.652865409851074 7.355786323547363 19.29707908630371
4 192.0 23.38763427734375 20.222455978393555 26.71664047241211 7.4987640380859375 19.217876434326172
4 193.0 23.295501708984375 20.106834411621094 26.753365993499756 7.6462016105651855 19.10716438293457
4 194.0 23.230915069580078 20.034217834472656 26.777567863464355 7.758915901184082 19.018651962280273
4 195.0 23.25482749938965 19.98149871826172 26.90177583694458 7.953487873077393 18.948287963867188
4 196.0 23.31659698486328 19.990009307861328 26.98308277130127 8.133614540100098 18.849468231201172
4 197.0 23.258329391479492 19.94452667236328 26.946191787719727 8.232851028442383 18.713340759277344
4 198.0 23.22311782836914 19.86376190185547 26.9898738861084 8.403797149658203 18.586076736450195
4 199.0 23.22745132446289 19.766096115112305 27.0803279876709 8.598369598388672 18.481958389282227
4 200.0 23.16345977783203 19.687105178833008 27.107644081115723 8.746891975402832 18.36075210571289
4 201.0 23.079607009887695 19.62423324584961 27.090275764465332 8.862092018127441 18.22818374633789
4 202.0 22.903812408447266 19.54570198059082 26.963577270507812 8.886123657226562 18.07745361328125
4 203.0 22.705860137939453 19.452190399169922 26.839292526245117 8.900857925415039 17.938434600830078
4 204.0 22.508136749267578 19.329387664794922 26.685239791870117 8.933364868164062 17.751874923706055
4 205.0 22.368764877319336 19.214828491210938 26.58545684814453 8.992866516113281 17.59259033203125
4 206.0 22.29094696044922 19.106201171875 26.648316383361816 9.142552375793457 17.50576400756836
4 207.0 22.200233459472656 19.03081512451172 26.60722827911377 9.2472505569458 17.35997772216797
4 208.0 22.098834991455078 18.95783233642578 26.510643005371094 9.307889938354492 17.2027530670166
4 209.0 21.923763275146484 18.815906524658203 26.43584156036377 9.385302543640137 17.050539016723633
4 210.0 21.732376098632812 18.657848358154297 26.325312614440918 9.441534996032715 16.883777618408203
4 211.0 21.592388153076172 18.53072166442871 26.17384910583496 9.536821365356445 16.637027740478516
4 212.0 21.441265106201172 18.401344299316406 26.041150093078613 9.600743293762207 16.440406799316406
4 213.0 21.275405883789062 18.286884307861328 25.95310878753662 9.703051567077637 16.250057220458984
4 214.0 21.084331512451172 18.159534454345703 25.795737266540527 9.770462989807129 16.0252742767334
4 215.0 20.894737243652344 18.03924560546875 25.644750595092773 9.830739974975586 15.814010620117188
4 216.0 20.689313888549805 17.90264892578125 25.3633451461792 9.880194664001465 15.483150482177734
4 217.0 20.50241470336914 17.74723243713379 25.21199321746826 9.961137771606445 15.250855445861816
4 218.0 20.32553482055664 17.580570220947266 25.007488250732422 10.044681549072266 14.962806701660156
4 219.0 20.125213623046875 17.417516708374023 24.860392570495605 10.111661911010742 14.748730659484863
4 220.0 19.914539337158203 17.2757568359375 24.6666841506958 10.171578407287598 14.495105743408203
4 221.0 19.67765235900879 17.138092041015625 24.422836303710938 10.222711563110352 14.200124740600586
4 222.0 19.408737182617188 16.988367080688477 24.244019508361816 10.30535888671875 13.938660621643066
4 223.0 19.11464500427246 16.837026596069336 23.93215560913086 10.36579704284668 13.56635856628418
4 224.0 18.804243087768555 16.67474365234375 23.609161376953125 10.395978927612305 13.21318244934082
4 225.0 18.52924346923828 16.524457931518555 23.34665012359619 10.446554183959961 12.90009593963623
4 226.0 18.212921142578125 16.36609649658203 22.98726463317871 10.500486373901367 12.486778259277344
4 227.0 17.91899299621582 16.173219680786133 22.63305950164795 10.56259536743164 12.070464134216309
4 228.0 17.592174530029297 15.948797225952148 22.176422119140625 10.647232055664062 11.529190063476562
4 229.0 17.254819869995117 15.744669914245605 21.784987449645996 10.701212882995605 11.08377456665039
4 230.0 16.970928192138672 15.583454132080078 21.527430534362793 10.73033332824707 10.797097206115723
4 231.0 16.768722534179688 15.45446491241455 21.252111434936523 10.799867630004883 10.45224380493164
4 232.0 16.554264068603516 15.348840713500977 20.916768074035645 10.886157035827637 10.030611038208008
4 233.0 16.33687400817871 15.270143508911133 20.51241683959961 10.965208053588867 9.547208786010742
4 234.0 16.098854064941406 15.15859317779541 20.12605857849121 11.051969528198242 9.074089050292969
4 235.0 15.90296745300293 15.025291442871094 19.724445343017578 11.218762397766113 8.505682945251465
4 236.0 15.729217529296875 14.9037504196167 19.310709953308105 11.303876876831055 8.00683307647705
4 237.0 15.509721755981445 14.803009033203125 18.915419101715088 11.321435928344727 7.593983173370361
4 238.0 15.286272048950195 14.719504356384277 18.550917625427246 11.315706253051758 7.235211372375488
4 239.0 15.097070693969727 14.644123077392578 18.231177806854248 11.344442367553711 6.886735439300537
4 240.0 14.986868858337402 14.587111473083496 18.042602062225342 11.415733337402344 6.626868724822998
4 241.0 14.92088508605957 14.507024765014648 17.930424690246582 11.595416069030762 6.33500862121582
4 242.0 14.782674789428711 14.4444580078125 17.657658100128174 11.658519744873047 5.999138355255127
4 243.0 14.630806922912598 14.338900566101074 17.368216037750244 11.69737720489502 5.670838832855225
4 244.0 14.503741264343262 14.231160163879395 17.15021800994873 11.77223014831543 5.377987861633301
4 245.0 14.36357307434082 14.147412300109863 16.900311946868896 11.8416166305542 5.058695316314697
4 246.0 14.227444648742676 14.103995323181152 16.60243511199951 11.89664363861084 4.705791473388672
4 247.0 14.111710548400879 14.09727668762207 16.36463451385498 11.923583984375 4.4410505294799805
4 248.0 13.998565673828125 14.096427917480469 16.173507690429688 11.972308158874512 4.201199531555176
4 249.0 13.855382919311523 14.06280517578125 15.9181067943573 12.003703117370605 3.9144036769866943
4 250.0 13.703146934509277 14.02669620513916 15.714022159576416 12.020345687866211 3.693676471710205
4 251.0 13.584503173828125 14.015856742858887 15.496176958084106 12.052106857299805 3.4440701007843018
4 252.0 13.48395824432373 14.013714790344238 15.285128116607666 12.138779640197754 3.146348476409912
4 253.0 13.396210670471191 14.021223068237305 15.02819275856018 12.205647468566895 2.822545289993286
4 254.0 13.334808349609375 14.047529220581055 14.86163067817688 12.264564514160156 2.5970661640167236
4 255.0 13.260078430175781 14.075277328491211 14.746743440628052 12.303211212158203 2.4435322284698486
4 256.0 13.163936614990234 14.089339256286621 14.632236003875732 12.298388481140137 2.3338475227355957
4 257.0 13.068865776062012 14.094742774963379 14.523167371749878 12.289310455322266 2.2338569164276123
4 258.0 12.967833518981934 14.091123580932617 14.421454429626465 12.295869827270508 2.125584602355957
4 259.0 12.880126953125 14.109718322753906 14.316904544830322 12.302927017211914 2.013977527618408
4 260.0 12.828011512756348 14.187493324279785 14.227460145950317 12.320501327514648 1.906958818435669
4 261.0 12.787198066711426 14.259297370910645 14.112350463867188 12.304607391357422 1.8077430725097656
4 262.0 12.73853588104248 14.30268669128418 14.014023900032043 12.348226547241211 1.6657973527908325
4 263.0 12.631132125854492 14.310935974121094 13.887365460395813 12.330904960632324 1.5564604997634888
4 264.0 12.537139892578125 14.366231918334961 13.684118390083313 12.245341300964355 1.4387770891189575
4 265.0 12.490168571472168 14.438714981079102 13.572628021240234 12.249996185302734 1.3226318359375
4 266.0 12.439852714538574 14.495808601379395 13.52259635925293 12.295961380004883 1.2266349792480469
4 267.0 12.417570114135742 14.54212474822998 13.478382110595703 12.326794624328613 1.1515874862670898
4 268.0 12.454785346984863 14.622872352600098 13.454166769981384 12.424500465393066 1.0296663045883179
4 269.0 12.49000072479248 14.754033088684082 13.358325898647308 12.496132850646973 0.8621930480003357
4 270.0 12.524090766906738 14.881555557250977 13.373124122619629 12.570483207702637 0.8026409149169922
4 271.0 12.55636215209961 15.006208419799805 13.387157440185547 12.635589599609375 0.7515678405761719
4 272.0 12.565187454223633 15.101540565490723 13.383450210094452 12.676164627075195 0.7072855830192566
4 273.0 12.563758850097656 15.173493385314941 13.396649062633514 12.730609893798828 0.6660391688346863
4 274.0 12.5960111618042 15.276053428649902 13.406113803386688 12.771458625793457 0.6346551775932312
4 275.0 12.632442474365234 15.384271621704102 13.434905052185059 12.824471473693848 0.6104335784912109
4 276.0 12.681604385375977 15.485912322998047 13.477237284183502 12.887182235717773 0.5900550484657288
4 277.0 12.727813720703125 15.592334747314453 13.526486158370972 12.947914123535156 0.5785720348358154
4 278.0 12.778977394104004 15.700127601623535 13.587213695049286 13.027216911315918 0.5599967837333679
4 279.0 12.811647415161133 15.785396575927734 13.628325402736664 13.069479942321777 0.5588454604148865
4 280.0 12.824738502502441 15.864778518676758 13.675348043441772 13.114309310913086 0.5610387325286865
4 281.0 12.815446853637695 15.944961547851562 13.69471788406372 13.140686988830566 0.5540308952331543
4 282.0 12.7847318649292 16.021697998046875 13.681455135345459 13.130555152893066 0.5508999824523926
4 283.0 12.766252517700195 16.096435546875 13.673934280872345 13.129768371582031 0.5441659092903137
4 284.0 12.777872085571289 16.190916061401367 13.680607616901398 13.149998664855957 0.5306089520454407
4 285.0 12.795642852783203 16.27535629272461 13.70425295829773 13.173182487487793 0.5310704708099365
4 286.0 12.861913681030273 16.368677139282227 13.776645541191101 13.257723808288574 0.5189217329025269
4 287.0 12.91452407836914 16.46693992614746 13.82830998301506 13.32912540435791 0.49918457865715027
4 288.0 12.95703411102295 16.569238662719727 13.873286306858063 13.394821166992188 0.47846513986587524
4 289.0 13.013383865356445 16.673389434814453 13.924082249403 13.456293106079102 0.4677891433238983
4 290.0 13.04454517364502 16.78496551513672 13.96478334069252 13.51005744934082 0.45472589135169983
4 291.0 13.067856788635254 16.89192008972168 13.998519152402878 13.555047035217285 0.44347211718559265
4 292.0 13.064123153686523 16.98263168334961 14.025832563638687 13.58421516418457 0.4416173994541168
4 293.0 13.048321723937988 17.054553985595703 13.99810066819191 13.56162166595459 0.43647900223731995
4 294.0 13.008567810058594 17.08249282836914 13.988563567399979 13.576908111572266 0.411655455827713
4 295.0 13.00403118133545 17.136585235595703 13.977652549743652 13.579374313354492 0.39827823638916016
4 296.0 13.07070255279541 17.244373321533203 14.012244582176208 13.630239486694336 0.38200509548187256
4 297.0 13.107097625732422 17.348079681396484 14.06969639658928 13.696271896362305 0.3734245002269745
4 298.0 13.108508110046387 17.40608024597168 14.071468472480774 13.71402359008789 0.3574448823928833
4 299.0 13.090167045593262 17.44845962524414 14.063215643167496 13.713241577148438 0.3499740660190582
4 300.0 13.042238235473633 17.490848541259766 14.023859918117523 13.669553756713867 0.354306161403656
4 301.0 13.018840789794922 17.549545288085938 13.987190246582031 13.639257431030273 0.3479328155517578
4 302.0 13.00360107421875 17.586864471435547 13.92084527015686 13.586308479309082 0.3345367908477783
4 303.0 13.013518333435059 17.646390914916992 13.913298785686493 13.579764366149902 0.3335344195365906
4 304.0 13.023527145385742 17.70013999938965 13.916704833507538 13.596080780029297 0.32062405347824097
4 305.0 13.022466659545898 17.760589599609375 13.907404333353043 13.593611717224121 0.3137926161289215
4 306.0 13.020139694213867 17.83390235900879 13.93567168712616 13.607207298278809 0.3284643888473511
4 307.0 13.036734580993652 17.922292709350586 13.927209496498108 13.595364570617676 0.33184492588043213
4 308.0 13.039722442626953 17.98807716369629 13.938177973031998 13.615591049194336 0.32258692383766174
4 309.0 13.02587604522705 18.037864685058594 13.94661220908165 13.628681182861328 0.31793102622032166
4 310.0 13.003617286682129 18.086402893066406 13.937786102294922 13.601968765258789 0.3358173370361328
4 311.0 12.953191757202148 18.10712242126465 13.91802367568016 13.581522941589355 0.33650073409080505
4 312.0 12.865239143371582 18.098283767700195 13.856655597686768 13.52808666229248 0.3285689353942871
4 313.0 12.845216751098633 18.116058349609375 13.8542420566082 13.500969886779785 0.3532721698284149
4 314.0 12.889704704284668 18.230878829956055 13.869581699371338 13.460614204406738 0.4089674949645996
4 315.0 12.931523323059082 18.34722328186035 13.885818213224411 13.433728218078613 0.45208999514579773
4 316.0 12.957079887390137 18.44077491760254 13.848249197006226 13.37703800201416 0.47121119499206543
4 317.0 12.987067222595215 18.530187606811523 13.899113953113556 13.36998176574707 0.5291321873664856
4 318.0 13.0294771194458 18.597543716430664 13.947493553161621 13.34933853149414 0.5981550216674805
4 319.0 13.101178169250488 18.664369583129883 14.021170675754547 13.34284782409668 0.6783228516578674
4 320.0 13.202821731567383 18.7681941986084 14.12041050195694 13.36137866973877 0.7590318322181702
4 321.0 13.275681495666504 18.871828079223633 14.213595509529114 13.369860649108887 0.843734860420227
4 322.0 13.30249309539795 18.947193145751953 14.292902112007141 13.381291389465332 0.9116107225418091
4 323.0 13.326726913452148 19.004966735839844 14.358246266841888 13.390519142150879 0.9677271246910095
4 324.0 13.362777709960938 19.058645248413086 14.397954642772675 13.399358749389648 0.9985958933830261
4 325.0 13.423750877380371 19.147706985473633 14.452839136123657 13.410792350769043 1.0420467853546143
4 326.0 13.466841697692871 19.21689224243164 14.490058541297913 13.400435447692871 1.0896230936050415
4 327.0 13.502704620361328 19.283422470092773 14.535848140716553 13.395025253295898 1.1408228874206543
4 328.0 13.533466339111328 19.35189437866211 14.57897412776947 13.384134292602539 1.1948398351669312
4 329.0 13.546728134155273 19.396888732910156 14.598191976547241 13.345385551452637 1.2528064250946045
4 330.0 13.580775260925293 19.466520309448242 14.64133334159851 13.310687065124512 1.330646276473999
4 331.0 13.625804901123047 19.53667640686035 14.692502856254578 13.28610897064209 1.4063938856124878
4 332.0 13.658171653747559 19.599071502685547 14.750801682472229 13.268057823181152 1.4827438592910767
4 333.0 13.693561553955078 19.653751373291016 14.797949194908142 13.231502532958984 1.5664466619491577
4 334.0 13.75829792022705 19.714384078979492 14.896380424499512 13.23440933227539 1.661971092224121
4 335.0 13.809246063232422 19.749467849731445 14.947928190231323 13.216836929321289 1.7310912609100342
4 336.0 13.837468147277832 19.80221176147461 15.00010621547699 13.228785514831543 1.7713207006454468
4 337.0 13.843743324279785 19.85724639892578 14.992523550987244 13.202034950256348 1.790488600730896
4 338.0 13.862957954406738 19.925094604492188 15.034379005432129 13.195850372314453 1.8385286331176758
4 339.0 13.917986869812012 20.01294708251953 15.096045017242432 13.200886726379395 1.895158290863037
4 340.0 13.977123260498047 20.073253631591797 15.193405508995056 13.240110397338867 1.953295111656189
4 341.0 14.060473442077637 20.132043838500977 15.326080322265625 13.278886795043945 2.0471935272216797
4 342.0 14.171138763427734 20.185264587402344 15.38972520828247 13.268061637878418 2.1216635704040527
4 343.0 14.234261512756348 20.216617584228516 15.444847345352173 13.259997367858887 2.184849977493286
4 344.0 14.262308120727539 20.229705810546875 15.484376907348633 13.241462707519531 2.2429141998291016
4 345.0 14.300724029541016 20.262216567993164 15.547656059265137 13.23926830291748 2.3083877563476562
4 346.0 14.348077774047852 20.293155670166016 15.634571313858032 13.24400520324707 2.390566110610962
4 347.0 14.376980781555176 20.35965347290039 15.691000699996948 13.254390716552734 2.436609983444214
4 348.0 14.411833763122559 20.43565559387207 15.669344186782837 13.199014663696289 2.470329523086548
4 349.0 14.45132827758789 20.492570877075195 15.74867558479309 13.18624496459961 2.5624306201934814
4 350.0 14.511234283447266 20.553062438964844 15.846554040908813 13.189726829528809 2.656827211380005
4 351.0 14.571927070617676 20.604337692260742 15.910135507583618 13.170042991638184 2.7400925159454346
4 352.0 14.643393516540527 20.65245246887207 15.998208999633789 13.136573791503906 2.861635208129883
4 353.0 14.74679946899414 20.711416244506836 16.09746789932251 13.095942497253418 3.001525402069092
4 354.0 14.789459228515625 20.766090393066406 16.1035373210907 13.018455505371094 3.0850818157196045
4 355.0 14.848284721374512 20.809537887573242 16.140616178512573 12.954648971557617 3.185967206954956
4 356.0 14.868356704711914 20.858089447021484 16.158652544021606 12.870692253112793 3.2879602909088135
4 357.0 14.9039945602417 20.926136016845703 16.24051070213318 12.828470230102539 3.4120404720306396
4 358.0 14.975234985351562 20.990373611450195 16.301286220550537 12.799223899841309 3.5020623207092285
4 359.0 15.046058654785156 21.048538208007812 16.39741539955139 12.753902435302734 3.6435129642486572
4 360.0 15.057111740112305 21.091527938842773 16.442869663238525 12.69304370880127 3.749825954437256
4 361.0 15.071603775024414 21.107858657836914 16.50522494316101 12.639649391174316 3.8655755519866943
4 362.0 15.117137908935547 21.123523712158203 16.57378053665161 12.559558868408203 4.014221668243408
4 363.0 15.19375991821289 21.132076263427734 16.66364288330078 12.504898071289062 4.158744812011719
4 364.0 15.279470443725586 21.183874130249023 16.76443099975586 12.476445198059082 4.287985801696777
4 365.0 15.353849411010742 21.25486183166504 16.845842361450195 12.427430152893066 4.418412208557129
4 366.0 15.465309143066406 21.27933692932129 16.973406314849854 12.378458976745605 4.594947338104248
5 1.0 18.202552795410156 28.063199996948242 20.375882148742676 12.715209007263184 7.660673141479492
5 2.0 18.184329986572266 27.953657150268555 20.46272563934326 12.699880599975586 7.762845039367676
5 3.0 18.302932739257812 27.8944149017334 20.569793701171875 12.702463150024414 7.867330551147461
5 4.0 18.44138526916504 27.820058822631836 20.78934383392334 12.723470687866211 8.065873146057129
5 5.0 18.594301223754883 27.785133361816406 20.926949501037598 12.669157981872559 8.257791519165039
5 6.0 18.705846786499023 27.811729431152344 20.985405921936035 12.59906005859375 8.386345863342285
5 7.0 18.766036987304688 27.779312133789062 21.07750129699707 12.551883697509766 8.525617599487305
5 8.0 18.846893310546875 27.76704216003418 21.223913192749023 12.489852905273438 8.734060287475586
5 9.0 18.944137573242188 27.774940490722656 21.30350685119629 12.443807601928711 8.859699249267578
5 10.0 19.04150390625 27.77962875366211 21.42854404449463 12.383316040039062 9.045228004455566
5 11.0 19.16468048095703 27.785198211669922 21.546598434448242 12.318136215209961 9.228462219238281
5 12.0 19.30938148498535 27.798118591308594 21.655187606811523 12.250781059265137 9.404406547546387
5 13.0 19.43219566345215 27.763992309570312 21.781752586364746 12.194632530212402 9.587120056152344
5 14.0 19.5855712890625 27.706565856933594 21.92344379425049 12.137944221496582 9.785499572753906
5 15.0 19.694194793701172 27.631607055664062 22.08518409729004 12.082758903503418 10.002425193786621
5 16.0 19.768390655517578 27.56817054748535 22.182722091674805 12.04132080078125 10.141401290893555
5 17.0 19.835954666137695 27.512454986572266 22.291165351867676 11.971927642822266 10.31923770904541
5 18.0 19.95932960510254 27.487781524658203 22.485644340515137 11.88469409942627 10.600950241088867
5 19.0 20.06641960144043 27.460786819458008 22.63715362548828 11.803576469421387 10.833577156066895
5 20.0 20.141510009765625 27.39114761352539 22.748169898986816 11.752556800842285 10.995613098144531
5 21.0 20.22833251953125 27.293643951416016 22.890782356262207 11.69542121887207 11.195361137390137
5 22.0 20.392351150512695 27.197792053222656 23.043789863586426 11.645263671875 11.398526191711426
5 23.0 20.558067321777344 27.114355087280273 23.252899169921875 11.581147193908691 11.671751976013184
5 24.0 20.616243362426758 27.01663589477539 23.36607551574707 11.5481595993042 11.817915916442871
5 25.0 20.675987243652344 26.929351806640625 23.463809967041016 11.496397972106934 11.967411994934082
5 26.0 20.80280113220215 26.891355514526367 23.609530448913574 11.403186798095703 12.206343650817871
5 27.0 20.983173370361328 26.860214233398438 23.78215789794922 11.325519561767578 12.45663833618164
5 28.0 21.16470718383789 26.796955108642578 23.923012733459473 11.251002311706543 12.67201042175293
5 29.0 21.250072479248047 26.683731079101562 24.108402252197266 11.173537254333496 12.93486499786377
5 30.0 21.26795196533203 26.52937889099121 24.134048461914062 11.081025123596191 13.053023338317871
5 31.0 21.2524356842041 26.373682022094727 24.228257179260254 10.961583137512207 13.266674041748047
5 32.0 21.27791404724121 26.22203826904297 24.36750316619873 10.85582160949707 13.51168155670166
5 33.0 21.27527618408203 26.05282211303711 24.414827346801758 10.730268478393555 13.684558868408203
5 34.0 21.296764373779297 25.85785675048828 24.47037696838379 10.611336708068848 13.859040260314941
5 35.0 21.387542724609375 25.698001861572266 24.557379722595215 10.527835845947266 14.02954387664795
5 36.0 21.47396469116211 25.549076080322266 24.570759773254395 10.3994140625 14.171345710754395
5 37.0 21.423168182373047 25.358728408813477 24.605501174926758 10.284083366394043 14.321417808532715
5 38.0 21.351295471191406 25.153112411499023 24.540873527526855 10.171140670776367 14.369732856750488
5 39.0 21.353557586669922 24.95309829711914 24.571322441101074 10.059247016906738 14.512075424194336
5 40.0 21.383121490478516 24.76091194152832 24.525737762451172 9.911881446838379 14.613856315612793
5 41.0 21.378854751586914 24.575345993041992 24.54630184173584 9.805673599243164 14.740628242492676
5 42.0 21.39654541015625 24.38628578186035 24.574191093444824 9.724815368652344 14.84937572479248
5 43.0 21.365514755249023 24.185443878173828 24.656655311584473 9.643046379089355 15.013608932495117
5 44.0 21.329654693603516 24.003673553466797 24.67656898498535 9.581308364868164 15.095260620117188
5 45.0 21.295534133911133 23.78350830078125 24.696718215942383 9.489079475402832 15.20763874053955
5 46.0 21.210975646972656 23.582862854003906 24.681039810180664 9.398131370544434 15.28290843963623
5 47.0 21.116865158081055 23.360332489013672 24.62678813934326 9.290672302246094 15.336115837097168
5 48.0 21.054277420043945 23.152389526367188 24.50768756866455 9.163424491882324 15.344263076782227
5 49.0 21.101177215576172 22.995357513427734 24.554081916809082 9.053607940673828 15.500473976135254
5 50.0 21.140764236450195 22.817583084106445 24.63713264465332 8.972267150878906 15.664865493774414
5 51.0 21.104583740234375 22.581985473632812 24.600988388061523 8.85985279083252 15.741135597229004
5 52.0 21.0753173828125 22.34392547607422 24.59009838104248 8.768562316894531 15.82153606414795
5 53.0 21.06220054626465 22.127559661865234 24.59666919708252 8.640645980834961 15.956023216247559
5 54.0 21.045612335205078 21.905115127563477 24.626229286193848 8.533862113952637 16.09236717224121
5 55.0 21.00630760192871 21.69324493408203 24.654465675354004 8.435194969177246 16.219270706176758
5 56.0 20.932231903076172 21.486995697021484 24.62847900390625 8.329557418823242 16.298921585083008
5 57.0 20.905498504638672 21.307029724121094 24.575419425964355 8.188218116760254 16.3872013092041
5 58.0 20.886768341064453 21.11455726623535 24.546527862548828 8.065025329589844 16.481502532958984
5 59.0 20.895408630371094 20.917186737060547 24.512035369873047 7.955625534057617 16.55640983581543
5 60.0 20.905120849609375 20.721088409423828 24.45781183242798 7.809057712554932 16.648754119873047
5 61.0 20.888599395751953 20.551597595214844 24.500882625579834 7.694800853729248 16.806081771850586
5 62.0 20.8334903717041 20.390911102294922 24.500356197357178 7.590949535369873 16.909406661987305
5 63.0 20.799850463867188 20.191650390625 24.45958185195923 7.475584506988525 16.983997344970703
5 64.0 20.74509620666504 19.936389923095703 24.481618881225586 7.382413864135742 17.099205017089844
5 65.0 20.692609786987305 19.66208839416504 24.456434726715088 7.289583683013916 17.166851043701172
5 66.0 20.620309829711914 19.391407012939453 24.496674060821533 7.20591402053833 17.290760040283203
5 67.0 20.488388061523438 19.131046295166016 24.529674530029297 7.126972198486328 17.40270233154297
5 68.0 20.393999099731445 18.94573211669922 24.498899936676025 7.0356221199035645 17.46327781677246
5 69.0 20.343854904174805 18.78387451171875 24.507712364196777 6.9483442306518555 17.559368133544922
5 70.0 20.340835571289062 18.62845230102539 24.48926019668579 6.876169681549072 17.61309051513672
5 71.0 20.268815994262695 18.446773529052734 24.445037364959717 6.787553310394287 17.65748405456543
5 72.0 20.227516174316406 18.26987648010254 24.4101243019104 6.68980073928833 17.72032356262207
5 73.0 20.18613624572754 18.089557647705078 24.364036083221436 6.612412929534912 17.751623153686523
5 74.0 20.262771606445312 17.974742889404297 24.37398910522461 6.545585632324219 17.82840347290039
5 75.0 20.42081642150879 17.909080505371094 24.440478801727295 6.453891277313232 17.986587524414062
5 76.0 20.487369537353516 17.855379104614258 24.453200817108154 6.342404842376709 18.110795974731445
5 77.0 20.447467803955078 17.774612426757812 24.31419324874878 6.182055950164795 18.132137298583984
5 78.0 20.391279220581055 17.659311294555664 24.302917957305908 6.066988468170166 18.235929489135742
5 79.0 20.40670394897461 17.561281204223633 24.24036979675293 5.9223175048828125 18.318052291870117
5 80.0 20.417692184448242 17.413381576538086 24.261845111846924 5.862551212310791 18.399293899536133
5 81.0 20.39042854309082 17.258255004882812 24.253872871398926 5.799820899963379 18.454051971435547
5 82.0 20.383975982666016 17.174762725830078 24.23323965072632 5.734012126922607 18.49922752380371
5 83.0 20.473779678344727 17.147075653076172 24.29743528366089 5.649901866912842 18.647533416748047
5 84.0 20.539209365844727 17.123245239257812 24.39789628982544 5.585323810577393 18.812572479248047
5 85.0 20.526443481445312 17.055572509765625 24.368834018707275 5.521019458770752 18.847814559936523
5 86.0 20.49082374572754 16.981983184814453 24.401408672332764 5.44507360458374 18.956335067749023
5 87.0 20.410274505615234 16.886886596679688 24.417811393737793 5.395512580871582 19.02229881286621
5 88.0 20.446727752685547 16.79694938659668 24.48777675628662 5.330479621887207 19.157297134399414
5 89.0 20.528100967407227 16.73308563232422 24.505236625671387 5.265374183654785 19.2398624420166
5 90.0 20.588205337524414 16.683393478393555 24.534690380096436 5.213063716888428 19.321626663208008
5 91.0 20.51010513305664 16.582874298095703 24.52953052520752 5.147950172424316 19.381580352783203
5 92.0 20.5672550201416 16.50819969177246 24.544366359710693 5.069713115692139 19.474653244018555
5 93.0 20.666227340698242 16.468868255615234 24.523273944854736 4.957394123077393 19.565879821777344
5 94.0 20.619916915893555 16.404922485351562 24.526721000671387 4.882205009460449 19.644515991210938
5 95.0 20.535566329956055 16.365684509277344 24.487329959869385 4.816513538360596 19.67081642150879
5 96.0 20.45415687561035 16.30265235900879 24.438485145568848 4.7616472244262695 19.676837921142578
5 97.0 20.41871452331543 16.26912498474121 24.41367197036743 4.699728488922119 19.713943481445312
5 98.0 20.482921600341797 16.262603759765625 24.42208766937256 4.606682777404785 19.815404891967773
5 99.0 20.472957611083984 16.26370620727539 24.33979558944702 4.522866725921631 19.81692886352539
5 100.0 20.467931747436523 16.27143669128418 24.339805603027344 4.468954086303711 19.870851516723633
5 101.0 20.463695526123047 16.290149688720703 24.340118408203125 4.394382476806641 19.945735931396484
5 102.0 20.4739933013916 16.318300247192383 24.35010290145874 4.324923992156982 20.025178909301758
5 103.0 20.478395462036133 16.33220672607422 24.33316135406494 4.264801979064941 20.068359375
5 104.0 20.52069091796875 16.351987838745117 24.257155895233154 4.225297451019287 20.031858444213867
5 105.0 20.580005645751953 16.372108459472656 24.240600109100342 4.156686305999756 20.083913803100586
5 106.0 20.646841049194336 16.37430763244629 24.314300537109375 4.131313323974609 20.182987213134766
5 107.0 20.805723190307617 16.420215606689453 24.49158000946045 4.103619575500488 20.38796043395996
5 108.0 21.02254867553711 16.505664825439453 24.659006595611572 4.0686116218566895 20.590394973754883
5 109.0 21.126232147216797 16.56477165222168 24.78531312942505 4.015041828155518 20.77027130126953
5 110.0 21.185789108276367 16.610748291015625 24.799057722091675 3.965296506881714 20.83376121520996
5 111.0 21.252750396728516 16.67082405090332 24.82991051673889 3.9410383701324463 20.888872146606445
5 112.0 21.303558349609375 16.718788146972656 24.83447241783142 3.8844964504241943 20.949975967407227
5 113.0 21.339963912963867 16.77318000793457 24.878007888793945 3.8558521270751953 21.02215576171875
5 114.0 21.31894302368164 16.822566986083984 24.867916345596313 3.8248960971832275 21.043020248413086
5 115.0 21.288373947143555 16.82417869567871 24.842196702957153 3.791795015335083 21.05040168762207
5 116.0 21.274198532104492 16.843338012695312 24.89205241203308 3.7757842540740967 21.116268157958984
5 117.0 21.255271911621094 16.885848999023438 24.79914379119873 3.701077461242676 21.098066329956055
5 118.0 21.261306762695312 16.932987213134766 24.73712658882141 3.633267641067505 21.103858947753906
5 119.0 21.261178970336914 16.970787048339844 24.747409105300903 3.585049867630005 21.1623592376709
5 120.0 21.22197151184082 16.97241973876953 24.769670009613037 3.5678648948669434 21.201805114746094
5 121.0 21.186290740966797 16.936479568481445 24.78294610977173 3.536461353302002 21.246484756469727
5 122.0 21.15542984008789 16.883899688720703 24.796398878097534 3.5231387615203857 21.27326011657715
5 123.0 21.17177391052246 16.87537384033203 24.810531616210938 3.4938507080078125 21.316680908203125
5 124.0 21.149520874023438 16.88908576965332 24.74968981742859 3.4416263103485107 21.308063507080078
5 125.0 21.198274612426758 16.944841384887695 24.685555458068848 3.388216972351074 21.297338485717773
5 126.0 21.265850067138672 17.020647048950195 24.68286681175232 3.341815710067749 21.34105110168457
5 127.0 21.30655860900879 17.074321746826172 24.69939613342285 3.30389404296875 21.3955020904541
5 128.0 21.38825798034668 17.131776809692383 24.780502319335938 3.2694454193115234 21.511056900024414
5 129.0 21.445653915405273 17.210620880126953 24.801454544067383 3.218629837036133 21.58282470703125
5 130.0 21.410018920898438 17.224971771240234 24.78175377845764 3.169058084487915 21.612695693969727
5 131.0 21.38134765625 17.248628616333008 24.80475664138794 3.124664783477783 21.680091857910156
5 132.0 21.39850616455078 17.29444122314453 24.827572107315063 3.0935003757476807 21.734071731567383
5 133.0 21.421159744262695 17.3153076171875 24.857062816619873 3.0514254570007324 21.80563735961914
5 134.0 21.373289108276367 17.33572769165039 24.889124631881714 3.0071170330047607 21.882007598876953
5 135.0 21.310895919799805 17.31586265563965 24.867307662963867 2.943572998046875 21.923734664916992
5 136.0 21.239219665527344 17.333301544189453 24.76640009880066 2.8898208141326904 21.87657928466797
5 137.0 21.179651260375977 17.39052963256836 24.668062686920166 2.862919330596924 21.805143356323242
5 138.0 21.196420669555664 17.443435668945312 24.623801469802856 2.8660995960235596 21.757701873779297
5 139.0 21.317768096923828 17.534221649169922 24.700252294540405 2.87217116355896 21.828081130981445
5 140.0 21.466415405273438 17.64999008178711 24.734498977661133 2.859844207763672 21.87465476989746
5 141.0 21.571386337280273 17.774730682373047 24.802046060562134 2.845827341079712 21.956218719482422
5 142.0 21.676057815551758 17.896883010864258 24.84389352798462 2.8764939308166504 21.96739959716797
5 143.0 21.773448944091797 18.00721549987793 24.887953519821167 2.8692119121551514 22.018741607666016
5 144.0 21.869205474853516 18.164356231689453 24.871187448501587 2.857708215713501 22.013479232788086
5 145.0 21.898977279663086 18.25926399230957 24.839190006256104 2.861382007598877 21.977807998657227
5 146.0 21.84836196899414 18.276586532592773 24.80174684524536 2.8415780067443848 21.960168838500977
5 147.0 21.778223037719727 18.298385620117188 24.752429962158203 2.836366653442383 21.91606330871582
5 148.0 21.722537994384766 18.307031631469727 24.690298318862915 2.8483831882476807 21.841915130615234
5 149.0 21.796497344970703 18.387983322143555 24.774094104766846 2.963135242462158 21.810958862304688
5 150.0 21.898412704467773 18.542905807495117 24.79954242706299 3.068333625793457 21.73120880126953
5 151.0 21.94877052307129 18.677644729614258 24.857560634613037 3.1677470207214355 21.6898136138916
5 152.0 21.92923355102539 18.740081787109375 24.791767835617065 3.2176291942596436 21.574138641357422
5 153.0 21.900527954101562 18.783411026000977 24.7916362285614 3.284966230392456 21.506669998168945
5 154.0 21.944866180419922 18.89544677734375 24.783581018447876 3.338981866836548 21.444599151611328
5 155.0 22.01395606994629 19.00728988647461 24.804160594940186 3.418311595916748 21.385848999023438
5 156.0 22.148487091064453 19.120250701904297 24.909451723098755 3.595710039138794 21.31374168395996
5 157.0 22.183120727539062 19.200902938842773 24.91720700263977 3.7094833850860596 21.20772361755371
5 158.0 22.20513153076172 19.261934280395508 24.986778736114502 3.8115811347961426 21.17519760131836
5 159.0 22.29327392578125 19.336223602294922 24.95270013809204 3.889570713043213 21.063129425048828
5 160.0 22.31341552734375 19.32006072998047 24.995517253875732 3.915616512298584 21.07990074157715
5 161.0 22.25569725036621 19.266815185546875 24.911051034927368 3.931692361831665 20.979358673095703
5 162.0 22.181991577148438 19.217721939086914 24.861548900604248 3.984191417694092 20.877357482910156
5 163.0 22.234790802001953 19.242847442626953 24.8818621635437 4.072062969207764 20.809799194335938
5 164.0 22.283950805664062 19.258989334106445 24.983689785003662 4.195968151092529 20.787721633911133
5 165.0 22.32412338256836 19.290809631347656 25.072339057922363 4.365080833435059 20.707258224487305
5 166.0 22.391210556030273 19.38804054260254 25.15470552444458 4.536823749542236 20.617881774902344
5 167.0 22.445480346679688 19.469928741455078 25.255826950073242 4.663175582885742 20.5926513671875
5 168.0 22.438547134399414 19.469951629638672 25.259406566619873 4.718432903289795 20.540973663330078
5 169.0 22.36638641357422 19.465545654296875 25.18068552017212 4.727365970611572 20.453319549560547
5 170.0 22.330522537231445 19.514312744140625 25.15118980407715 4.70306396484375 20.4481258392334
5 171.0 22.326011657714844 19.583940505981445 25.17545747756958 4.716118335723877 20.459339141845703
5 172.0 22.410490036010742 19.68807601928711 25.213821411132812 4.775543212890625 20.438278198242188
5 173.0 22.552337646484375 19.827856063842773 25.276116371154785 4.864245414733887 20.4118709564209
5 174.0 22.74281883239746 19.962909698486328 25.497445106506348 5.063719749450684 20.433725357055664
5 175.0 22.938066482543945 20.050033569335938 25.757566928863525 5.327599048614502 20.429967880249023
5 176.0 23.059856414794922 20.08732032775879 25.86142063140869 5.497048377990723 20.36437225341797
5 177.0 23.090370178222656 20.10906982421875 25.91639471054077 5.594254970550537 20.322139739990234
5 178.0 23.11396598815918 20.152103424072266 25.965725898742676 5.712061882019043 20.253664016723633
5 179.0 23.17729377746582 20.208614349365234 26.031622409820557 5.834370136260986 20.19725227355957
5 180.0 23.188499450683594 20.231571197509766 26.048664569854736 5.912659168243408 20.136005401611328
5 181.0 23.20406723022461 20.219139099121094 26.083204746246338 6.031677722930908 20.05152702331543
5 182.0 23.251935958862305 20.213897705078125 26.188371658325195 6.16815185546875 20.020219802856445
5 183.0 23.27283477783203 20.20745849609375 26.19782066345215 6.314596176147461 19.883224487304688
5 184.0 23.255821228027344 20.19976234436035 26.244415283203125 6.388967514038086 19.85544776916504
5 185.0 23.23815155029297 20.217727661132812 26.27391004562378 6.45541524887085 19.81849479675293
5 186.0 23.25164031982422 20.240495681762695 26.23466444015503 6.563460826873779 19.67120361328125
5 187.0 23.279977798461914 20.24603843688965 26.30059003829956 6.6968607902526855 19.603729248046875
5 188.0 23.278480529785156 20.24300765991211 26.415261268615723 6.874072074890137 19.541189193725586
5 189.0 23.273616790771484 20.2085018157959 26.459109783172607 7.017240047454834 19.441869735717773
5 190.0 23.280269622802734 20.175495147705078 26.50568437576294 7.16703462600708 19.33864974975586
5 191.0 23.288366317749023 20.132158279418945 26.53765630722046 7.31076192855835 19.22689437866211
5 192.0 23.295146942138672 20.11971092224121 26.51942253112793 7.428333282470703 19.091089248657227
5 193.0 23.265371322631836 20.093027114868164 26.51063632965088 7.513617515563965 18.997018814086914
5 194.0 23.216753005981445 20.032793045043945 26.537108421325684 7.625683784484863 18.91142463684082
5 195.0 23.167194366455078 19.96847152709961 26.58923101425171 7.758204936981201 18.831026077270508
5 196.0 23.1361141204834 19.902854919433594 26.662743091583252 7.894472599029541 18.76827049255371
5 197.0 23.15240478515625 19.872421264648438 26.731679916381836 8.082744598388672 18.648935317993164
5 198.0 23.128143310546875 19.854354858398438 26.750730514526367 8.199514389038086 18.55121612548828
5 199.0 23.05760955810547 19.811004638671875 26.71004867553711 8.337207794189453 18.372840881347656
5 200.0 22.966983795166016 19.73468780517578 26.652127265930176 8.449126243591309 18.203001022338867
5 201.0 22.890914916992188 19.65605926513672 26.684751510620117 8.601619720458984 18.083131790161133
5 202.0 22.793190002441406 19.591798782348633 26.630995750427246 8.71863079071045 17.912364959716797
5 203.0 22.66744613647461 19.4989013671875 26.53139877319336 8.785100936889648 17.74629783630371
5 204.0 22.53097915649414 19.407691955566406 26.473803520202637 8.865456581115723 17.608346939086914
5 205.0 22.36850357055664 19.280052185058594 26.358853340148926 8.91845417022705 17.440399169921875
5 206.0 22.179141998291016 19.104768753051758 26.30043125152588 9.02068042755127 17.27975082397461
5 207.0 21.917179107666016 18.857715606689453 26.216404914855957 9.078307151794434 17.138097763061523
5 208.0 21.71567153930664 18.61155128479004 26.142849922180176 9.178107261657715 16.96474266052246
5 209.0 21.616300582885742 18.48955535888672 26.07868480682373 9.280022621154785 16.798662185668945
5 210.0 21.533123016357422 18.406177520751953 25.953489303588867 9.345434188842773 16.608055114746094
5 211.0 21.40056610107422 18.274822235107422 25.831915855407715 9.428193092346191 16.403722763061523
5 212.0 21.18049430847168 18.106552124023438 25.65139102935791 9.49744701385498 16.15394401550293
5 213.0 21.02111053466797 17.993160247802734 25.59156894683838 9.638992309570312 15.952576637268066
5 214.0 20.929025650024414 17.91021728515625 25.579742431640625 9.86003589630127 15.719706535339355
5 215.0 20.834482192993164 17.809694290161133 25.451369285583496 9.993217468261719 15.458151817321777
5 216.0 20.67340850830078 17.712196350097656 25.33271884918213 10.111852645874023 15.220866203308105
5 217.0 20.467716217041016 17.607410430908203 25.139707565307617 10.172175407409668 14.96753215789795
5 218.0 20.18593978881836 17.42978286743164 24.944875717163086 10.22586727142334 14.719008445739746
5 219.0 19.848697662353516 17.21343994140625 24.694642066955566 10.2559232711792 14.438718795776367
5 220.0 19.525127410888672 17.02582550048828 24.43778419494629 10.268277168273926 14.169507026672363
5 221.0 19.22858428955078 16.856090545654297 24.160719871520996 10.323790550231934 13.836929321289062
5 222.0 18.970417022705078 16.68906021118164 23.871615409851074 10.406241416931152 13.465373992919922
5 223.0 18.699756622314453 16.52789306640625 23.481260299682617 10.466439247131348 13.01482105255127
5 224.0 18.39740753173828 16.374229431152344 22.983449935913086 10.511853218078613 12.471596717834473
5 225.0 18.081130981445312 16.225341796875 22.52221393585205 10.555294036865234 11.966919898986816
5 226.0 17.754405975341797 16.053558349609375 22.023601531982422 10.5924072265625 11.431194305419922
5 227.0 17.463197708129883 15.851085662841797 21.707579612731934 10.667269706726074 11.04030990600586
5 228.0 17.17914390563965 15.66502571105957 21.345687866210938 10.754220962524414 10.591466903686523
5 229.0 16.88382911682129 15.489784240722656 21.01093292236328 10.79475212097168 10.216180801391602
5 230.0 16.60797119140625 15.344496726989746 20.63473129272461 10.816215515136719 9.81851577758789
5 231.0 16.349821090698242 15.23903751373291 20.182538986206055 10.85120677947998 9.331332206726074
5 232.0 16.118778228759766 15.174215316772461 19.729092597961426 10.85611343383789 8.872979164123535
5 233.0 15.890694618225098 15.091194152832031 19.24209976196289 10.903736114501953 8.338363647460938
5 234.0 15.647170066833496 14.983282089233398 18.843300819396973 10.942901611328125 7.900399208068848
5 235.0 15.392738342285156 14.863227844238281 18.36203098297119 10.964069366455078 7.397961616516113
5 236.0 15.16225814819336 14.750699043273926 18.00253391265869 11.017512321472168 6.985021591186523
5 237.0 15.011544227600098 14.65931510925293 17.7754864692688 11.085904121398926 6.689582347869873
5 238.0 14.886262893676758 14.587896347045898 17.561716079711914 11.195609092712402 6.366106986999512
5 239.0 14.7133150100708 14.48758316040039 17.320550441741943 11.255980491638184 6.06456995010376
5 240.0 14.563238143920898 14.386494636535645 17.139466762542725 11.338773727416992 5.800693035125732
5 241.0 14.425870895385742 14.294431686401367 16.979218006134033 11.403618812561035 5.575599193572998
5 242.0 14.247795104980469 14.210700988769531 16.711819171905518 11.412118911743164 5.2997002601623535
5 243.0 14.100776672363281 14.12868881225586 16.476046562194824 11.449790000915527 5.026256561279297
5 244.0 14.009410858154297 14.066156387329102 16.333611965179443 11.544239044189453 4.78937292098999
5 245.0 13.934408187866211 14.063760757446289 16.176746368408203 11.605717658996582 4.571028709411621
5 246.0 13.860697746276855 14.067338943481445 16.050523281097412 11.628368377685547 4.422154903411865
5 247.0 13.767534255981445 14.05977725982666 15.943674087524414 11.695876121520996 4.247797966003418
5 248.0 13.669912338256836 14.062347412109375 15.807647228240967 11.734100341796875 4.073546886444092
5 249.0 13.565584182739258 14.055233001708984 15.701601266860962 11.767560005187988 3.9340412616729736
5 250.0 13.464993476867676 14.042404174804688 15.571670770645142 11.807769775390625 3.7639009952545166
5 251.0 13.360286712646484 14.043808937072754 15.412169456481934 11.84315013885498 3.569019317626953
5 252.0 13.229269981384277 14.046002388000488 15.311785221099854 11.90978717803955 3.4019980430603027
5 253.0 13.090259552001953 14.016397476196289 15.095421075820923 11.937389373779297 3.158031702041626
5 254.0 12.947206497192383 13.973438262939453 14.83853268623352 11.968668937683105 2.869863748550415
5 255.0 12.867904663085938 13.992203712463379 14.642491579055786 12.015491485595703 2.627000093460083
5 256.0 12.839401245117188 14.03641128540039 14.480977535247803 12.094396591186523 2.3865809440612793
5 257.0 12.832389831542969 14.072210311889648 14.321795463562012 12.147645950317383 2.174149513244629
5 258.0 12.788636207580566 14.073080062866211 14.202932834625244 12.191288948059082 2.011643886566162
5 259.0 12.753158569335938 14.067146301269531 14.123213529586792 12.222691535949707 1.900521993637085
5 260.0 12.720653533935547 14.088040351867676 13.995989918708801 12.268566131591797 1.7274237871170044
5 261.0 12.669816970825195 14.145256042480469 13.90549111366272 12.36219596862793 1.54329514503479
5 262.0 12.633928298950195 14.231451034545898 13.815264582633972 12.395088195800781 1.420176386833191
5 263.0 12.578897476196289 14.292075157165527 13.71032977104187 12.391143798828125 1.3191859722137451
5 264.0 12.556539535522461 14.357390403747559 13.616756200790405 12.394182205200195 1.22257399559021
5 265.0 12.551207542419434 14.4258394241333 13.576435327529907 12.441205978393555 1.1352293491363525
5 266.0 12.552515029907227 14.493856430053711 13.532917976379395 12.489432334899902 1.0434856414794922
5 267.0 12.525222778320312 14.549063682556152 13.48481398820877 12.520203590393066 0.9646103978157043
5 268.0 12.512531280517578 14.588668823242188 13.512540817260742 12.595121383666992 0.91741943359375
5 269.0 12.510007858276367 14.639789581298828 13.476926684379578 12.584847450256348 0.89207923412323
5 270.0 12.528986930847168 14.714204788208008 13.479682445526123 12.606026649475098 0.8736557960510254
5 271.0 12.564753532409668 14.8076171875 13.499399662017822 12.647772789001465 0.8516268730163574
5 272.0 12.58568000793457 14.890310287475586 13.526243507862091 12.700032234191895 0.8262112736701965
5 273.0 12.630424499511719 14.975330352783203 13.566183745861053 12.758667945861816 0.8075157999992371
5 274.0 12.664995193481445 15.059444427490234 13.58381962776184 12.797179222106934 0.7866404056549072
5 275.0 12.689205169677734 15.14825439453125 13.618833243846893 12.855870246887207 0.7629629969596863
5 276.0 12.695943832397461 15.237089157104492 13.624822795391083 12.895392417907715 0.7294303774833679
5 277.0 12.733518600463867 15.30744457244873 13.686804413795471 12.965853691101074 0.720950722694397
5 278.0 12.763320922851562 15.393430709838867 13.743898570537567 13.035618782043457 0.7082797884941101
5 279.0 12.755217552185059 15.489082336425781 13.727161049842834 13.039135932922363 0.6880251169204712
5 280.0 12.751344680786133 15.585259437561035 13.681590974330902 13.024114608764648 0.6574763655662537
5 281.0 12.757585525512695 15.678181648254395 13.65690815448761 13.026933670043945 0.6299744844436646
5 282.0 12.779565811157227 15.764782905578613 13.66662871837616 13.06163501739502 0.6049937009811401
5 283.0 12.806159019470215 15.844825744628906 13.708782494068146 13.138275146484375 0.5705073475837708
5 284.0 12.821362495422363 15.931260108947754 13.73393839597702 13.198149681091309 0.5357887148857117
5 285.0 12.815155982971191 16.033485412597656 13.727075219154358 13.213240623474121 0.5138345956802368
5 286.0 12.851428985595703 16.128530502319336 13.75189808011055 13.259988784790039 0.49190929532051086
5 287.0 12.9334135055542 16.251972198486328 13.841950684785843 13.355260848999023 0.48668983578681946
5 288.0 13.006749153137207 16.37589454650879 13.949744373559952 13.47875690460205 0.470987468957901
5 289.0 13.041534423828125 16.48029899597168 14.001189887523651 13.545303344726562 0.4558865427970886
5 290.0 13.039490699768066 16.568588256835938 14.05081331729889 13.609687805175781 0.4411255121231079
5 291.0 13.03272819519043 16.638578414916992 14.049685537815094 13.609906196594238 0.4397793412208557
5 292.0 13.014261245727539 16.731491088867188 13.98937177658081 13.552005767822266 0.4373660087585449
5 293.0 12.978874206542969 16.805036544799805 13.994222670793533 13.560921669006348 0.43330100178718567
5 294.0 12.949588775634766 16.850439071655273 13.97959640622139 13.564026832580566 0.41556957364082336
5 295.0 12.935527801513672 16.897335052490234 14.00043573975563 13.573798179626465 0.42663756012916565
5 296.0 12.944612503051758 16.966777801513672 14.010186791419983 13.57933235168457 0.4308544397354126
5 297.0 12.958658218383789 17.041709899902344 14.022505909204483 13.58130931854248 0.44119659066200256
5 298.0 12.916128158569336 17.110197067260742 13.945308238267899 13.499022483825684 0.44628575444221497
5 299.0 12.82776927947998 17.163833618164062 13.76717895269394 13.320093154907227 0.44708579778671265
5 300.0 12.807435989379883 17.207950592041016 13.723197221755981 13.27995777130127 0.4432394504547119
5 301.0 12.787109375 17.238351821899414 13.678704589605331 13.240500450134277 0.4382041394710541
5 302.0 12.772245407104492 17.277250289916992 13.680748641490936 13.241311073303223 0.4394375681877136
5 303.0 12.78493881225586 17.35007095336914 13.670832186937332 13.236679077148438 0.43415310978889465
5 304.0 12.798205375671387 17.432849884033203 13.670986145734787 13.248025894165039 0.4229602515697479
5 305.0 12.818573951721191 17.50279426574707 13.682446241378784 13.254101753234863 0.4283444881439209
5 306.0 12.818367958068848 17.578330993652344 13.657649546861649 13.218902587890625 0.43874695897102356
5 307.0 12.799776077270508 17.65380096435547 13.63076001405716 13.191274642944336 0.4394853711128235
5 308.0 12.821905136108398 17.737619400024414 13.65836825966835 13.21875 0.4396182596683502
5 309.0 12.863824844360352 17.818973541259766 13.685283541679382 13.250490188598633 0.4347933530807495
5 310.0 12.884121894836426 17.923999786376953 13.68967279791832 13.240195274353027 0.44947752356529236
5 311.0 12.898283958435059 18.029129028320312 13.72196215391159 13.257844924926758 0.46411722898483276
5 312.0 12.909571647644043 18.10980987548828 13.739569574594498 13.27636432647705 0.4632052481174469
5 313.0 12.915450096130371 18.19182014465332 13.747226655483246 13.253152847290039 0.4940738081932068
5 314.0 12.949702262878418 18.293703079223633 13.779068052768707 13.258646011352539 0.5204220414161682
5 315.0 12.99103832244873 18.390539169311523 13.818629682064056 13.270733833312988 0.5478958487510681
5 316.0 13.025483131408691 18.47275161743164 13.864743769168854 13.28761100769043 0.5771327614784241
5 317.0 13.067533493041992 18.5444393157959 13.927233040332794 13.304119110107422 0.6231139302253723
5 318.0 13.11340618133545 18.632999420166016 13.9866241812706 13.324225425720215 0.6623987555503845
5 319.0 13.137972831726074 18.709091186523438 13.998628497123718 13.319592475891113 0.679036021232605
5 320.0 13.167022705078125 18.761863708496094 14.018702387809753 13.292675018310547 0.7260273694992065
5 321.0 13.187440872192383 18.792022705078125 14.094328463077545 13.315462112426758 0.7788663506507874
5 322.0 13.168219566345215 18.766643524169922 14.120473265647888 13.296377182006836 0.8240960836410522
5 323.0 13.153414726257324 18.751060485839844 14.163523077964783 13.307445526123047 0.8560775518417358
5 324.0 13.196365356445312 18.77928924560547 14.247893035411835 13.345314979553223 0.9025780558586121
5 325.0 13.278364181518555 18.845077514648438 14.334293007850647 13.380755424499512 0.9535375833511353
5 326.0 13.340071678161621 18.926860809326172 14.36028277873993 13.375910758972168 0.9843720197677612
5 327.0 13.379422187805176 18.98020362854004 14.386955380439758 13.341347694396973 1.0456076860427856
5 328.0 13.401335716247559 19.04448699951172 14.392674088478088 13.318686485290527 1.073987603187561
5 329.0 13.390483856201172 19.125308990478516 14.395719528198242 13.255045890808105 1.1406736373901367
5 330.0 13.421923637390137 19.22953987121582 14.419476389884949 13.223901748657227 1.1955746412277222
5 331.0 13.469246864318848 19.312211990356445 14.443935751914978 13.209464073181152 1.2344716787338257
5 332.0 13.500402450561523 19.373062133789062 14.495164155960083 13.191701889038086 1.303462266921997
5 333.0 13.538004875183105 19.428430557250977 14.571091413497925 13.198793411254883 1.372298002243042
5 334.0 13.568527221679688 19.469512939453125 14.612422943115234 13.17219352722168 1.4402294158935547
5 335.0 13.572038650512695 19.496971130371094 14.631823182106018 13.153209686279297 1.4786134958267212
5 336.0 13.57863998413086 19.535799026489258 14.6614328622818 13.16539478302002 1.4960380792617798
5 337.0 13.624789237976074 19.604969024658203 14.700347900390625 13.138809204101562 1.5615386962890625
5 338.0 13.67916488647461 19.690332412719727 14.767454743385315 13.116493225097656 1.6509615182876587
5 339.0 13.74082088470459 19.775733947753906 14.848136186599731 13.115925788879395 1.732210397720337
5 340.0 13.788522720336914 19.843690872192383 14.872558951377869 13.085007667541504 1.7875512838363647
5 341.0 13.839667320251465 19.887136459350586 14.98380982875824 13.081598281860352 1.9022115468978882
5 342.0 13.902667999267578 19.92923927307129 15.08058762550354 13.056807518005371 2.023780107498169
5 343.0 13.982675552368164 20.012592315673828 15.11471700668335 13.029172897338867 2.0855441093444824
5 344.0 14.023262023925781 20.080772399902344 15.139550924301147 12.983551979064941 2.155998945236206
5 345.0 14.065558433532715 20.114072799682617 15.22969388961792 12.950807571411133 2.278886318206787
5 346.0 14.145916938781738 20.165498733520508 15.30892276763916 12.941923141479492 2.366999626159668
5 347.0 14.210923194885254 20.221458435058594 15.39997386932373 12.957673072814941 2.442300796508789
5 348.0 14.282955169677734 20.265199661254883 15.471038818359375 12.924285888671875 2.5467529296875
5 349.0 14.34831428527832 20.30674171447754 15.526485681533813 12.900694847106934 2.62579083442688
5 350.0 14.406798362731934 20.33479881286621 15.6114022731781 12.872607231140137 2.738795042037964
5 351.0 14.474409103393555 20.332719802856445 15.76523494720459 12.884676933288574 2.8805580139160156
5 352.0 14.549992561340332 20.354808807373047 15.898044109344482 12.867443084716797 3.0306010246276855
5 353.0 14.594459533691406 20.35730743408203 15.977950811386108 12.83613395690918 3.1418168544769287
5 354.0 14.637227058410645 20.332122802734375 16.069581270217896 12.814032554626465 3.2555487155914307
5 355.0 14.694378852844238 20.311389923095703 16.14797043800354 12.796615600585938 3.3513548374176025
5 356.0 14.740474700927734 20.340539932250977 16.202146291732788 12.779863357543945 3.4222829341888428
5 357.0 14.751452445983887 20.368797302246094 16.232427835464478 12.757232666015625 3.4751951694488525
5 358.0 14.781338691711426 20.373214721679688 16.313649654388428 12.728765487670898 3.5848841667175293
5 359.0 14.856377601623535 20.38707160949707 16.390666961669922 12.700569152832031 3.6900978088378906
5 360.0 14.890726089477539 20.44693946838379 16.43623161315918 12.679656028747559 3.756575584411621
5 361.0 14.918885231018066 20.50861358642578 16.501522541046143 12.650148391723633 3.8513741493225098
5 362.0 14.948135375976562 20.53772735595703 16.62003254890442 12.648799896240234 3.9712326526641846
5 363.0 14.95897388458252 20.580476760864258 16.630356311798096 12.596980094909668 4.033376216888428
5 364.0 14.989401817321777 20.600200653076172 16.645246028900146 12.522037506103516 4.123208522796631
5 365.0 15.075706481933594 20.628902435302734 16.734666347503662 12.457498550415039 4.277167797088623
5 366.0 15.191876411437988 20.662588119506836 16.858340740203857 12.417496681213379 4.4408440589904785
6 1.0 18.21416664123535 28.06166648864746 20.37002992630005 12.715209007263184 7.654820919036865
6 2.0 18.240324020385742 27.9583797454834 20.47014808654785 12.689332962036133 7.780815124511719
6 3.0 18.366230010986328 27.925033569335938 20.610384464263916 12.705223083496094 7.905161380767822
6 4.0 18.484115600585938 27.852928161621094 20.762845993041992 12.711068153381348 8.051777839660645
6 5.0 18.612266540527344 27.808202743530273 20.93942356109619 12.685542106628418 8.253881454467773
6 6.0 18.71906280517578 27.86801528930664 21.01091766357422 12.630906105041504 8.380011558532715
6 7.0 18.796833038330078 27.880577087402344 21.12399196624756 12.567855834960938 8.556136131286621
6 8.0 18.929298400878906 27.885347366333008 21.209753036499023 12.510421752929688 8.699331283569336
6 9.0 19.06871795654297 27.88038444519043 21.3243465423584 12.457106590270996 8.867239952087402
6 10.0 19.156747817993164 27.812328338623047 21.47313404083252 12.417326927185059 9.055807113647461
6 11.0 19.185577392578125 27.74172019958496 21.574556350708008 12.360434532165527 9.21412181854248
6 12.0 19.203222274780273 27.663671493530273 21.669591903686523 12.315055847167969 9.354536056518555
6 13.0 19.255226135253906 27.561199188232422 21.79310894012451 12.275562286376953 9.517546653747559
6 14.0 19.439762115478516 27.43091583251953 22.06003189086914 12.260316848754883 9.799715042114258
6 15.0 19.540592193603516 27.273279190063477 22.252511024475098 12.217281341552734 10.035229682922363
6 16.0 19.649324417114258 27.18579864501953 22.418906211853027 12.16578197479248 10.253124237060547
6 17.0 19.845943450927734 27.16170310974121 22.50691318511963 12.095222473144531 10.411690711975098
6 18.0 19.911418914794922 27.131389617919922 22.631074905395508 12.039883613586426 10.591191291809082
6 19.0 19.885986328125 27.055755615234375 22.62981414794922 11.954703330993652 10.675110816955566
6 20.0 19.876293182373047 26.944171905517578 22.65740966796875 11.856756210327148 10.800653457641602
6 21.0 19.94243812561035 26.86104965209961 22.79656410217285 11.780409812927246 11.016154289245605
6 22.0 20.11578369140625 26.76177978515625 22.938478469848633 11.71651840209961 11.221960067749023
6 23.0 20.221206665039062 26.623188018798828 23.027491569519043 11.658740997314453 11.36875057220459
6 24.0 20.301166534423828 26.55794334411621 23.14906883239746 11.565988540649414 11.583080291748047
6 25.0 20.352479934692383 26.50432014465332 23.182744026184082 11.481953620910645 11.700790405273438
6 26.0 20.412464141845703 26.44095802307129 23.25019359588623 11.377829551696777 11.872364044189453
6 27.0 20.527076721191406 26.403831481933594 23.2990779876709 11.251845359802246 12.047232627868652
6 28.0 20.591915130615234 26.32162094116211 23.36445713043213 11.18535041809082 12.179106712341309
6 29.0 20.684513092041016 26.240415573120117 23.42162799835205 11.106191635131836 12.315436363220215
6 30.0 20.769359588623047 26.202735900878906 23.53877353668213 11.048064231872559 12.49070930480957
6 31.0 20.800743103027344 26.144447326660156 23.59862995147705 10.944470405578613 12.654159545898438
6 32.0 20.76971435546875 25.995075225830078 23.595075607299805 10.81203556060791 12.783040046691895
6 33.0 20.744779586791992 25.798770904541016 23.697772979736328 10.773518562316895 12.924254417419434
6 34.0 20.6943359375 25.62332534790039 23.74416160583496 10.694953918457031 13.04920768737793
6 35.0 20.74698829650879 25.415176391601562 23.871188163757324 10.617752075195312 13.253436088562012
6 36.0 20.74856185913086 25.18636703491211 23.973139762878418 10.545404434204102 13.427735328674316
6 37.0 20.644880294799805 24.934120178222656 23.91847801208496 10.428606986999512 13.48987102508545
6 38.0 20.573543548583984 24.715728759765625 23.884479522705078 10.303749084472656 13.580730438232422
6 39.0 20.53436851501465 24.53019142150879 23.896432876586914 10.173148155212402 13.723284721374512
6 40.0 20.48904800415039 24.304588317871094 23.800582885742188 9.965252876281738 13.83533000946045
6 41.0 20.49936866760254 24.090232849121094 23.736374855041504 9.79620361328125 13.940171241760254
6 42.0 20.495166778564453 23.865886688232422 23.785542488098145 9.682384490966797 14.103157997131348
6 43.0 20.413959503173828 23.616891860961914 23.788440704345703 9.544236183166504 14.2442045211792
6 44.0 20.38776397705078 23.38812255859375 23.77517795562744 9.413904190063477 14.361273765563965
6 45.0 20.332401275634766 23.12662696838379 23.768281936645508 9.336597442626953 14.431684494018555
6 46.0 20.315690994262695 22.83141326904297 23.74828338623047 9.22441577911377 14.5238676071167
6 47.0 20.302101135253906 22.557218551635742 23.76002311706543 9.107020378112793 14.653002738952637
6 48.0 20.20519256591797 22.256973266601562 23.71217632293701 9.002310752868652 14.70986557006836
6 49.0 20.07111358642578 21.972564697265625 23.676414489746094 8.859179496765137 14.817234992980957
6 50.0 19.97475814819336 21.69467544555664 23.69902801513672 8.772001266479492 14.927026748657227
6 51.0 19.96596336364746 21.425350189208984 23.759175300598145 8.703085899353027 15.056089401245117
6 52.0 19.949451446533203 21.161823272705078 23.77735996246338 8.638805389404297 15.138554573059082
6 53.0 19.995405197143555 20.916534423828125 23.835179328918457 8.54895305633545 15.286226272583008
6 54.0 19.98867416381836 20.644384384155273 23.858192443847656 8.476561546325684 15.381630897521973
6 55.0 19.988933563232422 20.412935256958008 23.851274490356445 8.37554931640625 15.475725173950195
6 56.0 20.037368774414062 20.22567367553711 23.890530586242676 8.309150695800781 15.581379890441895
6 57.0 20.099266052246094 20.044418334960938 23.95812702178955 8.230792999267578 15.727334022521973
6 58.0 20.098934173583984 19.872831344604492 23.987281799316406 8.131548881530762 15.855732917785645
6 59.0 20.120059967041016 19.69618034362793 24.00704002380371 8.058591842651367 15.948448181152344
6 60.0 20.157878875732422 19.509082794189453 24.112764358520508 7.981220245361328 16.13154411315918
6 61.0 20.154592514038086 19.310039520263672 24.19071102142334 7.891350746154785 16.299360275268555
6 62.0 20.156198501586914 19.11239242553711 24.187315464019775 7.797577381134033 16.389738082885742
6 63.0 20.147489547729492 18.972217559814453 24.21206760406494 7.698428153991699 16.513639450073242
6 64.0 20.14596176147461 18.822444915771484 24.193612098693848 7.592928886413574 16.600683212280273
6 65.0 20.158199310302734 18.659381866455078 24.2020845413208 7.4723310470581055 16.729753494262695
6 66.0 20.1734619140625 18.536863327026367 24.18368101119995 7.34616231918335 16.8375186920166
6 67.0 20.19500732421875 18.415138244628906 24.21712636947632 7.221045970916748 16.99608039855957
6 68.0 20.204784393310547 18.26860809326172 24.187981605529785 7.078953742980957 17.109027862548828
6 69.0 20.185131072998047 18.10039520263672 24.20488405227661 6.987715244293213 17.2171688079834
6 70.0 20.14606285095215 17.932437896728516 24.21985673904419 6.880045413970947 17.339811325073242
6 71.0 20.080204010009766 17.793132781982422 24.16085720062256 6.748446464538574 17.412410736083984
6 72.0 19.98333740234375 17.62783432006836 24.052579879760742 6.643733978271484 17.408845901489258
6 73.0 19.81392478942871 17.397804260253906 23.945341110229492 6.5367431640625 17.408597946166992
6 74.0 19.712465286254883 17.17059326171875 23.901639938354492 6.437534332275391 17.4641056060791
6 75.0 19.72193145751953 17.043272018432617 23.885830402374268 6.326042652130127 17.55978775024414
6 76.0 19.79500389099121 16.97561264038086 23.905896186828613 6.249459266662598 17.656436920166016
6 77.0 19.86408805847168 16.944931030273438 23.850820064544678 6.117053508758545 17.733766555786133
6 78.0 19.96891212463379 16.912334442138672 23.84007215499878 5.99574613571167 17.84432601928711
6 79.0 20.061386108398438 16.874042510986328 23.903812408447266 5.900724411010742 18.003087997436523
6 80.0 20.085086822509766 16.83873748779297 23.949645042419434 5.825198173522949 18.124446868896484
6 81.0 20.093486785888672 16.812997817993164 23.910964965820312 5.74867057800293 18.162294387817383
6 82.0 20.06266212463379 16.774890899658203 23.93048858642578 5.698635101318359 18.231853485107422
6 83.0 20.055360794067383 16.709339141845703 23.961873054504395 5.641314506530762 18.320558547973633
6 84.0 20.068649291992188 16.645381927490234 23.907410144805908 5.544910907745361 18.362499237060547
6 85.0 20.0238037109375 16.578981399536133 23.863436698913574 5.4290876388549805 18.434349060058594
6 86.0 19.95235824584961 16.490846633911133 23.82068681716919 5.334303379058838 18.48638343811035
6 87.0 19.979381561279297 16.432945251464844 23.826215744018555 5.269168853759766 18.55704689025879
6 88.0 20.055578231811523 16.41536521911621 23.901436805725098 5.215497016906738 18.68593978881836
6 89.0 20.168865203857422 16.406753540039062 23.902359008789062 5.165447235107422 18.73691177368164
6 90.0 20.25735092163086 16.374740600585938 23.97710371017456 5.122334957122803 18.854768753051758
6 91.0 20.26378631591797 16.352163314819336 24.08489418029785 5.07574462890625 19.0091495513916
6 92.0 20.249454498291016 16.366235733032227 24.057528018951416 5.0159077644348145 19.0416202545166
6 93.0 20.33371925354004 16.361080169677734 24.183112621307373 4.967910289764404 19.21520233154297
6 94.0 20.36945343017578 16.366737365722656 24.208539962768555 4.904840469360352 19.303699493408203
6 95.0 20.37801742553711 16.38389778137207 24.20225238800049 4.830681800842285 19.371570587158203
6 96.0 20.34510612487793 16.4302921295166 24.143632411956787 4.718516826629639 19.42511558532715
6 97.0 20.32032585144043 16.482078552246094 24.052110195159912 4.595519542694092 19.45659065246582
6 98.0 20.264728546142578 16.53823471069336 23.923385620117188 4.455198287963867 19.46818733215332
6 99.0 20.190622329711914 16.570341110229492 23.78009843826294 4.335838794708252 19.444259643554688
6 100.0 20.13875961303711 16.554317474365234 23.735000610351562 4.238027572631836 19.496973037719727
6 101.0 20.149261474609375 16.54560089111328 23.705298900604248 4.150084972381592 19.555213928222656
6 102.0 20.154184341430664 16.554256439208984 23.651644706726074 4.040230751037598 19.611413955688477
6 103.0 20.11345100402832 16.536649703979492 23.598584175109863 3.917819023132324 19.68076515197754
6 104.0 20.082195281982422 16.521644592285156 23.54280114173889 3.8333323001861572 19.709468841552734
6 105.0 20.099924087524414 16.54643440246582 23.549854278564453 3.724031448364258 19.825822830200195
6 106.0 20.120426177978516 16.60895538330078 23.393083095550537 3.576005458831787 19.81707763671875
6 107.0 20.1362247467041 16.657455444335938 23.28645634651184 3.4369537830352783 19.849502563476562
6 108.0 20.172027587890625 16.72416877746582 23.24111032485962 3.3083291053771973 19.932781219482422
6 109.0 20.205636978149414 16.770965576171875 23.222632884979248 3.2322001457214355 19.990432739257812
6 110.0 20.270740509033203 16.833120346069336 23.17847228050232 3.141395330429077 20.037076950073242
6 111.0 20.316120147705078 16.90312957763672 23.219069242477417 3.0570857524871826 20.161983489990234
6 112.0 20.36688232421875 16.954845428466797 23.2489173412323 2.9958884716033936 20.253028869628906
6 113.0 20.402193069458008 17.009233474731445 23.1836895942688 2.906332492828369 20.27735710144043
6 114.0 20.441556930541992 17.026775360107422 23.15267324447632 2.839913845062256 20.312759399414062
6 115.0 20.53560447692871 17.067052841186523 23.26103377342224 2.7851617336273193 20.475872039794922
6 116.0 20.498685836791992 17.083765029907227 23.204827308654785 2.741774559020996 20.46305274963379
6 117.0 20.429920196533203 17.069984436035156 23.19361162185669 2.714846134185791 20.4787654876709
6 118.0 20.35303497314453 17.009859085083008 23.118489265441895 2.684279441833496 20.4342098236084
6 119.0 20.257413864135742 16.904638290405273 23.087157487869263 2.667283296585083 20.41987419128418
6 120.0 20.20375633239746 16.793373107910156 23.084885120391846 2.6479268074035645 20.43695831298828
6 121.0 20.146181106567383 16.709197998046875 23.055580854415894 2.6018378734588623 20.45374298095703
6 122.0 20.106876373291016 16.715665817260742 23.006897926330566 2.5800676345825195 20.426830291748047
6 123.0 20.116535186767578 16.75604248046875 23.045817613601685 2.5671818256378174 20.478635787963867
6 124.0 20.11538314819336 16.77362632751465 23.075679063796997 2.550748109817505 20.524930953979492
6 125.0 20.10930633544922 16.766727447509766 23.10144352912903 2.5492546558380127 20.552188873291016
6 126.0 20.101743698120117 16.780790328979492 23.061296463012695 2.53204345703125 20.529253005981445
6 127.0 20.23183822631836 16.872344970703125 23.19566321372986 2.5317094326019287 20.66395378112793
6 128.0 20.361038208007812 16.925809860229492 23.300167322158813 2.5337393283843994 20.766427993774414
6 129.0 20.52290153503418 16.998193740844727 23.426018476486206 2.5148894786834717 20.911128997802734
6 130.0 20.654800415039062 17.11284828186035 23.46738624572754 2.500131607055664 20.967254638671875
6 131.0 20.73659896850586 17.22884750366211 23.54038977622986 2.4828145503997803 21.057575225830078
6 132.0 20.784713745117188 17.28101348876953 23.56769824028015 2.4573123455047607 21.11038589477539
6 133.0 20.763273239135742 17.281566619873047 23.602802515029907 2.4436991214752197 21.159103393554688
6 134.0 20.732959747314453 17.292613983154297 23.61223864555359 2.426996946334839 21.18524169921875
6 135.0 20.750768661499023 17.349689483642578 23.59354019165039 2.421947479248047 21.171592712402344
6 136.0 20.812501907348633 17.41881561279297 23.65539574623108 2.399122476577759 21.25627326965332
6 137.0 20.87388038635254 17.52260971069336 23.640426874160767 2.3951570987701416 21.245269775390625
6 138.0 20.88697052001953 17.641010284423828 23.725064277648926 2.3897085189819336 21.335355758666992
6 139.0 20.920589447021484 17.757579803466797 23.64492630958557 2.3773672580718994 21.267559051513672
6 140.0 20.995349884033203 17.907045364379883 23.735273838043213 2.3859448432922363 21.349328994750977
6 141.0 21.12953758239746 18.124521255493164 23.755236864089966 2.411086320877075 21.34415054321289
6 142.0 21.23231315612793 18.29601287841797 23.81005072593689 2.4646756649017334 21.345375061035156
6 143.0 21.32993507385254 18.426271438598633 23.866711616516113 2.5060319900512695 21.360679626464844
6 144.0 21.43300437927246 18.563865661621094 23.911901712417603 2.5512983798980713 21.36060333251953
6 145.0 21.482391357421875 18.706451416015625 23.936272382736206 2.574263334274292 21.362009048461914
6 146.0 21.472827911376953 18.817333221435547 23.8879497051239 2.5885322093963623 21.29941749572754
6 147.0 21.445064544677734 18.808103561401367 23.886921644210815 2.6057956218719482 21.281126022338867
6 148.0 21.4501895904541 18.83254623413086 23.909589290618896 2.6341605186462402 21.275428771972656
6 149.0 21.475910186767578 18.898225784301758 23.949724674224854 2.686241626739502 21.26348304748535
6 150.0 21.54624366760254 18.995330810546875 24.040311336517334 2.7719244956970215 21.268386840820312
6 151.0 21.69000244140625 19.100341796875 24.15908980369568 2.8910577297210693 21.26803207397461
6 152.0 21.840335845947266 19.293798446655273 24.283219814300537 2.9871249198913574 21.29609489440918
6 153.0 21.981733322143555 19.480613708496094 24.416847705841064 3.11033296585083 21.306514739990234
6 154.0 22.07210922241211 19.58819007873535 24.516918659210205 3.2462220191955566 21.27069664001465
6 155.0 22.08437728881836 19.62029457092285 24.646151065826416 3.4619317054748535 21.184219360351562
6 156.0 22.113019943237305 19.61578941345215 24.711949348449707 3.6308374404907227 21.081111907958984
6 157.0 22.082809448242188 19.64458465576172 24.65321946144104 3.690836191177368 20.962383270263672
6 158.0 22.048410415649414 19.660259246826172 24.7775456905365 3.826423406600952 20.951122283935547
6 159.0 22.045129776000977 19.694828033447266 24.805296182632446 3.9302828311920166 20.87501335144043
6 160.0 22.050519943237305 19.732236862182617 24.83812141418457 4.044588088989258 20.793533325195312
6 161.0 21.982336044311523 19.742416381835938 24.777811527252197 4.075943470001221 20.701868057250977
6 162.0 21.837491989135742 19.7277889251709 24.71877956390381 4.090846061706543 20.627933502197266
6 163.0 21.72532081604004 19.676095962524414 24.620559215545654 4.103774547576904 20.51678466796875
6 164.0 21.65422248840332 19.608049392700195 24.65576171875 4.204170227050781 20.45159149169922
6 165.0 21.636327743530273 19.577192306518555 24.72453737258911 4.343109607696533 20.381427764892578
6 166.0 21.661890029907227 19.651561737060547 24.592500686645508 4.383420944213867 20.20907974243164
6 167.0 21.573623657226562 19.640899658203125 24.506107807159424 4.393011569976807 20.113096237182617
6 168.0 21.4769287109375 19.60027503967285 24.544589519500732 4.41901159286499 20.125577926635742
6 169.0 21.521886825561523 19.667713165283203 24.564590454101562 4.464626312255859 20.099964141845703
6 170.0 21.631404876708984 19.703445434570312 24.546189785003662 4.533843517303467 20.012346267700195
6 171.0 21.7611083984375 19.7137451171875 24.620736598968506 4.708459377288818 19.912277221679688
6 172.0 22.016454696655273 19.817731857299805 24.860694885253906 5.014713287353516 19.84598159790039
6 173.0 22.27094078063965 19.90153694152832 25.096511840820312 5.301334381103516 19.795177459716797
6 174.0 22.48915672302246 19.98662567138672 25.23648738861084 5.495230674743652 19.741256713867188
6 175.0 22.636810302734375 20.082645416259766 25.370746612548828 5.672307968139648 19.69843864440918
6 176.0 22.751161575317383 20.16339683532715 25.476555824279785 5.885088920593262 19.591466903686523
6 177.0 22.83463478088379 20.252450942993164 25.472949981689453 5.953033447265625 19.519916534423828
6 178.0 22.888559341430664 20.31795883178711 25.52482795715332 6.031938552856445 19.492889404296875
6 179.0 22.928770065307617 20.362796783447266 25.495215892791748 6.123977184295654 19.371238708496094
6 180.0 22.958786010742188 20.409809112548828 25.575908184051514 6.248240947723389 19.327667236328125
6 181.0 23.0097599029541 20.452693939208984 25.644805431365967 6.374484539031982 19.270320892333984
6 182.0 23.073863983154297 20.46570587158203 25.807759284973145 6.561495780944824 19.24626350402832
6 183.0 23.130857467651367 20.494659423828125 25.89616060256958 6.720983982086182 19.1751766204834
6 184.0 23.13394546508789 20.49242401123047 25.929321765899658 6.792879581451416 19.136442184448242
6 185.0 23.1650390625 20.504972457885742 25.97261667251587 6.860266208648682 19.112350463867188
6 186.0 23.24919891357422 20.54522705078125 26.01250123977661 6.938953876495361 19.07354736328125
6 187.0 23.339157104492188 20.551172256469727 26.123977661132812 7.094781875610352 19.02919578552246
6 188.0 23.387216567993164 20.566667556762695 26.227420806884766 7.241039276123047 18.98638153076172
6 189.0 23.47649574279785 20.599472045898438 26.349178791046143 7.417829990386963 18.93134880065918
6 190.0 23.567340850830078 20.665531158447266 26.41089391708374 7.54927396774292 18.86161994934082
6 191.0 23.607696533203125 20.686901092529297 26.5211501121521 7.710923671722412 18.810226440429688
6 192.0 23.660478591918945 20.709409713745117 26.652226448059082 7.898407936096191 18.75381851196289
6 193.0 23.692401885986328 20.728652954101562 26.794835090637207 8.093207359313965 18.701627731323242
6 194.0 23.732812881469727 20.750720977783203 26.87251377105713 8.269234657287598 18.60327911376953
6 195.0 23.77418327331543 20.776752471923828 27.026074409484863 8.469658851623535 18.556415557861328
6 196.0 23.772335052490234 20.793058395385742 27.06528949737549 8.579983711242676 18.485305786132812
6 197.0 23.75237274169922 20.77826690673828 27.152212142944336 8.734193801879883 18.418018341064453
6 198.0 23.690624237060547 20.743511199951172 27.145133018493652 8.841521263122559 18.303611755371094
6 199.0 23.576574325561523 20.70375633239746 27.137368202209473 8.95130443572998 18.186063766479492
6 200.0 23.483020782470703 20.657955169677734 27.115778923034668 9.06494426727295 18.05083465576172
6 201.0 23.3862361907959 20.578088760375977 27.099257469177246 9.18150806427002 17.917749404907227
6 202.0 23.26076889038086 20.450469970703125 26.98079204559326 9.252789497375488 17.728002548217773
6 203.0 23.11713409423828 20.279953002929688 26.960914611816406 9.377025604248047 17.58388900756836
6 204.0 22.943737030029297 20.187503814697266 26.810283660888672 9.419469833374023 17.39081382751465
6 205.0 22.73953628540039 20.085124969482422 26.67623519897461 9.45527458190918 17.22096061706543
6 206.0 22.591529846191406 19.97494125366211 26.6575984954834 9.554464340209961 17.103134155273438
6 207.0 22.52147674560547 19.876869201660156 26.636751174926758 9.718618392944336 16.918132781982422
6 208.0 22.423736572265625 19.79076385498047 26.520641326904297 9.803882598876953 16.716758728027344
6 209.0 22.30523681640625 19.725723266601562 26.4350004196167 9.877070426940918 16.55792999267578
6 210.0 22.131248474121094 19.636615753173828 26.32858371734619 9.916081428527832 16.41250228881836
6 211.0 21.907962799072266 19.503311157226562 26.125779151916504 9.96568775177002 16.160091400146484
6 212.0 21.652374267578125 19.36113739013672 25.930027961730957 10.000114440917969 15.929913520812988
6 213.0 21.404075622558594 19.22911834716797 25.74176597595215 9.999155044555664 15.742610931396484
6 214.0 21.154407501220703 19.089160919189453 25.6007137298584 10.067888259887695 15.532825469970703
6 215.0 20.876708984375 18.919391632080078 25.41090202331543 10.123356819152832 15.287545204162598
6 216.0 20.615577697753906 18.76202392578125 25.158949851989746 10.206634521484375 14.952315330505371
6 217.0 20.416419982910156 18.633453369140625 25.016836166381836 10.333281517028809 14.683554649353027
6 218.0 20.173248291015625 18.472915649414062 24.805007934570312 10.44870376586914 14.356304168701172
6 219.0 19.892501831054688 18.270591735839844 24.51510715484619 10.52194881439209 13.993158340454102
6 220.0 19.625198364257812 18.090679168701172 24.257025718688965 10.593708038330078 13.663317680358887
6 221.0 19.38153839111328 17.945430755615234 24.06248188018799 10.705402374267578 13.35707950592041
6 222.0 19.132938385009766 17.8257999420166 23.84087371826172 10.778348922729492 13.062524795532227
6 223.0 18.865875244140625 17.69100570678711 23.544766426086426 10.864416122436523 12.680350303649902
6 224.0 18.602977752685547 17.531984329223633 23.23680877685547 10.94214153289795 12.29466724395752
6 225.0 18.335723876953125 17.34173583984375 22.885950088500977 11.00628662109375 11.879663467407227
6 226.0 18.01396942138672 17.111391067504883 22.50423240661621 11.02467155456543 11.479560852050781
6 227.0 17.682140350341797 16.909381866455078 22.05167579650879 11.046181678771973 11.005494117736816
6 228.0 17.38228988647461 16.778823852539062 21.46712875366211 11.073549270629883 10.393579483032227
6 229.0 17.14792251586914 16.65395736694336 20.972110748291016 11.134782791137695 9.83732795715332
6 230.0 16.94122886657715 16.53952980041504 20.587709426879883 11.170530319213867 9.417179107666016
6 231.0 16.762786865234375 16.445077896118164 20.292014122009277 11.244811058044434 9.047203063964844
6 232.0 16.555082321166992 16.30953598022461 20.021992683410645 11.31710147857666 8.704891204833984
6 233.0 16.32972526550293 16.17922019958496 19.668773651123047 11.353876113891602 8.314897537231445
6 234.0 16.07065773010254 16.056915283203125 19.26184844970703 11.38111400604248 7.880734443664551
6 235.0 15.827079772949219 15.946998596191406 18.855135917663574 11.39474105834961 7.460394859313965
6 236.0 15.650693893432617 15.877809524536133 18.45540142059326 11.448503494262695 7.006897926330566
6 237.0 15.49502944946289 15.815979957580566 18.14589786529541 11.548791885375977 6.597105979919434
6 238.0 15.311300277709961 15.73158073425293 17.85826873779297 11.616425514221191 6.241843223571777
6 239.0 15.117027282714844 15.666271209716797 17.572763919830322 11.637167930603027 5.935595989227295
6 240.0 14.943877220153809 15.618566513061523 17.314322471618652 11.659351348876953 5.654971122741699
6 241.0 14.794391632080078 15.585086822509766 17.084624767303467 11.692381858825684 5.392242908477783
6 242.0 14.659978866577148 15.556896209716797 16.828514099121094 11.70073127746582 5.127782821655273
6 243.0 14.53133773803711 15.516595840454102 16.63857650756836 11.735061645507812 4.903514862060547
6 244.0 14.40742301940918 15.469982147216797 16.45301389694214 11.773219108581543 4.679794788360596
6 245.0 14.264832496643066 15.431354522705078 16.172496795654297 11.813248634338379 4.359248161315918
6 246.0 14.134840965270996 15.416296005249023 15.951312065124512 11.805463790893555 4.145848274230957
6 247.0 14.034751892089844 15.399389266967773 15.796005249023438 11.861701011657715 3.9343042373657227
6 248.0 13.943161964416504 15.382169723510742 15.6303870677948 11.932182312011719 3.698204755783081
6 249.0 13.856870651245117 15.37016487121582 15.476874113082886 11.992598533630371 3.4842755794525146
6 250.0 13.746060371398926 15.346407890319824 15.332154750823975 12.013101577758789 3.3190531730651855
6 251.0 13.632373809814453 15.342327117919922 15.210146427154541 12.018354415893555 3.1917920112609863
6 252.0 13.525948524475098 15.324705123901367 15.078999519348145 12.03722858428955 3.0417709350585938
6 253.0 13.426613807678223 15.285930633544922 15.003886222839355 12.098498344421387 2.9053878784179688
6 254.0 13.362360954284668 15.24042797088623 14.957013368606567 12.175691604614258 2.7813217639923096
6 255.0 13.298757553100586 15.232239723205566 14.84637975692749 12.211081504821777 2.635298252105713
6 256.0 13.251616477966309 15.260096549987793 14.780391931533813 12.2860107421875 2.4943811893463135
6 257.0 13.207243919372559 15.321259498596191 14.677144765853882 12.346747398376465 2.330397367477417
6 258.0 13.093015670776367 15.347280502319336 14.538510799407959 12.354059219360352 2.1844515800476074
6 259.0 12.957082748413086 15.351799964904785 14.449768543243408 12.386510848999023 2.0632576942443848
6 260.0 12.8992919921875 15.397831916809082 14.319347739219666 12.386085510253906 1.9332622289657593
6 261.0 12.898934364318848 15.465438842773438 14.292941212654114 12.469646453857422 1.823294758796692
6 262.0 12.873332023620605 15.51348876953125 14.213356137275696 12.525789260864258 1.687566876411438
6 263.0 12.820975303649902 15.52397632598877 14.131585478782654 12.506522178649902 1.6250633001327515
6 264.0 12.724469184875488 15.505021095275879 13.964341640472412 12.454516410827637 1.5098252296447754
6 265.0 12.698160171508789 15.557393074035645 13.869004249572754 12.472415924072266 1.3965883255004883
6 266.0 12.70632553100586 15.65355396270752 13.857631921768188 12.513175964355469 1.3444559574127197
6 267.0 12.704120635986328 15.71987247467041 13.792019367218018 12.529873847961426 1.2621455192565918
6 268.0 12.698721885681152 15.800765037536621 13.750528454780579 12.536665916442871 1.2138625383377075
6 269.0 12.718849182128906 15.902865409851074 13.734590649604797 12.56712532043457 1.167465329170227
6 270.0 12.756246566772461 15.989381790161133 13.746897578239441 12.632695198059082 1.1142023801803589
6 271.0 12.778115272521973 16.06205177307129 13.763676881790161 12.694753646850586 1.0689232349395752
6 272.0 12.787049293518066 16.12641716003418 13.740987539291382 12.716066360473633 1.024921178817749
6 273.0 12.776473999023438 16.19085693359375 13.707397222518921 12.729920387268066 0.9774768352508545
6 274.0 12.7556734085083 16.256742477416992 13.662464678287506 12.73694133758545 0.9255233407020569
6 275.0 12.75225830078125 16.314800262451172 13.631755471229553 12.739310264587402 0.8924452066421509
6 276.0 12.767226219177246 16.35914421081543 13.636715948581696 12.76838207244873 0.8683338761329651
6 277.0 12.788238525390625 16.393117904663086 13.693630754947662 12.843780517578125 0.8498502373695374
6 278.0 12.812653541564941 16.444412231445312 13.728717982769012 12.90024185180664 0.8284761309623718
6 279.0 12.853062629699707 16.524028778076172 13.76210069656372 12.965662002563477 0.7964386940002441
6 280.0 12.902765274047852 16.619569778442383 13.806495308876038 13.038137435913086 0.7683578729629517
6 281.0 12.92512035369873 16.7123966217041 13.840396046638489 13.098865509033203 0.7415305376052856
6 282.0 12.967185974121094 16.797679901123047 13.934396147727966 13.20431900024414 0.7300771474838257
6 283.0 13.008417129516602 16.864164352416992 13.979670405387878 13.271317481994629 0.7083529233932495
6 284.0 13.033305168151855 16.928936004638672 14.041621744632721 13.354013442993164 0.6876083016395569
6 285.0 13.05078411102295 17.01097297668457 14.071444571018219 13.393778800964355 0.6776657700538635
6 286.0 13.062726020812988 17.10221290588379 14.056280136108398 13.405389785766602 0.6508903503417969
6 287.0 13.073534965515137 17.198162078857422 14.051650583744049 13.41682243347168 0.6348281502723694
6 288.0 13.080293655395508 17.291704177856445 14.076999247074127 13.454634666442871 0.6223645806312561
6 289.0 13.090087890625 17.392444610595703 14.111232578754425 13.493447303771973 0.6177852749824524
6 290.0 13.06987190246582 17.493785858154297 14.098876893520355 13.488301277160645 0.6105756163597107
6 291.0 13.04509162902832 17.593807220458984 14.033419370651245 13.457804679870605 0.5756146907806396
6 292.0 13.029601097106934 17.69571304321289 13.980033993721008 13.439526557922363 0.540507435798645
6 293.0 12.98861312866211 17.777738571166992 13.89801287651062 13.397191047668457 0.5008218288421631
6 294.0 12.965386390686035 17.825393676757812 13.927222043275833 13.437651634216309 0.48957040905952454
6 295.0 12.963268280029297 17.871442794799805 13.901775002479553 13.421920776367188 0.4798542261123657
6 296.0 12.980890274047852 17.95804786682129 13.864469200372696 13.379974365234375 0.4844948351383209
6 297.0 13.001717567443848 18.08274269104004 13.865493386983871 13.393567085266113 0.4719263017177582
6 298.0 13.040619850158691 18.209386825561523 13.910674184560776 13.447193145751953 0.46348103880882263
6 299.0 13.121460914611816 18.3353328704834 13.993719846010208 13.543694496154785 0.450025349855423
6 300.0 13.1852445602417 18.437822341918945 14.054521977901459 13.607513427734375 0.44700855016708374
6 301.0 13.217617988586426 18.512868881225586 14.081250339746475 13.649575233459473 0.43167510628700256
6 302.0 13.244023323059082 18.608013153076172 14.103883445262909 13.674772262573242 0.42911118268966675
6 303.0 13.24845027923584 18.70844841003418 14.118987292051315 13.702949523925781 0.41603776812553406
6 304.0 13.221024513244629 18.785566329956055 14.129830121994019 13.717905044555664 0.4119250774383545
6 305.0 13.201751708984375 18.851688385009766 14.126031637191772 13.734806060791016 0.39122557640075684
6 306.0 13.171481132507324 18.93166732788086 14.058719784021378 13.678136825561523 0.3805829584598541
6 307.0 13.16610050201416 19.015546798706055 14.034802824258804 13.66865348815918 0.36614933609962463
6 308.0 13.156970977783203 19.11088752746582 13.975206702947617 13.621809959411621 0.3533967435359955
6 309.0 13.148112297058105 19.184818267822266 13.929174810647964 13.58999252319336 0.3391822874546051
6 310.0 13.123085975646973 19.25319480895996 13.891626626253128 13.565038681030273 0.3265879452228546
6 311.0 13.13076400756836 19.35549545288086 13.89564162492752 13.57323169708252 0.3224099278450012
6 312.0 13.127201080322266 19.44668197631836 13.886734515428543 13.573054313659668 0.3136802017688751
6 313.0 13.142927169799805 19.55342674255371 13.939218014478683 13.615842819213867 0.3233751952648163
6 314.0 13.158042907714844 19.638521194458008 13.966720968484879 13.625295639038086 0.3414253294467926
6 315.0 13.156097412109375 19.70423126220703 14.000775009393692 13.648845672607422 0.35192933678627014
6 316.0 13.164785385131836 19.78606414794922 14.013211727142334 13.656529426574707 0.35668230056762695
6 317.0 13.159729957580566 19.85560417175293 13.988695591688156 13.62674331665039 0.3619522750377655
6 318.0 13.174400329589844 19.923583984375 14.014025568962097 13.636486053466797 0.3775395154953003
6 319.0 13.204827308654785 20.012685775756836 14.01206836104393 13.63356876373291 0.3784995973110199
6 320.0 13.27030086517334 20.112499237060547 14.076685547828674 13.667609214782715 0.4090763330459595
6 321.0 13.357942581176758 20.220489501953125 14.155787467956543 13.7095365524292 0.44625091552734375
6 322.0 13.406305313110352 20.30242156982422 14.224513709545135 13.7409086227417 0.4836050868034363
6 323.0 13.425174713134766 20.365341186523438 14.23895925283432 13.727436065673828 0.5115231871604919
6 324.0 13.396672248840332 20.398406982421875 14.248975574970245 13.719438552856445 0.5295370221138
6 325.0 13.384425163269043 20.420637130737305 14.256577014923096 13.689937591552734 0.5666394233703613
6 326.0 13.431269645690918 20.45753288269043 14.316003203392029 13.676544189453125 0.6394590139389038
6 327.0 13.492047309875488 20.51499366760254 14.361045062541962 13.628662109375 0.7323829531669617
6 328.0 13.527423858642578 20.588333129882812 14.426793158054352 13.59943675994873 0.8273563981056213
6 329.0 13.554156303405762 20.648075103759766 14.458200216293335 13.570372581481934 0.8878276348114014
6 330.0 13.56600284576416 20.708467483520508 14.489113330841064 13.538267135620117 0.9508461952209473
6 331.0 13.601641654968262 20.78634262084961 14.532426476478577 13.523813247680664 1.0086132287979126
6 332.0 13.657825469970703 20.86761474609375 14.57190203666687 13.502702713012695 1.0691993236541748
6 333.0 13.715141296386719 20.95295524597168 14.637115478515625 13.486239433288574 1.1508760452270508
6 334.0 13.742772102355957 21.00696563720703 14.70199739933014 13.483800888061523 1.2181965112686157
6 335.0 13.742976188659668 21.03304672241211 14.737156391143799 13.45934009552002 1.2778162956237793
6 336.0 13.756416320800781 21.063459396362305 14.747292160987854 13.439414978027344 1.3078771829605103
6 337.0 13.797834396362305 21.11358070373535 14.795865893363953 13.41142749786377 1.384438395500183
6 338.0 13.84360408782959 21.16261863708496 14.866329908370972 13.38148307800293 1.484846830368042
6 339.0 13.886629104614258 21.208913803100586 14.9145005941391 13.364595413208008 1.5499051809310913
6 340.0 13.979341506958008 21.258174896240234 14.992863178253174 13.338302612304688 1.6545605659484863
6 341.0 14.058281898498535 21.31839942932129 15.066904187202454 13.349342346191406 1.7175618410110474
6 342.0 14.139924049377441 21.406307220458984 15.152316331863403 13.370240211486816 1.782076120376587
6 343.0 14.217328071594238 21.487804412841797 15.249051570892334 13.38578987121582 1.8632616996765137
6 344.0 14.28710651397705 21.535398483276367 15.376145720481873 13.397327423095703 1.9788182973861694
6 345.0 14.377274513244629 21.611295700073242 15.469246625900269 13.38585376739502 2.083392858505249
6 346.0 14.442819595336914 21.668020248413086 15.534800291061401 13.401602745056152 2.133197546005249
6 347.0 14.50360107421875 21.727920532226562 15.622748136520386 13.420319557189941 2.2024285793304443
6 348.0 14.57218074798584 21.77293586730957 15.691560983657837 13.431047439575195 2.2605135440826416
6 349.0 14.620654106140137 21.811969757080078 15.76121473312378 13.432051658630371 2.329163074493408
6 350.0 14.659353256225586 21.83747673034668 15.77987551689148 13.407692909240723 2.372182607650757
6 351.0 14.739558219909668 21.9021053314209 15.874404191970825 13.41439437866211 2.460009813308716
6 352.0 14.825692176818848 21.979427337646484 15.977768898010254 13.418089866638184 2.5596790313720703
6 353.0 14.918331146240234 22.044992446899414 16.124528646469116 13.4149751663208 2.7095534801483154
6 354.0 14.97409725189209 22.0843505859375 16.21940326690674 13.399809837341309 2.8195934295654297
6 355.0 15.015494346618652 22.114410400390625 16.3214750289917 13.416183471679688 2.9052915573120117
6 356.0 15.048468589782715 22.107337951660156 16.391259908676147 13.40681266784668 2.9844472408294678
6 357.0 15.088212966918945 22.09242820739746 16.500596284866333 13.38344669342041 3.117149591445923
6 358.0 15.119832992553711 22.096052169799805 16.572490692138672 13.34659481048584 3.225895881652832
6 359.0 15.137428283691406 22.100191116333008 16.657066583633423 13.327075958251953 3.3299906253814697
6 360.0 15.168890953063965 22.11121940612793 16.73416304588318 13.306197166442871 3.4279658794403076
6 361.0 15.165229797363281 22.108423233032227 16.756852865219116 13.270501136779785 3.486351728439331
6 362.0 15.141130447387695 22.09393310546875 16.741248846054077 13.260629653930664 3.480619192123413
6 363.0 15.115975379943848 22.088146209716797 16.716798067092896 13.242602348327637 3.474195718765259
6 364.0 15.135750770568848 22.097610473632812 16.68617844581604 13.155721664428711 3.530456781387329
6 365.0 15.18172836303711 22.11044692993164 16.758296251296997 13.106868743896484 3.6514275074005127
6 366.0 15.22630500793457 22.13149642944336 16.800135612487793 13.056739807128906 3.7433958053588867
7 1.0 18.25009536743164 28.084630966186523 20.38233995437622 12.719263076782227 7.663076877593994
7 2.0 18.267160415649414 27.965532302856445 20.483376026153564 12.693894386291504 7.7894816398620605
7 3.0 18.39708709716797 27.910673141479492 20.66770648956299 12.707694053649902 7.960012435913086
7 4.0 18.545686721801758 27.813623428344727 20.894315719604492 12.72409439086914 8.170221328735352
7 5.0 18.687698364257812 27.746944427490234 21.05006980895996 12.6980562210083 8.35201358795166
7 6.0 18.835121154785156 27.804733276367188 21.202990531921387 12.667259216308594 8.535731315612793
7 7.0 18.929058074951172 27.822662353515625 21.35043716430664 12.596590042114258 8.753847122192383
7 8.0 19.02239227294922 27.833084106445312 21.415477752685547 12.53870677947998 8.876770973205566
7 9.0 19.180715560913086 27.862001419067383 21.484618186950684 12.481435775756836 9.003182411193848
7 10.0 19.338909149169922 27.876220703125 21.59073543548584 12.43285083770752 9.15788459777832
7 11.0 19.447044372558594 27.881105422973633 21.71664524078369 12.388099670410156 9.328545570373535
7 12.0 19.545997619628906 27.85582733154297 21.863683700561523 12.349199295043945 9.514484405517578
7 13.0 19.637399673461914 27.81363868713379 21.942405700683594 12.274799346923828 9.667606353759766
7 14.0 19.7228946685791 27.76387596130371 22.058403968811035 12.23254108428955 9.825862884521484
7 15.0 19.83670425415039 27.728971481323242 22.172215461730957 12.135344505310059 10.036870956420898
7 16.0 19.92020606994629 27.669971466064453 22.287026405334473 12.032316207885742 10.25471019744873
7 17.0 20.047283172607422 27.597471237182617 22.46095561981201 11.95302963256836 10.507925987243652
7 18.0 20.16145133972168 27.490978240966797 22.588960647583008 11.860509872436523 10.728450775146484
7 19.0 20.172428131103516 27.33323097229004 22.67174530029297 11.810684204101562 10.861061096191406
7 20.0 20.195837020874023 27.148101806640625 22.779077529907227 11.759265899658203 11.019811630249023
7 21.0 20.2789306640625 27.032182693481445 22.859375 11.684718132019043 11.174656867980957
7 22.0 20.36642074584961 26.943876266479492 22.959431648254395 11.618467330932617 11.340964317321777
7 23.0 20.46407699584961 26.854890823364258 23.11318874359131 11.557868957519531 11.555319786071777
7 24.0 20.48534393310547 26.723243713378906 23.261962890625 11.506662368774414 11.755300521850586
7 25.0 20.542240142822266 26.584758758544922 23.387815475463867 11.463194847106934 11.924620628356934
7 26.0 20.602943420410156 26.487445831298828 23.49301528930664 11.393091201782227 12.099924087524414
7 27.0 20.703384399414062 26.403465270996094 23.60334873199463 11.35167121887207 12.251677513122559
7 28.0 20.81298828125 26.31273078918457 23.825608253479004 11.31673526763916 12.508872985839844
7 29.0 20.931934356689453 26.19049835205078 23.98761558532715 11.229997634887695 12.757617950439453
7 30.0 21.083271026611328 26.037254333496094 24.12105941772461 11.142071723937988 12.978987693786621
7 31.0 21.156394958496094 25.82115936279297 24.27059841156006 11.075929641723633 13.194668769836426
7 32.0 21.11669921875 25.614208221435547 24.275108337402344 10.996020317077637 13.279088020324707
7 33.0 21.036340713500977 25.410564422607422 24.32638931274414 10.955214500427246 13.371174812316895
7 34.0 20.95731544494629 25.186872482299805 24.385146141052246 10.890583992004395 13.494562149047852
7 35.0 20.951793670654297 25.003795623779297 24.39103889465332 10.810662269592285 13.580376625061035
7 36.0 20.98395538330078 24.829940795898438 24.443395614624023 10.72672176361084 13.716673851013184
7 37.0 20.913162231445312 24.63085174560547 24.41391372680664 10.643399238586426 13.770514488220215
7 38.0 20.877758026123047 24.44061279296875 24.435352325439453 10.553288459777832 13.882063865661621
7 39.0 20.918655395507812 24.273988723754883 24.502351760864258 10.464635848999023 14.037715911865234
7 40.0 20.990795135498047 24.088237762451172 24.6312198638916 10.384376525878906 14.246843338012695
7 41.0 21.051647186279297 23.921981811523438 24.672335624694824 10.280290603637695 14.392045021057129
7 42.0 21.13338279724121 23.75433349609375 24.75181770324707 10.184839248657227 14.566978454589844
7 43.0 21.143407821655273 23.5523681640625 24.743398666381836 10.07850170135498 14.664896965026855
7 44.0 21.113643646240234 23.335735321044922 24.755643844604492 9.969032287597656 14.786611557006836
7 45.0 21.065759658813477 23.11465835571289 24.766114234924316 9.841221809387207 14.92489242553711
7 46.0 20.98086929321289 22.859966278076172 24.796273231506348 9.710267066955566 15.086006164550781
7 47.0 20.91752052307129 22.60708236694336 24.792386054992676 9.556596755981445 15.23578929901123
7 48.0 20.903602600097656 22.403730392456055 24.72422695159912 9.383419036865234 15.340807914733887
7 49.0 20.87987518310547 22.202890396118164 24.696958541870117 9.233778953552246 15.463179588317871
7 50.0 20.822277069091797 21.962066650390625 24.64003849029541 9.083423614501953 15.556614875793457
7 51.0 20.750566482543945 21.70262908935547 24.658865928649902 8.95461654663086 15.704249382019043
7 52.0 20.66415023803711 21.451906204223633 24.60131072998047 8.799031257629395 15.802279472351074
7 53.0 20.600967407226562 21.245882034301758 24.564512252807617 8.65713882446289 15.907373428344727
7 54.0 20.579689025878906 21.06018829345703 24.510743141174316 8.508872032165527 16.00187110900879
7 55.0 20.62179183959961 20.898300170898438 24.507765769958496 8.384480476379395 16.1232852935791
7 56.0 20.63979148864746 20.748451232910156 24.46724510192871 8.249788284301758 16.217456817626953
7 57.0 20.651016235351562 20.574222564697266 24.439117431640625 8.112974166870117 16.326143264770508
7 58.0 20.623197555541992 20.374380111694336 24.429131507873535 8.007250785827637 16.4218807220459
7 59.0 20.580839157104492 20.20104217529297 24.365243911743164 7.88902473449707 16.476219177246094
7 60.0 20.556859970092773 20.037689208984375 24.34574794769287 7.754033088684082 16.59171485900879
7 61.0 20.559446334838867 19.887264251708984 24.268621921539307 7.612593173980713 16.656028747558594
7 62.0 20.627086639404297 19.724729537963867 24.250877857208252 7.4936394691467285 16.757238388061523
7 63.0 20.66802406311035 19.5864200592041 24.22069263458252 7.325100898742676 16.895591735839844
7 64.0 20.663522720336914 19.409347534179688 24.173107147216797 7.15324592590332 17.019861221313477
7 65.0 20.638179779052734 19.21047592163086 24.219534873962402 7.058627128601074 17.160907745361328
7 66.0 20.62955665588379 19.062837600708008 24.244975566864014 6.953450679779053 17.29152488708496
7 67.0 20.609790802001953 18.859289169311523 24.242450714111328 6.855314254760742 17.387136459350586
7 68.0 20.578292846679688 18.655302047729492 24.250889778137207 6.75917911529541 17.491710662841797
7 69.0 20.597301483154297 18.47848892211914 24.25895881652832 6.635581970214844 17.623376846313477
7 70.0 20.643388748168945 18.33700942993164 24.318926334381104 6.533752918243408 17.785173416137695
7 71.0 20.662153244018555 18.200904846191406 24.350281238555908 6.441771030426025 17.908510208129883
7 72.0 20.64603614807129 18.067956924438477 24.33446741104126 6.356993198394775 17.977474212646484
7 73.0 20.590686798095703 17.933298110961914 24.339040756225586 6.259712219238281 18.079328536987305
7 74.0 20.521148681640625 17.81866455078125 24.303816318511963 6.152653217315674 18.15116310119629
7 75.0 20.37192726135254 17.6879825592041 24.241122722625732 6.047030925750732 18.194091796875
7 76.0 20.30764389038086 17.570762634277344 24.222403049468994 5.937937259674072 18.284465789794922
7 77.0 20.287811279296875 17.51434326171875 24.216176986694336 5.827974319458008 18.388202667236328
7 78.0 20.2679386138916 17.441150665283203 24.248239994049072 5.765383243560791 18.48285675048828
7 79.0 20.296764373779297 17.392244338989258 24.205448627471924 5.686792850494385 18.51865577697754
7 80.0 20.312515258789062 17.332738876342773 24.211301803588867 5.595918655395508 18.61538314819336
7 81.0 20.3000545501709 17.289657592773438 24.167420387268066 5.513888359069824 18.653532028198242
7 82.0 20.311973571777344 17.22795295715332 24.17464590072632 5.400969982147217 18.7736759185791
7 83.0 20.247894287109375 17.136049270629883 24.15726137161255 5.320932865142822 18.836328506469727
7 84.0 20.127994537353516 16.968063354492188 24.08724308013916 5.261361122131348 18.825881958007812
7 85.0 20.05734634399414 16.856943130493164 24.018468856811523 5.184246063232422 18.8342227935791
7 86.0 20.005783081054688 16.76828956604004 23.967901706695557 5.093271732330322 18.874629974365234
7 87.0 20.061443328857422 16.66834259033203 23.942820072174072 5.017391681671143 18.92542839050293
7 88.0 20.120698928833008 16.556255340576172 23.971301555633545 4.931548595428467 19.039752960205078
7 89.0 20.140918731689453 16.475894927978516 23.946595191955566 4.838320732116699 19.108274459838867
7 90.0 20.169757843017578 16.450254440307617 23.946237087249756 4.767276287078857 19.1789608001709
7 91.0 20.20913314819336 16.427852630615234 23.870546340942383 4.703685760498047 19.166860580444336
7 92.0 20.209558486938477 16.396514892578125 23.847997188568115 4.635106563568115 19.212890625
7 93.0 20.243396759033203 16.37734031677246 23.856441020965576 4.551774501800537 19.30466651916504
7 94.0 20.29047966003418 16.354536056518555 23.905373573303223 4.479413032531738 19.425960540771484
7 95.0 20.41353988647461 16.37653350830078 24.031858444213867 4.410938262939453 19.620920181274414
7 96.0 20.481412887573242 16.41756820678711 24.027855396270752 4.331015110015869 19.696840286254883
7 97.0 20.453102111816406 16.411090850830078 24.011956214904785 4.249459266662598 19.762496948242188
7 98.0 20.397781372070312 16.386558532714844 23.989153385162354 4.181215763092041 19.807937622070312
7 99.0 20.31381607055664 16.36433219909668 24.013782024383545 4.119277477264404 19.89450454711914
7 100.0 20.288021087646484 16.39581298828125 23.933988571166992 4.037204742431641 19.89678382873535
7 101.0 20.364364624023438 16.429611206054688 23.93418836593628 3.9981303215026855 19.936058044433594
7 102.0 20.483104705810547 16.443378448486328 24.015480518341064 3.9535183906555176 20.061962127685547
7 103.0 20.460363388061523 16.371238708496094 24.01613712310791 3.9314165115356445 20.084720611572266
7 104.0 20.39120101928711 16.242687225341797 24.0152485370636 3.914262056350708 20.10098648071289
7 105.0 20.48751449584961 16.203693389892578 24.084150075912476 3.8855206966400146 20.19862937927246
7 106.0 20.597307205200195 16.22739601135254 24.085444450378418 3.852644920349121 20.232799530029297
7 107.0 20.64559555053711 16.23886489868164 24.099289178848267 3.837557077407837 20.26173210144043
7 108.0 20.671464920043945 16.252595901489258 24.094321489334106 3.80583119392395 20.288490295410156
7 109.0 20.720544815063477 16.282712936401367 24.103171586990356 3.74328351020813 20.359888076782227
7 110.0 20.723228454589844 16.31026840209961 24.100451946258545 3.673499584197998 20.426952362060547
7 111.0 20.682514190673828 16.33391571044922 24.047361850738525 3.61411714553833 20.433244705200195
7 112.0 20.698577880859375 16.360008239746094 24.04252052307129 3.566438674926758 20.47608184814453
7 113.0 20.766223907470703 16.414487838745117 24.087939262390137 3.538571357727051 20.549367904663086
7 114.0 20.833261489868164 16.466466903686523 24.161998748779297 3.513784408569336 20.64821434020996
7 115.0 20.933202743530273 16.48231315612793 24.244343996047974 3.4910004138946533 20.75334358215332
7 116.0 20.944137573242188 16.45072364807129 24.314046621322632 3.4621121883392334 20.8519344329834
7 117.0 20.970760345458984 16.448467254638672 24.372674226760864 3.439671754837036 20.933002471923828
7 118.0 21.073755264282227 16.46703338623047 24.41706895828247 3.402590274810791 21.01447868347168
7 119.0 21.176651000976562 16.527910232543945 24.428863525390625 3.3622703552246094 21.066593170166016
7 120.0 21.29130744934082 16.62342071533203 24.49594020843506 3.3145875930786133 21.181352615356445
7 121.0 21.412565231323242 16.68838882446289 24.575197219848633 3.295133590698242 21.28006362915039
7 122.0 21.543222427368164 16.782005310058594 24.67342209815979 3.271463632583618 21.401958465576172
7 123.0 21.6055908203125 16.85978126525879 24.7151882648468 3.2408573627471924 21.47433090209961
7 124.0 21.618207931518555 16.92746353149414 24.735961437225342 3.224456310272217 21.511505126953125
7 125.0 21.62818145751953 16.984956741333008 24.824882745742798 3.209057092666626 21.615825653076172
7 126.0 21.647701263427734 17.049800872802734 24.824466705322266 3.191862106323242 21.632604598999023
7 127.0 21.684904098510742 17.117603302001953 24.845250368118286 3.1905624866485596 21.654687881469727
7 128.0 21.709251403808594 17.179067611694336 24.916581869125366 3.1912343502044678 21.7253475189209
7 129.0 21.715970993041992 17.237743377685547 24.946911573410034 3.1781623363494873 21.768749237060547
7 130.0 21.719219207763672 17.283830642700195 24.969560861587524 3.143503427505493 21.82605743408203
7 131.0 21.73170280456543 17.342487335205078 24.979974508285522 3.111774206161499 21.868200302124023
7 132.0 21.764284133911133 17.39800262451172 24.93105435371399 3.069413423538208 21.86164093017578
7 133.0 21.802295684814453 17.416261672973633 25.043774604797363 3.070223808288574 21.97355079650879
7 134.0 21.866470336914062 17.482776641845703 25.074511766433716 3.0443012714385986 22.030210494995117
7 135.0 21.986074447631836 17.617475509643555 25.129809379577637 3.024785041809082 22.105024337768555
7 136.0 22.06856918334961 17.77946662902832 25.126924753189087 2.9946939945220947 22.132230758666992
7 137.0 22.150033950805664 17.963703155517578 25.133480072021484 2.9608993530273438 22.17258071899414
7 138.0 22.205739974975586 18.160768508911133 25.104305028915405 2.9460885524749756 22.15821647644043
7 139.0 22.21074676513672 18.28741455078125 25.084261655807495 2.9265944957733154 22.15766716003418
7 140.0 22.23819351196289 18.382164001464844 25.06673002243042 2.909757137298584 22.156972885131836
7 141.0 22.276565551757812 18.463176727294922 25.114778518676758 2.90106201171875 22.213716506958008
7 142.0 22.3139705657959 18.552995681762695 25.067376852035522 2.9011857509613037 22.16619110107422
7 143.0 22.36405372619629 18.679550170898438 25.126729011535645 2.90915584564209 22.217573165893555
7 144.0 22.488727569580078 18.804243087768555 25.172353267669678 2.9560084342956543 22.216344833374023
7 145.0 22.57965850830078 18.900449752807617 25.21152424812317 2.996814012527466 22.214710235595703
7 146.0 22.571361541748047 18.941511154174805 25.24066710472107 3.020690679550171 22.2199764251709
7 147.0 22.560836791992188 19.07433319091797 25.196305751800537 3.0444560050964355 22.1518497467041
7 148.0 22.547576904296875 19.172616958618164 25.235917568206787 3.101623058319092 22.134294509887695
7 149.0 22.678314208984375 19.350906372070312 25.27969479560852 3.173131227493286 22.106563568115234
7 150.0 22.788776397705078 19.550765991210938 25.328808784484863 3.2205495834350586 22.108259201049805
7 151.0 22.92667579650879 19.73102378845215 25.470584869384766 3.3439559936523438 22.126628875732422
7 152.0 23.126041412353516 19.908992767333984 25.571199893951416 3.4675793647766113 22.103620529174805
7 153.0 23.22308921813965 20.05048370361328 25.616855144500732 3.53902006149292 22.077835083007812
7 154.0 23.28401756286621 20.141429901123047 25.70017123222351 3.586651563644409 22.1135196685791
7 155.0 23.35165786743164 20.181137084960938 25.793059825897217 3.6453394889831543 22.147720336914062
7 156.0 23.475053787231445 20.295063018798828 25.864898204803467 3.734679698944092 22.130218505859375
7 157.0 23.65557861328125 20.486703872680664 25.980250358581543 3.80057430267334 22.179676055908203
7 158.0 23.815753936767578 20.652915954589844 26.03264021873474 3.8521440029144287 22.180496215820312
7 159.0 23.92798614501953 20.778533935546875 26.105751037597656 3.8967761993408203 22.208974838256836
7 160.0 23.9717960357666 20.847105026245117 26.160568714141846 3.9474167823791504 22.213151931762695
7 161.0 23.947059631347656 20.838199615478516 26.214265823364258 4.006187438964844 22.208078384399414
7 162.0 23.926525115966797 20.794265747070312 26.309250831604004 4.095877647399902 22.2133731842041
7 163.0 23.893768310546875 20.78655242919922 26.369537830352783 4.2028985023498535 22.16663932800293
7 164.0 23.88036346435547 20.85980224609375 26.337051391601562 4.250078201293945 22.086973190307617
7 165.0 23.91501808166504 20.962718963623047 26.35014009475708 4.31139612197876 22.03874397277832
7 166.0 23.97686195373535 21.05539321899414 26.394341468811035 4.367798805236816 22.02654266357422
7 167.0 24.023956298828125 21.103918075561523 26.50205659866333 4.449856281280518 22.052200317382812
7 168.0 24.064313888549805 21.15983772277832 26.481862545013428 4.49794340133667 21.983919143676758
7 169.0 24.18218231201172 21.237892150878906 26.55040979385376 4.604406833648682 21.946002960205078
7 170.0 24.315128326416016 21.305526733398438 26.705776691436768 4.793070316314697 21.91270637512207
7 171.0 24.368118286132812 21.33062171936035 26.87446117401123 4.962765693664551 21.91169548034668
7 172.0 24.376110076904297 21.326168060302734 26.95058536529541 5.095091819763184 21.855493545532227
7 173.0 24.424072265625 21.37799835205078 26.986587524414062 5.222024917602539 21.764562606811523
7 174.0 24.406780242919922 21.41817855834961 27.035661220550537 5.309516429901123 21.726144790649414
7 175.0 24.341670989990234 21.42320442199707 27.047890186309814 5.409048557281494 21.63884162902832
7 176.0 24.295276641845703 21.422021865844727 27.00017786026001 5.532263278961182 21.467914581298828
7 177.0 24.358144760131836 21.454914093017578 27.10921001434326 5.684267997741699 21.424942016601562
7 178.0 24.454593658447266 21.474044799804688 27.28332233428955 5.920371055603027 21.362951278686523
7 179.0 24.52176856994629 21.475269317626953 27.331270217895508 6.096033096313477 21.23523712158203
7 180.0 24.599191665649414 21.506893157958984 27.378138065338135 6.210733890533447 21.167404174804688
7 181.0 24.579204559326172 21.530248641967773 27.35072660446167 6.276576519012451 21.07415008544922
7 182.0 24.552082061767578 21.50328826904297 27.42811155319214 6.3807902336120605 21.047321319580078
7 183.0 24.608200073242188 21.4978084564209 27.486135959625244 6.511173725128174 20.97496223449707
7 184.0 24.63320541381836 21.492652893066406 27.55986976623535 6.636686325073242 20.92318344116211
7 185.0 24.742969512939453 21.465648651123047 27.703365325927734 6.821142196655273 20.88222312927246
7 186.0 24.819271087646484 21.449474334716797 27.81873607635498 7.037266731262207 20.781469345092773
7 187.0 24.88493537902832 21.418214797973633 27.993523120880127 7.263920307159424 20.729602813720703
7 188.0 24.931514739990234 21.37063217163086 28.088886737823486 7.457113742828369 20.631772994995117
7 189.0 24.98297882080078 21.3128662109375 28.2107834815979 7.654730319976807 20.556053161621094
7 190.0 25.01995086669922 21.270753860473633 28.26668071746826 7.797728538513184 20.468952178955078
7 191.0 24.980518341064453 21.204792022705078 28.299224376678467 7.9499125480651855 20.34931182861328
7 192.0 24.954097747802734 21.145187377929688 28.470458984375 8.09874153137207 20.37171745300293
7 193.0 24.930614471435547 21.102027893066406 28.446142196655273 8.232366561889648 20.213775634765625
7 194.0 24.9345703125 21.066743850708008 28.464028358459473 8.36408519744873 20.099943161010742
7 195.0 24.94854736328125 21.051057815551758 28.428378105163574 8.490883827209473 19.9374942779541
7 196.0 24.971818923950195 21.06659507751465 28.467400550842285 8.642334938049316 19.82506561279297
7 197.0 24.92741584777832 21.029640197753906 28.416388511657715 8.732537269592285 19.68385124206543
7 198.0 24.842403411865234 20.98601531982422 28.431763648986816 8.823750495910645 19.608013153076172
7 199.0 24.764108657836914 20.953914642333984 28.44821834564209 8.932036399841309 19.51618194580078
7 200.0 24.692703247070312 20.91138458251953 28.43540668487549 9.015568733215332 19.419837951660156
7 201.0 24.594688415527344 20.840858459472656 28.455291748046875 9.121801376342773 19.3334903717041
7 202.0 24.46316146850586 20.725549697875977 28.40687084197998 9.229249000549316 19.177621841430664
7 203.0 24.33795738220215 20.632522583007812 28.352418899536133 9.321327209472656 19.031091690063477
7 204.0 24.22321891784668 20.558895111083984 28.37591552734375 9.414802551269531 18.96111297607422
7 205.0 24.08681869506836 20.463787078857422 28.32021999359131 9.525918006896973 18.794301986694336
7 206.0 23.845373153686523 20.31707000732422 28.259685516357422 9.560623168945312 18.69906234741211
7 207.0 23.536224365234375 20.11859703063965 28.057988166809082 9.56633472442627 18.491653442382812
7 208.0 23.230873107910156 19.909465789794922 27.88882350921631 9.556513786315918 18.33230972290039
7 209.0 22.928482055664062 19.682750701904297 27.68797016143799 9.539443016052246 18.148527145385742
7 210.0 22.702695846557617 19.50067138671875 27.55627727508545 9.550372123718262 18.005905151367188
7 211.0 22.47705078125 19.355688095092773 27.329331398010254 9.512337684631348 17.816993713378906
7 212.0 22.327346801757812 19.252185821533203 27.16689968109131 9.573744773864746 17.593154907226562
7 213.0 22.264362335205078 19.158113479614258 27.03390598297119 9.683632850646973 17.35027313232422
7 214.0 22.20657730102539 19.072834014892578 26.892438888549805 9.795938491821289 17.096500396728516
7 215.0 22.090553283691406 18.955747604370117 26.769649505615234 9.891088485717773 16.87856101989746
7 216.0 21.93680763244629 18.829753875732422 26.648348808288574 9.980223655700684 16.66812515258789
7 217.0 21.724323272705078 18.666061401367188 26.52366065979004 10.048425674438477 16.475234985351562
7 218.0 21.449954986572266 18.501022338867188 26.335867881774902 10.10111141204834 16.234756469726562
7 219.0 21.15457534790039 18.3453369140625 26.139225006103516 10.131484985351562 16.007740020751953
7 220.0 20.83583641052246 18.157690048217773 25.812015533447266 10.172835350036621 15.639180183410645
7 221.0 20.50646209716797 17.976421356201172 25.502873420715332 10.220854759216309 15.282018661499023
7 222.0 20.19550895690918 17.79412078857422 25.179184913635254 10.276091575622559 14.903093338012695
7 223.0 19.89991569519043 17.605379104614258 24.89560890197754 10.363204956054688 14.532403945922852
7 224.0 19.581085205078125 17.43355369567871 24.5820951461792 10.422962188720703 14.159132957458496
7 225.0 19.28299331665039 17.252361297607422 24.226621627807617 10.468913078308105 13.757708549499512
7 226.0 18.962230682373047 17.058332443237305 23.85771656036377 10.532354354858398 13.325362205505371
7 227.0 18.6012020111084 16.8756046295166 23.493021965026855 10.586858749389648 12.906163215637207
7 228.0 18.265527725219727 16.70995330810547 22.96256732940674 10.637964248657227 12.324603080749512
7 229.0 17.946252822875977 16.54510498046875 22.403752326965332 10.720985412597656 11.682766914367676
7 230.0 17.687686920166016 16.401214599609375 22.004865646362305 10.8373441696167 11.167521476745605
7 231.0 17.452224731445312 16.298259735107422 21.55731201171875 10.889585494995117 10.667726516723633
7 232.0 17.19207000732422 16.20914649963379 21.181395530700684 10.915637969970703 10.26575756072998
7 233.0 16.913360595703125 16.097679138183594 20.853044509887695 10.976951599121094 9.876092910766602
7 234.0 16.63865852355957 15.962488174438477 20.38860511779785 11.053750038146973 9.334855079650879
7 235.0 16.353721618652344 15.823660850524902 19.891143798828125 11.13854694366455 8.752596855163574
7 236.0 16.032047271728516 15.644185066223145 19.50872039794922 11.189287185668945 8.319433212280273
7 237.0 15.71343994140625 15.494775772094727 19.109169960021973 11.215620994567871 7.893548965454102
7 238.0 15.399341583251953 15.378715515136719 18.618643760681152 11.250624656677246 7.368019104003906
7 239.0 15.158649444580078 15.297381401062012 18.124043464660645 11.309536933898926 6.814506530761719
7 240.0 14.927848815917969 15.217391014099121 17.801624298095703 11.379192352294922 6.422431945800781
7 241.0 14.72351360321045 15.15772533416748 17.449443340301514 11.396995544433594 6.05244779586792
7 242.0 14.488521575927734 15.085794448852539 17.079492568969727 11.377775192260742 5.701717376708984
7 243.0 14.231691360473633 15.003173828125 16.69255018234253 11.37581729888916 5.316732883453369
7 244.0 14.007083892822266 14.900104522705078 16.29377317428589 11.367561340332031 4.926211833953857
7 245.0 13.784322738647461 14.79501724243164 15.961111068725586 11.396998405456543 4.564112663269043
7 246.0 13.605742454528809 14.700526237487793 15.702919006347656 11.456686973571777 4.246232032775879
7 247.0 13.423002243041992 14.605712890625 15.506745100021362 11.543542861938477 3.9632022380828857
7 248.0 13.285423278808594 14.585482597351074 15.322916984558105 11.545812606811523 3.777104377746582
7 249.0 13.142847061157227 14.577272415161133 15.12340259552002 11.546795845031738 3.5766067504882812
7 250.0 13.040706634521484 14.559910774230957 14.985003232955933 11.57734203338623 3.407661199569702
7 251.0 12.974926948547363 14.54638957977295 14.833922147750854 11.636551856994629 3.1973702907562256
7 252.0 12.900284767150879 14.535431861877441 14.747867107391357 11.741351127624512 3.0065159797668457
7 253.0 12.878632545471191 14.535088539123535 14.640053749084473 11.827385902404785 2.8126678466796875
7 254.0 12.887227058410645 14.57331657409668 14.600304126739502 11.945170402526855 2.6551337242126465
7 255.0 12.882673263549805 14.614975929260254 14.496571779251099 12.015375137329102 2.481196641921997
7 256.0 12.822649002075195 14.628397941589355 14.332121849060059 12.04384994506836 2.288271903991699
7 257.0 12.80361270904541 14.668654441833496 14.248699188232422 12.114102363586426 2.134596824645996
7 258.0 12.78143310546875 14.723174095153809 14.157747983932495 12.131380081176758 2.0263679027557373
7 259.0 12.69369888305664 14.732845306396484 14.011043667793274 12.083295822143555 1.9277478456497192
7 260.0 12.61373233795166 14.727563858032227 13.885785579681396 12.073173522949219 1.8126120567321777
7 261.0 12.587711334228516 14.75897216796875 13.800612092018127 12.093438148498535 1.7071739435195923
7 262.0 12.579401016235352 14.808907508850098 13.737770915031433 12.14600944519043 1.5917614698410034
7 263.0 12.569948196411133 14.853469848632812 13.72866940498352 12.25257396697998 1.47609543800354
7 264.0 12.584768295288086 14.926745414733887 13.63958466053009 12.30499267578125 1.3345919847488403
7 265.0 12.593172073364258 15.003629684448242 13.589462399482727 12.348564147949219 1.2408982515335083
7 266.0 12.598198890686035 15.077422142028809 13.543708682060242 12.42016315460205 1.123545527458191
7 267.0 12.588711738586426 15.119961738586426 13.566859722137451 12.515377044677734 1.0514826774597168
7 268.0 12.55002498626709 15.152974128723145 13.505542933940887 12.508101463317871 0.9974414706230164
7 269.0 12.45751667022705 15.182040214538574 13.378760278224945 12.432865142822266 0.9458951354026794
7 270.0 12.413976669311523 15.254990577697754 13.321309506893158 12.414365768432617 0.9069437384605408
7 271.0 12.37636947631836 15.336830139160156 13.276456952095032 12.391857147216797 0.8845998048782349
7 272.0 12.334175109863281 15.410213470458984 13.230179369449615 12.377117156982422 0.8530622124671936
7 273.0 12.318506240844727 15.47061824798584 13.216579139232635 12.401668548583984 0.8149105906486511
7 274.0 12.339276313781738 15.545859336853027 13.212789595127106 12.43773365020752 0.7750559449195862
7 275.0 12.406678199768066 15.6666898727417 13.234474182128906 12.509153366088867 0.7253208160400391
7 276.0 12.471708297729492 15.782751083374023 13.287092506885529 12.60038948059082 0.6867030262947083
7 277.0 12.521430969238281 15.885430335998535 13.283859074115753 12.635308265686035 0.648550808429718
7 278.0 12.552655220031738 15.984539031982422 13.295420944690704 12.674237251281738 0.6211836934089661
7 279.0 12.559517860412598 16.059062957763672 13.309170007705688 12.723048210144043 0.5861217975616455
7 280.0 12.568490028381348 16.122522354125977 13.31057721376419 12.768460273742676 0.5421169400215149
7 281.0 12.565736770629883 16.190021514892578 13.308352410793304 12.798015594482422 0.5103368163108826
7 282.0 12.551932334899902 16.261383056640625 13.298516362905502 12.826918601989746 0.4715977609157562
7 283.0 12.58072566986084 16.34772491455078 13.353467732667923 12.894684791564941 0.45878294110298157
7 284.0 12.603521347045898 16.45126724243164 13.374761939048767 12.936358451843262 0.43840348720550537
7 285.0 12.600648880004883 16.542556762695312 13.35302472114563 12.927943229675293 0.4250814914703369
7 286.0 12.595823287963867 16.61829948425293 13.351459592580795 12.939345359802246 0.4121142327785492
7 287.0 12.578372955322266 16.67051887512207 13.387106776237488 12.988051414489746 0.3990553617477417
7 288.0 12.573440551757812 16.723918914794922 13.374871373176575 12.985941886901855 0.38892948627471924
7 289.0 12.596936225891113 16.823701858520508 13.38564270734787 13.016753196716309 0.3688895106315613
7 290.0 12.617313385009766 16.939306259155273 13.386755615472794 13.049529075622559 0.337226539850235
7 291.0 12.6253080368042 17.041431427001953 13.380245000123978 13.06324577331543 0.316999226808548
7 292.0 12.636298179626465 17.135204315185547 13.395074635744095 13.083683967590332 0.3113906681537628
7 293.0 12.666749000549316 17.227325439453125 13.417127311229706 13.110152244567871 0.3069750666618347
7 294.0 12.709386825561523 17.326013565063477 13.453551322221756 13.149215698242188 0.3043356239795685
7 295.0 12.739352226257324 17.39866828918457 13.506899863481522 13.199220657348633 0.3076792061328888
7 296.0 12.728166580200195 17.43522834777832 13.537216544151306 13.206806182861328 0.330410361289978
7 297.0 12.727916717529297 17.483400344848633 13.54350060224533 13.207307815551758 0.336192786693573
7 298.0 12.723527908325195 17.52402687072754 13.561486393213272 13.22923469543457 0.3322516977787018
7 299.0 12.708048820495605 17.573379516601562 13.542425811290741 13.209675788879395 0.33275002241134644
7 300.0 12.666131973266602 17.61784553527832 13.549609750509262 13.226176261901855 0.3234334886074066
7 301.0 12.628796577453613 17.661693572998047 13.513280183076859 13.203271865844727 0.31000831723213196
7 302.0 12.632525444030762 17.74140739440918 13.521068632602692 13.221749305725098 0.299319326877594
7 303.0 12.664217948913574 17.810985565185547 13.521156698465347 13.232733726501465 0.28842297196388245
7 304.0 12.696727752685547 17.8933162689209 13.552320539951324 13.266571998596191 0.28574854135513306
7 305.0 12.71835708618164 18.011140823364258 13.588614374399185 13.295984268188477 0.2926301062107086
7 306.0 12.739583969116211 18.116300582885742 13.625656962394714 13.335783004760742 0.28987395763397217
7 307.0 12.765386581420898 18.205387115478516 13.632189273834229 13.346046447753906 0.28614282608032227
7 308.0 12.800861358642578 18.289379119873047 13.696198850870132 13.402332305908203 0.2938665449619293
7 309.0 12.835233688354492 18.374582290649414 13.717827439308167 13.424481391906738 0.2933460474014282
7 310.0 12.864416122436523 18.474897384643555 13.741721987724304 13.451533317565918 0.29018867015838623
7 311.0 12.905200958251953 18.55518913269043 13.783524096012115 13.48951244354248 0.294011652469635
7 312.0 12.926097869873047 18.61052703857422 13.826249033212662 13.521496772766113 0.30475226044654846
7 313.0 12.951056480407715 18.682247161865234 13.852602988481522 13.532587051391602 0.32001593708992004
7 314.0 12.9612398147583 18.76169204711914 13.869393199682236 13.527990341186523 0.3414028584957123
7 315.0 12.911693572998047 18.797861099243164 13.857755154371262 13.504172325134277 0.35358282923698425
7 316.0 12.849221229553223 18.821298599243164 13.748066931962967 13.393974304199219 0.35409262776374817
7 317.0 12.827496528625488 18.852209091186523 13.735855013132095 13.377037048339844 0.3588179647922516
7 318.0 12.842986106872559 18.90369415283203 13.733593732118607 13.370367050170898 0.36322668194770813
7 319.0 12.894523620605469 18.97280502319336 13.782935619354248 13.399126052856445 0.38380956649780273
7 320.0 12.954657554626465 19.05738639831543 13.86307144165039 13.454899787902832 0.4081716537475586
7 321.0 12.981340408325195 19.136144638061523 13.882302910089493 13.44704532623291 0.43525758385658264
7 322.0 12.99324893951416 19.209381103515625 13.890798062086105 13.419218063354492 0.47157999873161316
7 323.0 12.999067306518555 19.270998001098633 13.921334862709045 13.414612770080566 0.506722092628479
7 324.0 13.020915985107422 19.32510757446289 13.931054055690765 13.40076732635498 0.5302867293357849
7 325.0 13.039007186889648 19.37668800354004 13.94094306230545 13.399986267089844 0.5409567952156067
7 326.0 13.0867919921875 19.421863555908203 14.011457681655884 13.43104076385498 0.5804169178009033
7 327.0 13.144501686096191 19.489038467407227 14.050629496574402 13.435283660888672 0.61534583568573
7 328.0 13.187881469726562 19.55120086669922 14.102541387081146 13.441217422485352 0.6613239645957947
7 329.0 13.208675384521484 19.607656478881836 14.139976263046265 13.446805953979492 0.6931703090667725
7 330.0 13.225521087646484 19.66375160217285 14.205979943275452 13.477509498596191 0.7284704446792603
7 331.0 13.248418807983398 19.70598602294922 14.235934674739838 13.480624198913574 0.7553104758262634
7 332.0 13.279342651367188 19.745704650878906 14.306779980659485 13.480185508728027 0.8265944719314575
7 333.0 13.32275390625 19.782739639282227 14.35990196466446 13.454779624938965 0.9051223397254944
7 334.0 13.341020584106445 19.813581466674805 14.4056556224823 13.431532859802246 0.9741227626800537
7 335.0 13.372570037841797 19.832965850830078 14.48881483078003 13.447282791137695 1.041532039642334
7 336.0 13.407750129699707 19.868215560913086 14.54299509525299 13.43644905090332 1.1065460443496704
7 337.0 13.432890892028809 19.922056198120117 14.55741012096405 13.381136894226074 1.176273226737976
7 338.0 13.436073303222656 19.96941375732422 14.616832613945007 13.34597396850586 1.270858645439148
7 339.0 13.473186492919922 20.027069091796875 14.667757511138916 13.317797660827637 1.3499598503112793
7 340.0 13.53705883026123 20.083559036254883 14.714817881584167 13.296768188476562 1.418049693107605
7 341.0 13.574690818786621 20.132186889648438 14.715250968933105 13.263026237487793 1.4522247314453125
7 342.0 13.634929656982422 20.187467575073242 14.771276116371155 13.24135971069336 1.5299164056777954
7 343.0 13.690241813659668 20.25092315673828 14.848379731178284 13.237773895263672 1.6106058359146118
7 344.0 13.731663703918457 20.31080436706543 14.928897142410278 13.196462631225586 1.7324345111846924
7 345.0 13.780437469482422 20.352550506591797 15.025757908821106 13.182446479797363 1.8433114290237427
7 346.0 13.856534004211426 20.396657943725586 15.138412356376648 13.14754867553711 1.9908636808395386
7 347.0 13.88719367980957 20.452722549438477 15.175956010818481 13.11490249633789 2.061053514480591
7 348.0 13.922216415405273 20.499677658081055 15.20380711555481 13.050071716308594 2.153735399246216
7 349.0 13.965752601623535 20.54485511779785 15.236253261566162 13.017340660095215 2.2189126014709473
7 350.0 14.00145149230957 20.57355499267578 15.30346965789795 12.990681648254395 2.3127880096435547
7 351.0 14.030675888061523 20.585676193237305 15.368813514709473 12.957261085510254 2.4115524291992188
7 352.0 14.050668716430664 20.58446502685547 15.431474208831787 12.973004341125488 2.458469867706299
7 353.0 14.049738883972168 20.583955764770508 15.433461666107178 12.938142776489258 2.49531888961792
7 354.0 14.088312149047852 20.60281753540039 15.506311893463135 12.944045066833496 2.5622668266296387
7 355.0 14.127077102661133 20.63022232055664 15.546797037124634 12.914498329162598 2.632298707962036
7 356.0 14.151772499084473 20.64724349975586 15.581159591674805 12.885741233825684 2.695418357849121
7 357.0 14.198498725891113 20.67156410217285 15.644716262817383 12.853981018066406 2.7907352447509766
7 358.0 14.277409553527832 20.71650505065918 15.69709587097168 12.81340217590332 2.8836936950683594
7 359.0 14.323081970214844 20.735471725463867 15.742413759231567 12.76900863647461 2.973405122756958
7 360.0 14.351195335388184 20.707916259765625 15.821001052856445 12.723855018615723 3.0971460342407227
7 361.0 14.351902961730957 20.672151565551758 15.82327914237976 12.666014671325684 3.157264471054077
7 362.0 14.40002727508545 20.639604568481445 15.884167671203613 12.637609481811523 3.24655818939209
7 363.0 14.50874137878418 20.621288299560547 16.010306358337402 12.602791786193848 3.4075145721435547
7 364.0 14.586095809936523 20.64480972290039 16.067991018295288 12.565812110900879 3.502178907394409
7 365.0 14.61712646484375 20.677064895629883 16.11921453475952 12.540135383605957 3.5790791511535645
7 366.0 14.708044052124023 20.718135833740234 16.240784168243408 12.504631042480469 3.7361531257629395
8 1.0 18.246047973632812 28.101186752319336 20.39529323577881 12.719986915588379 7.67530632019043
8 2.0 18.27690315246582 28.005420684814453 20.480541229248047 12.686714172363281 7.793827056884766
8 3.0 18.390872955322266 27.94966697692871 20.58098840713501 12.690948486328125 7.890039920806885
8 4.0 18.524293899536133 27.865705490112305 20.826342582702637 12.715288162231445 8.111054420471191
8 5.0 18.643383026123047 27.80196189880371 20.97057819366455 12.678016662597656 8.292561531066895
8 6.0 18.77404022216797 27.840347290039062 21.0637264251709 12.632925033569336 8.430801391601562
8 7.0 18.875991821289062 27.850662231445312 21.22886562347412 12.58277416229248 8.64609146118164
8 8.0 18.97884178161621 27.84490394592285 21.33566188812256 12.527368545532227 8.808293342590332
8 9.0 19.10759925842285 27.818180084228516 21.46103286743164 12.466723442077637 8.994309425354004
8 10.0 19.28124237060547 27.831071853637695 21.630207061767578 12.399931907653809 9.23027515411377
8 11.0 19.42656135559082 27.854473114013672 21.770291328430176 12.331308364868164 9.438982963562012
8 12.0 19.536989212036133 27.850372314453125 21.86211395263672 12.278564453125 9.583549499511719
8 13.0 19.64771270751953 27.846054077148438 21.975342750549316 12.24268627166748 9.732656478881836
8 14.0 19.752073287963867 27.803028106689453 22.127840995788574 12.199605941772461 9.928235054016113
8 15.0 19.811168670654297 27.697044372558594 22.235536575317383 12.156590461730957 10.078946113586426
8 16.0 19.854005813598633 27.606042861938477 22.311429977416992 12.107271194458008 10.204158782958984
8 17.0 19.932334899902344 27.557565689086914 22.40665912628174 12.02831745147705 10.378341674804688
8 18.0 19.991134643554688 27.524084091186523 22.472959518432617 11.925775527954102 10.547183990478516
8 19.0 20.087705612182617 27.479257583618164 22.594562530517578 11.85093879699707 10.743623733520508
8 20.0 20.140117645263672 27.34607696533203 22.67091178894043 11.780284881591797 10.890626907348633
8 21.0 20.14522361755371 27.17761993408203 22.810431480407715 11.746941566467285 11.06348991394043
8 22.0 20.14262580871582 27.058208465576172 22.923081398010254 11.695189476013184 11.22789192199707
8 23.0 20.13361930847168 26.937055587768555 22.983064651489258 11.656672477722168 11.32639217376709
8 24.0 20.146047592163086 26.791358947753906 23.09211254119873 11.61823844909668 11.47387409210205
8 25.0 20.199024200439453 26.667484283447266 23.144230842590332 11.56147575378418 11.582755088806152
8 26.0 20.2615966796875 26.559783935546875 23.184712409973145 11.503936767578125 11.68077564239502
8 27.0 20.255239486694336 26.382774353027344 23.2565279006958 11.474771499633789 11.781756401062012
8 28.0 20.25839614868164 26.19207000732422 23.339780807495117 11.409513473510742 11.930267333984375
8 29.0 20.298690795898438 26.018291473388672 23.45223903656006 11.362545013427734 12.089694023132324
8 30.0 20.372085571289062 25.85995101928711 23.507314682006836 11.255346298217773 12.251968383789062
8 31.0 20.473318099975586 25.69961929321289 23.727079391479492 11.218753814697266 12.508325576782227
8 32.0 20.591190338134766 25.528091430664062 23.88999366760254 11.153129577636719 12.73686408996582
8 33.0 20.649250030517578 25.353778839111328 23.98105525970459 11.072223663330078 12.908831596374512
8 34.0 20.642601013183594 25.130491256713867 24.051502227783203 10.964557647705078 13.086944580078125
8 35.0 20.692054748535156 24.92182159423828 24.09011173248291 10.845319747924805 13.244791984558105
8 36.0 20.693058013916016 24.695114135742188 24.152365684509277 10.76253604888916 13.389829635620117
8 37.0 20.6563663482666 24.443002700805664 24.201932907104492 10.661717414855957 13.540215492248535
8 38.0 20.607688903808594 24.19803237915039 24.200438499450684 10.557201385498047 13.643237113952637
8 39.0 20.58879852294922 24.003742218017578 24.19551658630371 10.416260719299316 13.779255867004395
8 40.0 20.5745849609375 23.812759399414062 24.10438346862793 10.231037139892578 13.873346328735352
8 41.0 20.589550018310547 23.60846710205078 24.156987190246582 10.084694862365723 14.07229232788086
8 42.0 20.659488677978516 23.439697265625 24.099921226501465 9.904717445373535 14.19520378112793
8 43.0 20.6690616607666 23.219985961914062 24.08866024017334 9.751378059387207 14.337282180786133
8 44.0 20.628149032592773 22.974666595458984 24.12801170349121 9.636421203613281 14.49159049987793
8 45.0 20.53618621826172 22.778162002563477 24.11663055419922 9.521421432495117 14.595209121704102
8 46.0 20.421924591064453 22.568683624267578 24.03359031677246 9.384428977966309 14.649161338806152
8 47.0 20.327777862548828 22.309452056884766 24.014317512512207 9.27629566192627 14.738021850585938
8 48.0 20.2933292388916 22.105003356933594 24.009014129638672 9.188207626342773 14.820806503295898
8 49.0 20.311397552490234 21.894580841064453 23.99610710144043 9.099411964416504 14.896695137023926
8 50.0 20.38915252685547 21.654010772705078 24.069400787353516 9.023580551147461 15.045820236206055
8 51.0 20.495973587036133 21.43504524230957 24.203909873962402 8.955016136169434 15.248893737792969
8 52.0 20.499683380126953 21.208757400512695 24.221592903137207 8.850444793701172 15.371148109436035
8 53.0 20.448171615600586 20.974525451660156 24.207584381103516 8.73769474029541 15.469889640808105
8 54.0 20.39852523803711 20.72287368774414 24.213260650634766 8.623215675354004 15.590044975280762
8 55.0 20.37358856201172 20.490041732788086 24.275115966796875 8.505026817321777 15.770089149475098
8 56.0 20.355915069580078 20.30840301513672 24.280192375183105 8.38979434967041 15.890398025512695
8 57.0 20.341426849365234 20.13558578491211 24.24811840057373 8.255985260009766 15.992133140563965
8 58.0 20.33254051208496 19.95233154296875 24.22070026397705 8.151976585388184 16.068723678588867
8 59.0 20.302589416503906 19.726438522338867 24.207157135009766 8.014841079711914 16.19231605529785
8 60.0 20.242298126220703 19.499130249023438 24.132506847381592 7.876769542694092 16.2557373046875
8 61.0 20.179662704467773 19.273099899291992 24.12602949142456 7.738339900970459 16.3876895904541
8 62.0 20.165475845336914 19.038719177246094 24.09015417098999 7.606576442718506 16.483577728271484
8 63.0 20.096372604370117 18.826190948486328 24.036906242370605 7.470465660095215 16.56644058227539
8 64.0 20.029254913330078 18.615554809570312 23.99783229827881 7.377196311950684 16.620635986328125
8 65.0 19.996461868286133 18.433616638183594 23.84520673751831 7.182155132293701 16.66305160522461
8 66.0 20.022558212280273 18.280738830566406 23.807998657226562 7.010156631469727 16.797842025756836
8 67.0 19.97397232055664 18.110675811767578 23.77922773361206 6.865174770355225 16.914052963256836
8 68.0 19.912263870239258 17.935461044311523 23.74943208694458 6.726841449737549 17.02259063720703
8 69.0 19.819183349609375 17.758872985839844 23.70390558242798 6.6027092933654785 17.1011962890625
8 70.0 19.683414459228516 17.56021499633789 23.679510593414307 6.525890827178955 17.15361976623535
8 71.0 19.637706756591797 17.404430389404297 23.67662000656128 6.420894145965576 17.255725860595703
8 72.0 19.618242263793945 17.25493621826172 23.648395538330078 6.315685272216797 17.33271026611328
8 73.0 19.6295223236084 17.110322952270508 23.627448558807373 6.240893840789795 17.386554718017578
8 74.0 19.69589614868164 16.983436584472656 23.637868881225586 6.167257308959961 17.470611572265625
8 75.0 19.75486946105957 16.85006332397461 23.672358512878418 6.095877647399902 17.576480865478516
8 76.0 19.815420150756836 16.73447036743164 23.671226501464844 5.97418212890625 17.697044372558594
8 77.0 19.8874568939209 16.644948959350586 23.686484813690186 5.888190746307373 17.798294067382812
8 78.0 19.913345336914062 16.548297882080078 23.791439533233643 5.81371545791626 17.977724075317383
8 79.0 19.865365982055664 16.38955307006836 23.772439002990723 5.705239295959473 18.06719970703125
8 80.0 19.822307586669922 16.231054306030273 23.753440856933594 5.585178375244141 18.168262481689453
8 81.0 19.871437072753906 16.135618209838867 23.792380809783936 5.489997386932373 18.302383422851562
8 82.0 19.941438674926758 16.052820205688477 23.726408004760742 5.404308319091797 18.322099685668945
8 83.0 19.937938690185547 16.00119400024414 23.71101427078247 5.327476978302002 18.38353729248047
8 84.0 19.953941345214844 15.972091674804688 23.670841217041016 5.268789291381836 18.40205192565918
8 85.0 19.967350006103516 15.935113906860352 23.7067813873291 5.216253280639648 18.490528106689453
8 86.0 19.965496063232422 15.898509979248047 23.659892559051514 5.152211666107178 18.507680892944336
8 87.0 20.0015811920166 15.861215591430664 23.6942138671875 5.090494155883789 18.60371971130371
8 88.0 20.051517486572266 15.84146499633789 23.73622703552246 5.012666702270508 18.723560333251953
8 89.0 20.09653663635254 15.833120346069336 23.787559986114502 4.9209885597229 18.8665714263916
8 90.0 20.09100341796875 15.824477195739746 23.803146362304688 4.835969924926758 18.96717643737793
8 91.0 20.05255699157715 15.776285171508789 23.731394290924072 4.7528252601623535 18.97856903076172
8 92.0 20.01761245727539 15.713438034057617 23.735034942626953 4.707132339477539 19.027902603149414
8 93.0 20.030681610107422 15.64117431640625 23.793328762054443 4.649919033050537 19.143409729003906
8 94.0 20.03293228149414 15.588960647583008 23.828913688659668 4.633803367614746 19.195110321044922
8 95.0 19.9949951171875 15.526777267456055 23.87316083908081 4.592780590057373 19.280380249023438
8 96.0 20.087047576904297 15.525712966918945 23.874126434326172 4.53514289855957 19.3389835357666
8 97.0 20.138751983642578 15.538755416870117 23.86990451812744 4.490748405456543 19.3791561126709
8 98.0 20.133487701416016 15.513984680175781 23.89396572113037 4.438199043273926 19.455766677856445
8 99.0 20.075849533081055 15.486801147460938 23.879489421844482 4.390649318695068 19.488840103149414
8 100.0 20.062931060791016 15.476408004760742 23.808576107025146 4.310374736785889 19.498201370239258
8 101.0 20.09756088256836 15.468152046203613 23.836941242218018 4.230919361114502 19.606021881103516
8 102.0 20.15378761291504 15.479446411132812 23.88533639907837 4.185898303985596 19.699438095092773
8 103.0 20.23655128479004 15.486639022827148 23.95211362838745 4.125417232513428 19.826696395874023
8 104.0 20.244098663330078 15.474897384643555 23.995211124420166 4.066439151763916 19.92877197265625
8 105.0 20.275957107543945 15.522424697875977 23.978283643722534 3.9828593730926514 19.995424270629883
8 106.0 20.353246688842773 15.635125160217285 23.980660915374756 3.908088207244873 20.072572708129883
8 107.0 20.328819274902344 15.699071884155273 23.92432188987732 3.8197648525238037 20.104557037353516
8 108.0 20.283639907836914 15.724283218383789 23.8878116607666 3.7149200439453125 20.17289161682129
8 109.0 20.250669479370117 15.76603889465332 23.815160512924194 3.6120145320892334 20.20314598083496
8 110.0 20.265575408935547 15.804197311401367 23.77514934539795 3.5104494094848633 20.264699935913086
8 111.0 20.27956771850586 15.857988357543945 23.73756718635559 3.436265230178833 20.301301956176758
8 112.0 20.210161209106445 15.868593215942383 23.71998906135559 3.37615704536438 20.34383201599121
8 113.0 20.219038009643555 15.881139755249023 23.749969005584717 3.3203272819519043 20.429641723632812
8 114.0 20.243473052978516 15.933699607849121 23.671963691711426 3.2440900802612305 20.427873611450195
8 115.0 20.223634719848633 15.996804237365723 23.609484910964966 3.166602373123169 20.442882537841797
8 116.0 20.186866760253906 16.008054733276367 23.580223083496094 3.1058483123779297 20.474374771118164
8 117.0 20.197629928588867 16.005388259887695 23.54637360572815 3.060983896255493 20.485389709472656
8 118.0 20.198898315429688 16.016530990600586 23.50236749649048 3.0274224281311035 20.474945068359375
8 119.0 20.18375587463379 15.986421585083008 23.46791124343872 3.0061306953430176 20.461780548095703
8 120.0 20.139385223388672 15.969480514526367 23.41258406639099 2.962266683578491 20.4503173828125
8 121.0 20.0712890625 15.96303653717041 23.352739095687866 2.882434606552124 20.470304489135742
8 122.0 19.94458770751953 15.970975875854492 23.138830184936523 2.7953109741210938 20.34351921081543
8 123.0 19.846837997436523 16.00605583190918 23.016359567642212 2.711164712905884 20.305194854736328
8 124.0 19.768102645874023 16.019739151000977 22.895380973815918 2.650559425354004 20.244821548461914
8 125.0 19.76138687133789 16.06043243408203 22.82486391067505 2.612644672393799 20.21221923828125
8 126.0 19.82147979736328 16.07451629638672 22.912150382995605 2.6173486709594727 20.294801712036133
8 127.0 19.929407119750977 16.071508407592773 22.9741370677948 2.620678663253784 20.353458404541016
8 128.0 20.034137725830078 16.128650665283203 23.055156469345093 2.570401906967163 20.48475456237793
8 129.0 20.118215560913086 16.185096740722656 23.137596607208252 2.5407700538635254 20.596826553344727
8 130.0 20.09017562866211 16.207275390625 23.100486993789673 2.523512125015259 20.576974868774414
8 131.0 20.031436920166016 16.229093551635742 23.01928687095642 2.4907243251800537 20.528562545776367
8 132.0 19.97068977355957 16.256181716918945 22.931427001953125 2.4405441284179688 20.490882873535156
8 133.0 19.880983352661133 16.2498779296875 22.82410216331482 2.402759313583374 20.421342849731445
8 134.0 19.82319450378418 16.26628303527832 22.75847339630127 2.3658246994018555 20.392648696899414
8 135.0 19.82891845703125 16.336868286132812 22.740436553955078 2.3403472900390625 20.400089263916016
8 136.0 19.876750946044922 16.427772521972656 22.686585426330566 2.3084096908569336 20.378175735473633
8 137.0 19.953052520751953 16.546733856201172 22.637023210525513 2.2503483295440674 20.386674880981445
8 138.0 19.932777404785156 16.598358154296875 22.563581705093384 2.182934045791626 20.380647659301758
8 139.0 19.895524978637695 16.64291000366211 22.547579288482666 2.174368381500244 20.373210906982422
8 140.0 19.9173641204834 16.69942283630371 22.622660875320435 2.2026379108428955 20.42002296447754
8 141.0 19.888822555541992 16.75466537475586 22.59796977043152 2.2240779399871826 20.373891830444336
8 142.0 19.90067481994629 16.80449104309082 22.60849142074585 2.2532572746276855 20.355234146118164
8 143.0 20.000030517578125 16.90503692626953 22.64146900177002 2.289839744567871 20.35162925720215
8 144.0 20.114120483398438 16.994529724121094 22.666311502456665 2.308513879776001 20.357797622680664
8 145.0 20.2728328704834 17.048410415649414 22.86570644378662 2.3866891860961914 20.47901725769043
8 146.0 20.419334411621094 17.120006561279297 22.973829746246338 2.4230904579162598 20.550739288330078
8 147.0 20.51966094970703 17.256858825683594 23.05088996887207 2.4369277954101562 20.613962173461914
8 148.0 20.674129486083984 17.465761184692383 23.23679208755493 2.5731968879699707 20.66359519958496
8 149.0 20.882009506225586 17.707103729248047 23.33940100669861 2.6621835231781006 20.677217483520508
8 150.0 21.01896095275879 17.889232635498047 23.405877828598022 2.734018087387085 20.671859741210938
8 151.0 21.197452545166016 18.052030563354492 23.556679248809814 2.853395938873291 20.703283309936523
8 152.0 21.410154342651367 18.226804733276367 23.806645154953003 2.9992949962615967 20.807350158691406
8 153.0 21.50439453125 18.39452362060547 23.82394242286682 2.9920198917388916 20.83192253112793
8 154.0 21.5422420501709 18.526111602783203 23.88501238822937 3.026718854904175 20.858293533325195
8 155.0 21.57985496520996 18.64862823486328 23.8985276222229 3.03995943069458 20.85856819152832
8 156.0 21.638294219970703 18.746217727661133 23.938983917236328 3.0691280364990234 20.869855880737305
8 157.0 21.70844841003418 18.861642837524414 24.007065773010254 3.12039852142334 20.886667251586914
8 158.0 21.745201110839844 18.936477661132812 24.0916109085083 3.1868906021118164 20.904720306396484
8 159.0 21.801115036010742 18.99466896057129 24.11467456817627 3.254521369934082 20.860153198242188
8 160.0 21.868589401245117 19.090595245361328 24.147167444229126 3.3128397464752197 20.834327697753906
8 161.0 21.888938903808594 19.183137893676758 24.20407772064209 3.343277931213379 20.86079978942871
8 162.0 21.903085708618164 19.2097225189209 24.259616136550903 3.423926591873169 20.835689544677734
8 163.0 21.91704559326172 19.277179718017578 24.288156986236572 3.4323582649230957 20.855798721313477
8 164.0 21.919769287109375 19.343994140625 24.26722812652588 3.426133155822754 20.841094970703125
8 165.0 21.886980056762695 19.335845947265625 24.30193281173706 3.449307918548584 20.852624893188477
8 166.0 21.8992919921875 19.3679141998291 24.30875849723816 3.4720942974090576 20.8366641998291
8 167.0 21.978044509887695 19.450397491455078 24.35965061187744 3.525589942932129 20.834060668945312
8 168.0 22.10989761352539 19.53750991821289 24.411339282989502 3.590427875518799 20.820911407470703
8 169.0 22.249059677124023 19.601245880126953 24.572744607925415 3.764539957046509 20.808204650878906
8 170.0 22.381372451782227 19.65125274658203 24.8525447845459 4.0535430908203125 20.799001693725586
8 171.0 22.475027084350586 19.67108154296875 25.037177085876465 4.274920463562012 20.762256622314453
8 172.0 22.5998592376709 19.69929313659668 25.232165813446045 4.5113749504089355 20.72079086303711
8 173.0 22.63661003112793 19.675695419311523 25.33313226699829 4.680927753448486 20.652204513549805
8 174.0 22.64056968688965 19.654451370239258 25.387981414794922 4.7554931640625 20.632488250732422
8 175.0 22.68505859375 19.663026809692383 25.510315895080566 4.885581016540527 20.62473487854004
8 176.0 22.78022003173828 19.6964168548584 25.602652072906494 5.061413288116455 20.54123878479004
8 177.0 22.864931106567383 19.73098373413086 25.73292636871338 5.223265647888184 20.509660720825195
8 178.0 22.86751937866211 19.733375549316406 25.78281307220459 5.345742225646973 20.437070846557617
8 179.0 22.8064022064209 19.68815803527832 25.733625888824463 5.417891025543213 20.31573486328125
8 180.0 22.687030792236328 19.620624542236328 25.6746506690979 5.459658145904541 20.21499252319336
8 181.0 22.52627944946289 19.476802825927734 25.663089752197266 5.512666702270508 20.150423049926758
8 182.0 22.444454193115234 19.387027740478516 25.68333673477173 5.602461338043213 20.080875396728516
8 183.0 22.47873878479004 19.39038848876953 25.780692100524902 5.788060188293457 19.992631912231445
8 184.0 22.583791732788086 19.415327072143555 25.94003915786743 6.016432285308838 19.923606872558594
8 185.0 22.70415687561035 19.445072174072266 26.076443672180176 6.259505271911621 19.816938400268555
8 186.0 22.781675338745117 19.420494079589844 26.222439765930176 6.464747428894043 19.757692337036133
8 187.0 22.81546974182129 19.393978118896484 26.293027877807617 6.632162094116211 19.660865783691406
8 188.0 22.804336547851562 19.364368438720703 26.31190252304077 6.751832485198975 19.560070037841797
8 189.0 22.806161880493164 19.314104080200195 26.452094554901123 6.948731899261475 19.50336265563965
8 190.0 22.85932159423828 19.299720764160156 26.572447776794434 7.1241960525512695 19.448251724243164
8 191.0 22.92660903930664 19.309925079345703 26.683101177215576 7.329972743988037 19.35312843322754
8 192.0 22.99835968017578 19.3524169921875 26.775924682617188 7.521329879760742 19.254594802856445
8 193.0 23.034442901611328 19.38890266418457 26.80696153640747 7.665205478668213 19.141756057739258
8 194.0 22.94455909729004 19.35256576538086 26.7707781791687 7.693780422210693 19.076997756958008
8 195.0 22.855239868164062 19.259313583374023 26.74162530899048 7.76958703994751 18.97203826904297
8 196.0 22.8298282623291 19.23074722290039 26.770714282989502 7.900900363922119 18.869813919067383
8 197.0 22.822519302368164 19.21541404724121 26.81992530822754 8.028940200805664 18.790985107421875
8 198.0 22.818265914916992 19.196115493774414 26.849544525146484 8.180229187011719 18.669315338134766
8 199.0 22.861648559570312 19.20351219177246 26.89993190765381 8.331706047058105 18.568225860595703
8 200.0 22.967844009399414 19.227611541748047 26.970332145690918 8.50194263458252 18.4683895111084
8 201.0 23.025402069091797 19.19446563720703 27.063608169555664 8.682199478149414 18.38140869140625
8 202.0 23.041255950927734 19.1776123046875 27.156639099121094 8.83530044555664 18.321338653564453
8 203.0 22.985015869140625 19.120622634887695 27.119379997253418 8.9318208694458 18.187559127807617
8 204.0 22.901058197021484 19.09415626525879 27.06773281097412 9.036040306091309 18.031692504882812
8 205.0 22.790206909179688 19.05984115600586 26.979376792907715 9.09392261505127 17.885454177856445
8 206.0 22.626171112060547 18.969636917114258 26.849040031433105 9.107605934143066 17.74143409729004
8 207.0 22.471614837646484 18.853864669799805 26.694011688232422 9.157697677612305 17.536314010620117
8 208.0 22.368961334228516 18.764301300048828 26.65101146697998 9.26244831085205 17.38856315612793
8 209.0 22.290390014648438 18.693374633789062 26.595680236816406 9.376056671142578 17.219623565673828
8 210.0 22.19152069091797 18.628292083740234 26.551809310913086 9.480819702148438 17.07098960876465
8 211.0 22.09420394897461 18.5382022857666 26.499624252319336 9.60430908203125 16.895315170288086
8 212.0 21.998252868652344 18.450090408325195 26.447623252868652 9.724059104919434 16.72356414794922
8 213.0 21.88943099975586 18.37769889831543 26.42014789581299 9.849513053894043 16.570634841918945
8 214.0 21.77193260192871 18.3077335357666 26.35415267944336 9.941324234008789 16.41282844543457
8 215.0 21.606706619262695 18.225669860839844 26.255996704101562 10.012990951538086 16.243005752563477
8 216.0 21.428268432617188 18.139568328857422 26.091276168823242 10.062368392944336 16.028907775878906
8 217.0 21.238548278808594 18.064956665039062 25.986337661743164 10.131011009216309 15.855326652526855
8 218.0 21.05661392211914 17.960599899291992 25.86236572265625 10.235846519470215 15.626519203186035
8 219.0 20.883878707885742 17.843387603759766 25.728322982788086 10.34652042388916 15.381802558898926
8 220.0 20.675838470458984 17.713973999023438 25.543089866638184 10.441288948059082 15.101800918579102
8 221.0 20.474605560302734 17.55691909790039 25.35346508026123 10.565577507019043 14.787887573242188
8 222.0 20.280029296875 17.460573196411133 25.176843643188477 10.669322967529297 14.50752067565918
8 223.0 20.03032684326172 17.396221160888672 24.88187026977539 10.699153900146484 14.182716369628906
8 224.0 19.726882934570312 17.30257225036621 24.506650924682617 10.73876667022705 13.767884254455566
8 225.0 19.42438507080078 17.138797760009766 24.13640308380127 10.7861328125 13.35027027130127
8 226.0 19.13376808166504 16.95005226135254 23.795586585998535 10.847807884216309 12.947778701782227
8 227.0 18.823883056640625 16.72331428527832 23.34307289123535 10.913304328918457 12.429768562316895
8 228.0 18.548315048217773 16.526958465576172 23.003228187561035 10.993287086486816 12.009941101074219
8 229.0 18.337661743164062 16.402076721191406 22.645636558532715 11.088764190673828 11.556872367858887
8 230.0 18.152732849121094 16.32478141784668 22.25685977935791 11.149765014648438 11.107094764709473
8 231.0 17.940290451049805 16.255733489990234 21.905844688415527 11.189314842224121 10.716529846191406
8 232.0 17.702558517456055 16.156497955322266 21.613550186157227 11.235967636108398 10.377582550048828
8 233.0 17.47378158569336 16.052270889282227 21.246142387390137 11.31496524810791 9.931177139282227
8 234.0 17.219520568847656 15.936174392700195 20.96307945251465 11.422968864440918 9.54011058807373
8 235.0 16.972734451293945 15.824577331542969 20.637322425842285 11.53808307647705 9.099239349365234
8 236.0 16.764137268066406 15.731278419494629 20.293109893798828 11.616567611694336 8.676542282104492
8 237.0 16.564525604248047 15.660551071166992 20.022805213928223 11.74071216583252 8.282093048095703
8 238.0 16.362239837646484 15.632091522216797 19.657153129577637 11.823004722595215 7.834148406982422
8 239.0 16.13860511779785 15.5603609085083 19.330820560455322 11.875332832336426 7.4554877281188965
8 240.0 15.910954475402832 15.490806579589844 18.961856842041016 11.949919700622559 7.011937141418457
8 241.0 15.749049186706543 15.447105407714844 18.66982650756836 12.038296699523926 6.631529808044434
8 242.0 15.602155685424805 15.395835876464844 18.444114685058594 12.113306999206543 6.330807685852051
8 243.0 15.408489227294922 15.32530403137207 18.13826322555542 12.148741722106934 5.989521503448486
8 244.0 15.189455032348633 15.259383201599121 17.871290683746338 12.231249809265137 5.640040874481201
8 245.0 15.000452041625977 15.223491668701172 17.56846857070923 12.278702735900879 5.28976583480835
8 246.0 14.797480583190918 15.19740104675293 17.271904945373535 12.316604614257812 4.955300331115723
8 247.0 14.567889213562012 15.186912536621094 16.860225677490234 12.340423583984375 4.519802093505859
8 248.0 14.35130500793457 15.176789283752441 16.511280059814453 12.366996765136719 4.144283294677734
8 249.0 14.18726634979248 15.173897743225098 16.25620198249817 12.430227279663086 3.825974702835083
8 250.0 14.079294204711914 15.186606407165527 16.090214490890503 12.487080574035645 3.6031339168548584
8 251.0 13.991634368896484 15.241632461547852 15.94888687133789 12.537013053894043 3.4118738174438477
8 252.0 13.878463745117188 15.278636932373047 15.785053730010986 12.5671968460083 3.2178568840026855
8 253.0 13.794301986694336 15.320513725280762 15.663036823272705 12.644156455993652 3.0188803672790527
8 254.0 13.760316848754883 15.369483947753906 15.587402820587158 12.748137474060059 2.8392653465270996
8 255.0 13.722987174987793 15.413119316101074 15.52815055847168 12.816794395446777 2.7113561630249023
8 256.0 13.703221321105957 15.482508659362793 15.37934160232544 12.90222454071045 2.4771170616149902
8 257.0 13.626714706420898 15.55067253112793 15.137137651443481 12.918283462524414 2.2188541889190674
8 258.0 13.46523380279541 15.559161186218262 14.857401013374329 12.901836395263672 1.9555646181106567
8 259.0 13.35068130493164 15.581059455871582 14.691169619560242 12.879711151123047 1.8114584684371948
8 260.0 13.28103256225586 15.590863227844238 14.5946546792984 12.87261962890625 1.7220350503921509
8 261.0 13.252391815185547 15.63661003112793 14.548754334449768 12.939727783203125 1.609026551246643
8 262.0 13.234291076660156 15.749465942382812 14.499562740325928 12.983299255371094 1.516263484954834
8 263.0 13.16812801361084 15.847289085388184 14.396092891693115 12.984347343444824 1.411745548248291
8 264.0 13.119081497192383 15.90835952758789 14.339681029319763 13.000096321105957 1.3395847082138062
8 265.0 13.125259399414062 15.986461639404297 14.351723670959473 13.061424255371094 1.290299415588379
8 266.0 13.112370491027832 16.066980361938477 14.329887628555298 13.095401763916016 1.2344858646392822
8 267.0 13.128381729125977 16.15338706970215 14.299581170082092 13.125273704528809 1.1743074655532837
8 268.0 13.169939994812012 16.247329711914062 14.328254580497742 13.213578224182129 1.1146763563156128
8 269.0 13.17722225189209 16.3355655670166 14.304904103279114 13.255090713500977 1.0498133897781372
8 270.0 13.171236038208008 16.414974212646484 14.254483044147491 13.265039443969727 0.9894436001777649
8 271.0 13.157928466796875 16.480648040771484 14.26415765285492 13.33564281463623 0.928514838218689
8 272.0 13.157608032226562 16.525474548339844 14.237832188606262 13.371431350708008 0.8664008378982544
8 273.0 13.1311616897583 16.554500579833984 14.183663368225098 13.36955738067627 0.8141059875488281
8 274.0 13.109038352966309 16.60894012451172 14.156333327293396 13.366421699523926 0.7899116277694702
8 275.0 13.105500221252441 16.672033309936523 14.176069617271423 13.427523612976074 0.7485460042953491
8 276.0 13.103944778442383 16.72643280029297 14.157006680965424 13.465234756469727 0.691771924495697
8 277.0 13.145611763000488 16.82644271850586 14.167424082756042 13.526473045349121 0.6409510374069214
8 278.0 13.212145805358887 16.939558029174805 14.235092580318451 13.61945915222168 0.6156334280967712
8 279.0 13.24809455871582 17.037878036499023 14.280984282493591 13.687458992004395 0.5935252904891968
8 280.0 13.280056953430176 17.116626739501953 14.295677721500397 13.721542358398438 0.5741353631019592
8 281.0 13.287015914916992 17.149194717407227 14.322620511054993 13.774003982543945 0.5486165285110474
8 282.0 13.30573844909668 17.185197830200195 14.337442338466644 13.814163208007812 0.5232791304588318
8 283.0 13.379356384277344 17.307228088378906 14.413125872612 13.902013778686523 0.5111120939254761
8 284.0 13.472285270690918 17.46902084350586 14.528090745210648 14.037396430969238 0.4906943142414093
8 285.0 13.498019218444824 17.576108932495117 14.544003665447235 14.080711364746094 0.46329230070114136
8 286.0 13.478432655334473 17.655460357666016 14.51092353463173 14.065492630004883 0.4454309046268463
8 287.0 13.461246490478516 17.73863983154297 14.51735171675682 14.06567096710205 0.4516807496547699
8 288.0 13.424446105957031 17.788894653320312 14.506723523139954 14.053805351257324 0.4529181718826294
8 289.0 13.371028900146484 17.847841262817383 14.456262707710266 14.006431579589844 0.44983112812042236
8 290.0 13.344490051269531 17.939983367919922 14.385260373353958 13.946773529052734 0.43848684430122375
8 291.0 13.308721542358398 18.03316879272461 14.352902173995972 13.921026229858398 0.43187594413757324
8 292.0 13.28460693359375 18.102466583251953 14.323027849197388 13.903653144836426 0.4193747043609619
8 293.0 13.260555267333984 18.16040802001953 14.282400280237198 13.871169090270996 0.4112311899662018
8 294.0 13.235111236572266 18.21904945373535 14.241818726062775 13.846287727355957 0.3955309987068176
8 295.0 13.210440635681152 18.2915096282959 14.204017609357834 13.815645217895508 0.38837239146232605
8 296.0 13.182003021240234 18.36063575744629 14.144537419080734 13.765484809875488 0.37905260920524597
8 297.0 13.189151763916016 18.441207885742188 14.135062009096146 13.76745319366455 0.36760881543159485
8 298.0 13.16022777557373 18.51993179321289 14.043347746133804 13.680889129638672 0.36245861649513245
8 299.0 13.139789581298828 18.594524383544922 13.961136430501938 13.605813026428223 0.3553234040737152
8 300.0 13.132702827453613 18.66225814819336 13.958165913820267 13.61672592163086 0.34143999218940735
8 301.0 13.138191223144531 18.73305892944336 13.967950642108917 13.632526397705078 0.3354242444038391
8 302.0 13.129196166992188 18.80771827697754 13.936559557914734 13.603421211242676 0.3331383466720581
8 303.0 13.140120506286621 18.906064987182617 13.92515915632248 13.604196548461914 0.3209626078605652
8 304.0 13.15051555633545 18.985368728637695 13.933956354856491 13.6270751953125 0.3068811595439911
8 305.0 13.174888610839844 19.11944580078125 13.928327977657318 13.613649368286133 0.3146786093711853
8 306.0 13.169570922851562 19.23143196105957 13.944989442825317 13.635438919067383 0.30955052375793457
8 307.0 13.159133911132812 19.30168914794922 13.937555700540543 13.642020225524902 0.29553547501564026
8 308.0 13.139495849609375 19.333534240722656 13.954683482646942 13.674983978271484 0.27969950437545776
8 309.0 13.160016059875488 19.40544891357422 13.976620882749557 13.694293975830078 0.28232690691947937
8 310.0 13.174572944641113 19.523303985595703 13.99054542183876 13.711967468261719 0.2785779535770416
8 311.0 13.212931632995605 19.655954360961914 14.008776307106018 13.717789649963379 0.29098665714263916
8 312.0 13.254213333129883 19.77190399169922 14.048963367938995 13.744820594787598 0.3041427731513977
8 313.0 13.280533790588379 19.86203956604004 14.084628969430923 13.768867492675781 0.3157614767551422
8 314.0 13.317249298095703 19.93330192565918 14.153682947158813 13.819971084594727 0.3337118625640869
8 315.0 13.36772632598877 19.99598503112793 14.255615472793579 13.906718254089355 0.34889721870422363
8 316.0 13.414511680603027 20.08406639099121 14.342743992805481 13.974655151367188 0.36808884143829346
8 317.0 13.439043045043945 20.18343734741211 14.379324287176132 13.983909606933594 0.39541468024253845
8 318.0 13.436945915222168 20.261981964111328 14.379766255617142 13.966059684753418 0.41370657086372375
8 319.0 13.418474197387695 20.303831100463867 14.369702786207199 13.93596363067627 0.43373915553092957
8 320.0 13.391731262207031 20.336854934692383 14.428523629903793 13.954209327697754 0.47431430220603943
8 321.0 13.369447708129883 20.382905960083008 14.421108275651932 13.931025505065918 0.4900827705860138
8 322.0 13.371795654296875 20.45034408569336 14.423812985420227 13.897321701049805 0.5264912843704224
8 323.0 13.365701675415039 20.534786224365234 14.388477265834808 13.849742889404297 0.5387343764305115
8 324.0 13.395660400390625 20.619369506835938 14.397226333618164 13.856739044189453 0.5404872894287109
8 325.0 13.416305541992188 20.676109313964844 14.425417721271515 13.845370292663574 0.5800474286079407
8 326.0 13.422136306762695 20.711505889892578 14.413993179798126 13.814949989318848 0.5990431904792786
8 327.0 13.437777519226074 20.743141174316406 14.484525203704834 13.858871459960938 0.6256537437438965
8 328.0 13.513011932373047 20.823537826538086 14.554847538471222 13.86143970489502 0.6934078335762024
8 329.0 13.562919616699219 20.91233253479004 14.609986782073975 13.877185821533203 0.7328009605407715
8 330.0 13.615962982177734 21.004823684692383 14.631567776203156 13.828253746032715 0.8033140301704407
8 331.0 13.672904968261719 21.114139556884766 14.635724425315857 13.76928997039795 0.8664344549179077
8 332.0 13.68445110321045 21.194055557250977 14.62508499622345 13.719063758850098 0.906021237373352
8 333.0 13.669678688049316 21.231298446655273 14.621161341667175 13.694281578063965 0.9268797636032104
8 334.0 13.665730476379395 21.283588409423828 14.604608356952667 13.652898788452148 0.9517095685005188
8 335.0 13.666994094848633 21.3414306640625 14.586272120475769 13.595823287963867 0.9904488325119019
8 336.0 13.671733856201172 21.384143829345703 14.639693856239319 13.58250904083252 1.0571848154067993
8 337.0 13.692831993103027 21.428861618041992 14.73101258277893 13.57269287109375 1.1583197116851807
8 338.0 13.703486442565918 21.47011947631836 14.732181668281555 13.534329414367676 1.1978522539138794
8 339.0 13.685219764709473 21.457866668701172 14.766071915626526 13.509872436523438 1.2561994791030884
8 340.0 13.686532020568848 21.44986343383789 14.809508800506592 13.480591773986816 1.3289170265197754
8 341.0 13.682778358459473 21.48419761657715 14.82301652431488 13.467315673828125 1.3557008504867554
8 342.0 13.662885665893555 21.550579071044922 14.83068037033081 13.42850112915039 1.40217924118042
8 343.0 13.639095306396484 21.60969352722168 14.830744504928589 13.363231658935547 1.467512845993042
8 344.0 13.686705589294434 21.6754150390625 14.826658844947815 13.286258697509766 1.5404001474380493
8 345.0 13.758015632629395 21.747100830078125 14.851409316062927 13.292881965637207 1.5585273504257202
8 346.0 13.783514976501465 21.798404693603516 14.891401648521423 13.315147399902344 1.5762542486190796
8 347.0 13.816924095153809 21.85670280456543 14.935494661331177 13.315154075622559 1.6203405857086182
8 348.0 13.847681045532227 21.890066146850586 14.988376021385193 13.280877113342285 1.7074989080429077
8 349.0 13.934728622436523 21.927139282226562 15.130173087120056 13.286954879760742 1.843218207359314
8 350.0 14.015758514404297 21.96986961364746 15.252339720726013 13.293055534362793 1.9592841863632202
8 351.0 14.107881546020508 22.025371551513672 15.409672498703003 13.284296989440918 2.125375509262085
8 352.0 14.227644920349121 22.082019805908203 15.5811128616333 13.28036880493164 2.30074405670166
8 353.0 14.316401481628418 22.111181259155273 15.711595296859741 13.253113746643066 2.458481550216675
8 354.0 14.358007431030273 22.10423469543457 15.838027954101562 13.257973670959473 2.58005428314209
8 355.0 14.435295104980469 22.094520568847656 15.94855546951294 13.270234107971191 2.678321361541748
8 356.0 14.518074035644531 22.104806900024414 16.013432025909424 13.264429092407227 2.7490029335021973
8 357.0 14.666958808898926 22.15220832824707 16.212021589279175 13.26981258392334 2.942209005355835
8 358.0 14.798196792602539 22.213117599487305 16.37081241607666 13.264822006225586 3.105990409851074
8 359.0 14.91236686706543 22.28471565246582 16.54341745376587 13.250202178955078 3.293215274810791
8 360.0 15.075620651245117 22.38844871520996 16.65967035293579 13.204996109008789 3.454674243927002
8 361.0 15.206212043762207 22.471702575683594 16.811569929122925 13.140129089355469 3.671440839767456
8 362.0 15.288179397583008 22.55561637878418 16.8615882396698 13.03078842163086 3.8307998180389404
8 363.0 15.360359191894531 22.618091583251953 16.924143314361572 12.924003601074219 4.0001397132873535
8 364.0 15.446128845214844 22.676559448242188 17.015936374664307 12.862242698669434 4.153693675994873
8 365.0 15.57193374633789 22.737869262695312 17.135419845581055 12.818381309509277 4.317038536071777
8 366.0 15.657562255859375 22.793067932128906 17.176637172698975 12.7804536819458 4.396183490753174
9 1.0 18.25545883178711 28.09234046936035 20.38955307006836 12.715323448181152 7.674229621887207
9 2.0 18.29114532470703 27.984039306640625 20.50208330154419 12.692667007446289 7.8094162940979
9 3.0 18.39371109008789 27.913734436035156 20.62662982940674 12.70378303527832 7.922846794128418
9 4.0 18.508827209472656 27.792434692382812 20.818955421447754 12.712747573852539 8.106207847595215
9 5.0 18.647451400756836 27.725482940673828 20.984719276428223 12.68435287475586 8.300366401672363
9 6.0 18.764114379882812 27.762367248535156 21.090603828430176 12.62770938873291 8.462894439697266
9 7.0 18.831892013549805 27.77492904663086 21.204431533813477 12.56585693359375 8.638574600219727
9 8.0 18.93468475341797 27.799516677856445 21.32515048980713 12.536362648010254 8.788787841796875
9 9.0 19.053728103637695 27.818918228149414 21.40090274810791 12.4774808883667 8.923421859741211
9 10.0 19.125980377197266 27.815372467041016 21.452556610107422 12.426531791687012 9.02602481842041
9 11.0 19.213756561279297 27.814159393310547 21.539841651916504 12.372171401977539 9.167670249938965
9 12.0 19.358718872070312 27.80236053466797 21.755569458007812 12.31229305267334 9.443276405334473
9 13.0 19.495986938476562 27.782306671142578 21.926895141601562 12.26211166381836 9.664783477783203
9 14.0 19.613162994384766 27.72208595275879 22.01515483856201 12.201760292053223 9.813394546508789
9 15.0 19.67599105834961 27.613815307617188 22.155811309814453 12.110241889953613 10.04556941986084
9 16.0 19.701053619384766 27.519804000854492 22.221142768859863 12.042726516723633 10.17841625213623
9 17.0 19.724441528320312 27.45736312866211 22.25840950012207 11.950688362121582 10.307721138000488
9 18.0 19.78302001953125 27.38074493408203 22.383493423461914 11.916332244873047 10.467161178588867
9 19.0 19.838973999023438 27.296184539794922 22.455159187316895 11.844274520874023 10.610884666442871
9 20.0 19.889774322509766 27.212961196899414 22.51058292388916 11.759867668151855 10.750715255737305
9 21.0 19.945369720458984 27.147329330444336 22.58942413330078 11.67974853515625 10.909675598144531
9 22.0 20.00613784790039 27.104328155517578 22.675134658813477 11.606842041015625 11.068292617797852
9 23.0 20.041568756103516 27.021642684936523 22.757295608520508 11.538023948669434 11.219271659851074
9 24.0 20.097190856933594 26.888874053955078 22.83955192565918 11.486505508422852 11.353046417236328
9 25.0 20.138355255126953 26.738786697387695 22.982072830200195 11.428999900817871 11.553072929382324
9 26.0 20.14407730102539 26.60601806640625 23.09504508972168 11.358190536499023 11.736854553222656
9 27.0 20.168148040771484 26.4600772857666 23.152442932128906 11.269006729125977 11.88343620300293
9 28.0 20.27361297607422 26.28854751586914 23.321528434753418 11.236178398132324 12.085350036621094
9 29.0 20.363773345947266 26.0726261138916 23.467103004455566 11.196104049682617 12.27099895477295
9 30.0 20.45096206665039 25.901622772216797 23.548585891723633 11.111653327941895 12.436932563781738
9 31.0 20.428794860839844 25.70950698852539 23.55798625946045 11.009320259094238 12.548666000366211
9 32.0 20.375749588012695 25.493206024169922 23.630200386047363 10.962118148803711 12.668082237243652
9 33.0 20.466327667236328 25.290512084960938 23.7480525970459 10.902143478393555 12.845909118652344
9 34.0 20.576766967773438 25.114521026611328 23.87348747253418 10.800324440002441 13.073163032531738
9 35.0 20.624832153320312 24.88933753967285 23.9459171295166 10.730298042297363 13.215619087219238
9 36.0 20.611400604248047 24.657703399658203 24.06071662902832 10.679624557495117 13.381092071533203
9 37.0 20.557613372802734 24.37545394897461 24.086613655090332 10.634387969970703 13.452225685119629
9 38.0 20.522825241088867 24.07720184326172 24.167820930480957 10.587719917297363 13.580101013183594
9 39.0 20.59682846069336 23.82921028137207 24.280345916748047 10.507859230041504 13.772486686706543
9 40.0 20.727323532104492 23.65311622619629 24.32016372680664 10.374943733215332 13.945219993591309
9 41.0 20.793149948120117 23.476261138916016 24.368582725524902 10.235786437988281 14.132796287536621
9 42.0 20.829364776611328 23.301939010620117 24.37910270690918 10.095401763916016 14.283700942993164
9 43.0 20.91091537475586 23.14011001586914 24.461201667785645 9.993086814880371 14.468114852905273
9 44.0 20.992801666259766 22.983491897583008 24.51579761505127 9.881002426147461 14.634795188903809
9 45.0 20.958498001098633 22.766895294189453 24.444960594177246 9.739356994628906 14.70560359954834
9 46.0 20.879756927490234 22.49172019958496 24.505288124084473 9.607149124145508 14.898138999938965
9 47.0 20.850269317626953 22.230716705322266 24.51708698272705 9.494786262512207 15.022300720214844
9 48.0 20.8199462890625 21.997541427612305 24.557071685791016 9.399749755859375 15.15732192993164
9 49.0 20.788005828857422 21.78570556640625 24.56222152709961 9.25401782989502 15.30820369720459
9 50.0 20.705211639404297 21.526859283447266 24.583663940429688 9.144155502319336 15.439508438110352
9 51.0 20.600719451904297 21.259424209594727 24.507604598999023 8.997538566589355 15.510066032409668
9 52.0 20.552181243896484 21.05616569519043 24.444422721862793 8.816911697387695 15.627511024475098
9 53.0 20.5151424407959 20.852201461791992 24.444525718688965 8.677740097045898 15.766785621643066
9 54.0 20.494321823120117 20.633670806884766 24.480731964111328 8.577096939086914 15.903635025024414
9 55.0 20.451662063598633 20.407350540161133 24.416396141052246 8.449668884277344 15.966727256774902
9 56.0 20.341154098510742 20.191932678222656 24.332639694213867 8.312355041503906 16.02028465270996
9 57.0 20.238525390625 19.970420837402344 24.271368980407715 8.166020393371582 16.105348587036133
9 58.0 20.233123779296875 19.78068733215332 24.2242374420166 8.024515151977539 16.199722290039062
9 59.0 20.246427536010742 19.57828712463379 24.21377420425415 7.902708530426025 16.311065673828125
9 60.0 20.255619049072266 19.37257194519043 24.15963315963745 7.7426371574401855 16.416996002197266
9 61.0 20.256593704223633 19.19610595703125 24.177043914794922 7.600467681884766 16.576576232910156
9 62.0 20.218585968017578 19.009750366210938 24.129438400268555 7.449298858642578 16.680139541625977
9 63.0 20.160045623779297 18.820606231689453 24.08647632598877 7.337525367736816 16.748950958251953
9 64.0 20.088054656982422 18.63516616821289 24.053471565246582 7.243485450744629 16.809986114501953
9 65.0 19.97469139099121 18.46139907836914 24.04617404937744 7.161211967468262 16.88496208190918
9 66.0 19.879905700683594 18.298542022705078 23.96502685546875 7.037452697753906 16.927574157714844
9 67.0 19.86080551147461 18.176822662353516 23.948943614959717 6.9228434562683105 17.026100158691406
9 68.0 19.840288162231445 18.05453872680664 23.887063026428223 6.819413185119629 17.067649841308594
9 69.0 19.859848022460938 17.924158096313477 23.88724184036255 6.725447177886963 17.161794662475586
9 70.0 19.896940231323242 17.78078842163086 23.811724185943604 6.614426136016846 17.197298049926758
9 71.0 19.91971778869629 17.63590431213379 23.745956420898438 6.509580612182617 17.23637580871582
9 72.0 19.90966033935547 17.483661651611328 23.74522829055786 6.4083428382873535 17.336885452270508
9 73.0 19.930482864379883 17.374835968017578 23.718324661254883 6.30125617980957 17.417068481445312
9 74.0 19.946781158447266 17.27813148498535 23.65444564819336 6.172178268432617 17.482267379760742
9 75.0 19.97293472290039 17.194660186767578 23.64277458190918 6.023151397705078 17.6196231842041
9 76.0 19.930450439453125 17.14013671875 23.618220329284668 5.899346351623535 17.718873977661133
9 77.0 19.876924514770508 17.045276641845703 23.565649032592773 5.750455856323242 17.81519317626953
9 78.0 19.844776153564453 16.9420166015625 23.54721736907959 5.652010917663574 17.895206451416016
9 79.0 19.84803009033203 16.878623962402344 23.490511894226074 5.511717796325684 17.97879409790039
9 80.0 19.838594436645508 16.795215606689453 23.469552516937256 5.410020351409912 18.059532165527344
9 81.0 19.830915451049805 16.768524169921875 23.441346168518066 5.3094987869262695 18.131847381591797
9 82.0 19.800071716308594 16.724445343017578 23.377466678619385 5.227108478546143 18.150358200073242
9 83.0 19.77552032470703 16.67760467529297 23.295799255371094 5.120233535766602 18.175565719604492
9 84.0 19.76093101501465 16.62557601928711 23.278929710388184 5.030661582946777 18.248268127441406
9 85.0 19.79395294189453 16.57544708251953 23.335701942443848 4.964142799377441 18.371559143066406
9 86.0 19.81698989868164 16.524261474609375 23.331825256347656 4.895322799682617 18.43650245666504
9 87.0 19.78923225402832 16.49554443359375 23.298726081848145 4.841719627380371 18.457006454467773
9 88.0 19.73834991455078 16.467222213745117 23.313498497009277 4.7572526931762695 18.556245803833008
9 89.0 19.75554656982422 16.458864212036133 23.334346294403076 4.69696569442749 18.637380599975586
9 90.0 19.799592971801758 16.4649658203125 23.382036209106445 4.639015197753906 18.74302101135254
9 91.0 19.903606414794922 16.520479202270508 23.373511791229248 4.575240612030029 18.79827117919922
9 92.0 20.002395629882812 16.57604217529297 23.418339729309082 4.516846656799316 18.901493072509766
9 93.0 20.131507873535156 16.665929794311523 23.49018955230713 4.457653999328613 19.032535552978516
9 94.0 20.191970825195312 16.72535514831543 23.5069260597229 4.356058597564697 19.150867462158203
9 95.0 20.18824005126953 16.714414596557617 23.498021602630615 4.279744625091553 19.218276977539062
9 96.0 20.193525314331055 16.705392837524414 23.436962604522705 4.200842380523682 19.236120223999023
9 97.0 20.159839630126953 16.656742095947266 23.406973838806152 4.15897274017334 19.248001098632812
9 98.0 20.147022247314453 16.572654724121094 23.41870927810669 4.109982013702393 19.308727264404297
9 99.0 20.110065460205078 16.508068084716797 23.36402177810669 4.050196170806885 19.313825607299805
9 100.0 20.11115074157715 16.456893920898438 23.437182664871216 3.9809467792510986 19.456235885620117
9 101.0 20.157394409179688 16.4437198638916 23.403069257736206 3.876122236251831 19.526947021484375
9 102.0 20.216346740722656 16.475067138671875 23.427802324295044 3.780675172805786 19.647127151489258
9 103.0 20.277835845947266 16.526479721069336 23.430086135864258 3.6949081420898438 19.735177993774414
9 104.0 20.3382625579834 16.577987670898438 23.408119201660156 3.5790462493896484 19.829072952270508
9 105.0 20.413888931274414 16.6395263671875 23.389737606048584 3.4763617515563965 19.913375854492188
9 106.0 20.43598175048828 16.64531707763672 23.32630491256714 3.3969645500183105 19.929340362548828
9 107.0 20.41519546508789 16.587095260620117 23.33782720565796 3.3437418937683105 19.99408531188965
9 108.0 20.3878231048584 16.536245346069336 23.337202072143555 3.2808704376220703 20.056331634521484
9 109.0 20.4033260345459 16.522310256958008 23.372913122177124 3.2303788661956787 20.142534255981445
9 110.0 20.398746490478516 16.54940414428711 23.414625883102417 3.1891467571258545 20.225479125976562
9 111.0 20.3822078704834 16.518775939941406 23.369341135025024 3.1408941745758057 20.22844696044922
9 112.0 20.33698272705078 16.469377517700195 23.40399193763733 3.095176935195923 20.308815002441406
9 113.0 20.32994842529297 16.44831657409668 23.428820371627808 3.0507686138153076 20.3780517578125
9 114.0 20.356477737426758 16.432537078857422 23.48518681526184 3.0169460773468018 20.46824073791504
9 115.0 20.39674186706543 16.433780670166016 23.50741410255432 3.004862070083618 20.502552032470703
9 116.0 20.43935775756836 16.41754913330078 23.51129674911499 2.976968288421631 20.53432846069336
9 117.0 20.525161743164062 16.438201904296875 23.53571581840515 2.9459292888641357 20.589786529541016
9 118.0 20.64531898498535 16.487462997436523 23.569222688674927 2.9100639820098877 20.65915870666504
9 119.0 20.742130279541016 16.558547973632812 23.56083345413208 2.865511417388916 20.695322036743164
9 120.0 20.843355178833008 16.636978149414062 23.568589448928833 2.821204423904419 20.747385025024414
9 121.0 20.906156539916992 16.68949317932129 23.686495542526245 2.787804365158081 20.898691177368164
9 122.0 20.966289520263672 16.746612548828125 23.648351907730103 2.7273313999176025 20.9210205078125
9 123.0 20.959228515625 16.78263282775879 23.678157806396484 2.67633056640625 21.001827239990234
9 124.0 20.945375442504883 16.774124145507812 23.632729053497314 2.637665271759033 20.99506378173828
9 125.0 20.950685501098633 16.768692016601562 23.645902156829834 2.6105589866638184 21.035343170166016
9 126.0 21.017805099487305 16.798830032348633 23.697000741958618 2.58955979347229 21.107440948486328
9 127.0 21.108482360839844 16.864702224731445 23.799755573272705 2.5592617988586426 21.240493774414062
9 128.0 21.149932861328125 16.925230026245117 23.84267544746399 2.54424786567688 21.29842758178711
9 129.0 21.189735412597656 16.96525001525879 23.864776611328125 2.5325469970703125 21.332229614257812
9 130.0 21.235931396484375 17.031429290771484 23.88335919380188 2.496070146560669 21.38728904724121
9 131.0 21.261070251464844 17.112497329711914 23.952529907226562 2.4679298400878906 21.484600067138672
9 132.0 21.260347366333008 17.146940231323242 23.885279417037964 2.4474761486053467 21.437803268432617
9 133.0 21.271459579467773 17.124940872192383 23.90331244468689 2.453244924545288 21.4500675201416
9 134.0 21.290607452392578 17.139616012573242 23.893612146377563 2.4609034061431885 21.432708740234375
9 135.0 21.319425582885742 17.18792152404785 23.956887006759644 2.459568738937378 21.497318267822266
9 136.0 21.35620880126953 17.217636108398438 24.04026985168457 2.4583206176757812 21.58194923400879
9 137.0 21.375896453857422 17.257230758666992 24.08271813392639 2.461221933364868 21.621496200561523
9 138.0 21.366931915283203 17.3057804107666 24.068259477615356 2.4656918048858643 21.602567672729492
9 139.0 21.36014175415039 17.384597778320312 24.066991329193115 2.4642462730407715 21.602745056152344
9 140.0 21.37923240661621 17.428991317749023 24.135009288787842 2.486999034881592 21.64801025390625
9 141.0 21.463518142700195 17.52304458618164 24.169606924057007 2.5226476192474365 21.64695930480957
9 142.0 21.53980827331543 17.630386352539062 24.269095420837402 2.593794822692871 21.67530059814453
9 143.0 21.634355545043945 17.77241325378418 24.30167531967163 2.6319613456726074 21.669713973999023
9 144.0 21.785799026489258 17.951175689697266 24.38241219520569 2.6433393955230713 21.739072799682617
9 145.0 21.907974243164062 18.12886619567871 24.396617650985718 2.6451146602630615 21.751502990722656
9 146.0 21.99591064453125 18.25987434387207 24.417895793914795 2.63118314743042 21.786712646484375
9 147.0 22.055631637573242 18.379295349121094 24.445199251174927 2.6410324573516846 21.804166793823242
9 148.0 22.10047721862793 18.477855682373047 24.494220495224 2.646676778793335 21.847543716430664
9 149.0 22.18682289123535 18.596282958984375 24.478801250457764 2.68214750289917 21.796653747558594
9 150.0 22.203947067260742 18.696672439575195 24.493175268173218 2.695340871810913 21.797834396362305
9 151.0 22.150026321411133 18.735849380493164 24.50001335144043 2.7177085876464844 21.782304763793945
9 152.0 22.091453552246094 18.78211212158203 24.436448097229004 2.757046699523926 21.679401397705078
9 153.0 22.050094604492188 18.808895111083984 24.49657678604126 2.8730111122131348 21.623565673828125
9 154.0 21.994476318359375 18.800016403198242 24.53274130821228 2.9747254848480225 21.558015823364258
9 155.0 21.987247467041016 18.843685150146484 24.553890466690063 3.024545907974243 21.52934455871582
9 156.0 21.97646141052246 18.918949127197266 24.563377618789673 3.0755999088287354 21.487777709960938
9 157.0 22.015531539916992 18.98798942565918 24.58522081375122 3.1376004219055176 21.447620391845703
9 158.0 22.084625244140625 19.024864196777344 24.676204204559326 3.2748312950134277 21.4013729095459
9 159.0 22.288515090942383 19.184730529785156 24.885024070739746 3.5293760299682617 21.355648040771484
9 160.0 22.478435516357422 19.384916305541992 25.03358268737793 3.6731033325195312 21.3604793548584
9 161.0 22.447799682617188 19.49161148071289 24.987691640853882 3.6740148067474365 21.313676834106445
9 162.0 22.382143020629883 19.55687713623047 24.91255474090576 3.58919620513916 21.3233585357666
9 163.0 22.392641067504883 19.652603149414062 24.87105107307434 3.5433037281036377 21.327747344970703
9 164.0 22.536720275878906 19.76751708984375 24.983295679092407 3.6262094974517822 21.357086181640625
9 165.0 22.68330955505371 19.84002685546875 25.069844484329224 3.788478136062622 21.2813663482666
9 166.0 22.84185028076172 19.936323165893555 25.225034475326538 3.955556631088257 21.26947784423828
9 167.0 22.95380973815918 20.003429412841797 25.34292459487915 4.086737155914307 21.256187438964844
9 168.0 23.045503616333008 20.057769775390625 25.41154384613037 4.2066144943237305 21.20492935180664
9 169.0 23.185529708862305 20.13043975830078 25.65634298324585 4.435313701629639 21.22102928161621
9 170.0 23.427248001098633 20.20514678955078 25.927061080932617 4.764995574951172 21.162065505981445
9 171.0 23.628650665283203 20.304622650146484 26.072506427764893 4.9706711769104 21.101835250854492
9 172.0 23.755029678344727 20.366561889648438 26.201972007751465 5.083676338195801 21.118295669555664
9 173.0 23.815412521362305 20.417396545410156 26.27861213684082 5.134769439697266 21.143842697143555
9 174.0 23.873226165771484 20.45802116394043 26.3742938041687 5.270759105682373 21.103534698486328
9 175.0 23.907705307006836 20.50299072265625 26.42055892944336 5.355657577514648 21.06490135192871
9 176.0 23.951904296875 20.570024490356445 26.47553253173828 5.44734001159668 21.0281925201416
9 177.0 23.971973419189453 20.596817016601562 26.50233030319214 5.558091640472412 20.944238662719727
9 178.0 24.02201271057129 20.57191276550293 26.602774143218994 5.703915119171143 20.89885902404785
9 179.0 24.082748413085938 20.628992080688477 26.758535385131836 5.862615585327148 20.895919799804688
9 180.0 24.1084041595459 20.707056045532227 26.815124034881592 5.954404354095459 20.860719680786133
9 181.0 24.195707321166992 20.796974182128906 26.885318279266357 6.05536413192749 20.829954147338867
9 182.0 24.30885124206543 20.88949966430664 26.991516590118408 6.1892476081848145 20.802268981933594
9 183.0 24.384593963623047 20.939184188842773 27.045753479003906 6.294105529785156 20.75164794921875
9 184.0 24.3590145111084 20.907791137695312 27.06173610687256 6.328524589538574 20.733211517333984
9 185.0 24.28644561767578 20.80069923400879 27.06753969192505 6.374691486358643 20.692848205566406
9 186.0 24.256439208984375 20.73745346069336 27.096022605895996 6.4248247146606445 20.67119789123535
9 187.0 24.27602195739746 20.747295379638672 27.117125034332275 6.5083794593811035 20.608745574951172
9 188.0 24.370357513427734 20.794334411621094 27.248826503753662 6.653598308563232 20.59522819519043
9 189.0 24.457870483398438 20.80093765258789 27.328432083129883 6.767250061035156 20.561182022094727
9 190.0 24.508481979370117 20.76505470275879 27.429004669189453 6.907247543334961 20.521757125854492
9 191.0 24.48306655883789 20.656858444213867 27.49561071395874 7.031861782073975 20.463748931884766
9 192.0 24.408498764038086 20.526248931884766 27.532573223114014 7.15748929977417 20.375083923339844
9 193.0 24.30166244506836 20.414997100830078 27.505372047424316 7.228177070617676 20.27719497680664
9 194.0 24.245563507080078 20.341724395751953 27.492126941680908 7.33793306350708 20.154193878173828
9 195.0 24.2166748046875 20.246021270751953 27.58904790878296 7.484755992889404 20.104291915893555
9 196.0 24.224834442138672 20.189334869384766 27.674429416656494 7.637892246246338 20.036537170410156
9 197.0 24.203418731689453 20.135175704956055 27.693691730499268 7.805078983306885 19.888612747192383
9 198.0 24.111385345458984 20.096240997314453 27.62726926803589 7.876859188079834 19.750410079956055
9 199.0 23.939712524414062 19.98625946044922 27.594936847686768 7.893814563751221 19.701122283935547
9 200.0 23.73236083984375 19.824565887451172 27.477025508880615 7.895148754119873 19.581876754760742
9 201.0 23.627708435058594 19.71176528930664 27.470356464385986 7.990314960479736 19.48004150390625
9 202.0 23.61197853088379 19.668581008911133 27.476088523864746 8.094439506530762 19.381649017333984
9 203.0 23.610212326049805 19.60732650756836 27.5091495513916 8.273534774780273 19.235614776611328
9 204.0 23.63475227355957 19.548397064208984 27.539355278015137 8.480010032653809 19.059345245361328
9 205.0 23.611408233642578 19.48102569580078 27.505062103271484 8.631048202514648 18.874013900756836
9 206.0 23.524066925048828 19.386951446533203 27.46590518951416 8.737122535705566 18.728782653808594
9 207.0 23.42841339111328 19.30236053466797 27.48878002166748 8.854744911193848 18.634035110473633
9 208.0 23.337100982666016 19.210275650024414 27.50527858734131 9.01332950592041 18.4919490814209
9 209.0 23.25213623046875 19.117916107177734 27.482805252075195 9.16864013671875 18.314165115356445
9 210.0 23.124046325683594 19.013368606567383 27.390329360961914 9.277044296264648 18.113285064697266
9 211.0 22.951072692871094 18.89736557006836 27.266409873962402 9.35716724395752 17.909242630004883
9 212.0 22.742340087890625 18.76426124572754 27.143250465393066 9.41612720489502 17.727123260498047
9 213.0 22.518543243408203 18.619205474853516 27.01966667175293 9.474184036254883 17.545482635498047
9 214.0 22.337074279785156 18.499608993530273 26.87381362915039 9.544332504272461 17.32948112487793
9 215.0 22.202238082885742 18.394546508789062 26.76728343963623 9.603974342346191 17.16330909729004
9 216.0 22.007530212402344 18.28456687927246 26.632598876953125 9.658021926879883 16.974576950073242
9 217.0 21.845745086669922 18.1783390045166 26.55063533782959 9.736315727233887 16.814319610595703
9 218.0 21.70842742919922 18.062519073486328 26.495747566223145 9.855010032653809 16.640737533569336
9 219.0 21.588565826416016 17.953731536865234 26.367295265197754 10.009760856628418 16.357534408569336
9 220.0 21.390033721923828 17.81273078918457 26.30112934112549 10.123785972595215 16.177343368530273
9 221.0 21.14728546142578 17.673648834228516 26.077865600585938 10.208619117736816 15.869246482849121
9 222.0 20.872045516967773 17.541015625 25.820541381835938 10.282686233520508 15.53785514831543
9 223.0 20.602500915527344 17.39569854736328 25.52168560028076 10.335637092590332 15.18604850769043
9 224.0 20.334625244140625 17.22551727294922 25.22811222076416 10.409059524536133 14.819052696228027
9 225.0 20.05648422241211 17.029483795166016 25.01450824737549 10.5054931640625 14.509015083312988
9 226.0 19.794921875 16.878681182861328 24.67570686340332 10.555331230163574 14.120375633239746
9 227.0 19.552227020263672 16.771570205688477 24.397825241088867 10.629554748535156 13.768270492553711
9 228.0 19.273677825927734 16.66383934020996 24.042957305908203 10.655779838562012 13.387177467346191
9 229.0 19.000694274902344 16.534427642822266 23.7412748336792 10.71387004852295 13.02740478515625
9 230.0 18.68105125427246 16.352188110351562 23.406328201293945 10.771657943725586 12.63467025756836
9 231.0 18.333518981933594 16.13597869873047 22.988039016723633 10.827081680297852 12.160957336425781
9 232.0 18.06165885925293 15.936019897460938 22.69495677947998 10.935844421386719 11.759112358093262
9 233.0 17.823179244995117 15.78147029876709 22.428561210632324 11.041316032409668 11.387245178222656
9 234.0 17.54718780517578 15.655932426452637 22.035269737243652 11.093791007995605 10.941478729248047
9 235.0 17.27195167541504 15.534452438354492 21.666993141174316 11.172231674194336 10.49476146697998
9 236.0 16.949586868286133 15.39021110534668 21.270185470581055 11.2230863571167 10.047099113464355
9 237.0 16.619062423706055 15.264766693115234 20.833478927612305 11.245984077453613 9.587494850158691
9 238.0 16.280054092407227 15.130121231079102 20.29942798614502 11.280845642089844 9.018582344055176
9 239.0 15.97562313079834 15.016411781311035 19.85252857208252 11.359209060668945 8.493319511413574
9 240.0 15.72319507598877 14.924099922180176 19.504372596740723 11.435297012329102 8.069075584411621
9 241.0 15.478727340698242 14.855470657348633 19.056041717529297 11.496968269348145 7.559073448181152
9 242.0 15.238094329833984 14.828736305236816 18.514630794525146 11.545884132385254 6.968746662139893
9 243.0 15.017413139343262 14.79513931274414 18.019630432128906 11.618741035461426 6.4008893966674805
9 244.0 14.753647804260254 14.72382926940918 17.511059284210205 11.656903266906738 5.854156017303467
9 245.0 14.557954788208008 14.645610809326172 17.079756259918213 11.692123413085938 5.387632846832275
9 246.0 14.46031379699707 14.618444442749023 16.776010036468506 11.741586685180664 5.034423351287842
9 247.0 14.348163604736328 14.615877151489258 16.59044885635376 11.82402515411377 4.76642370223999
9 248.0 14.207679748535156 14.614521026611328 16.42608404159546 11.906980514526367 4.519103527069092
9 249.0 14.068694114685059 14.60970401763916 16.20674180984497 11.946662902832031 4.2600789070129395
9 250.0 13.943611145019531 14.619440078735352 15.996976613998413 12.003498077392578 3.993478536605835
9 251.0 13.819581985473633 14.604305267333984 15.831278800964355 12.049531936645508 3.7817468643188477
9 252.0 13.682538986206055 14.562005043029785 15.676412105560303 12.083566665649414 3.5928454399108887
9 253.0 13.56434154510498 14.571337699890137 15.496481895446777 12.125399589538574 3.371082305908203
9 254.0 13.464765548706055 14.639477729797363 15.25610613822937 12.155153274536133 3.1009528636932373
9 255.0 13.36483383178711 14.699286460876465 15.0804922580719 12.185603141784668 2.8948891162872314
9 256.0 13.255127906799316 14.73880672454834 14.924100399017334 12.200929641723633 2.723170757293701
9 257.0 13.144384384155273 14.748357772827148 14.766753911972046 12.18458366394043 2.582170248031616
9 258.0 13.066633224487305 14.75749397277832 14.594545602798462 12.223886489868164 2.370659112930298
9 259.0 13.019341468811035 14.805497169494629 14.443408012390137 12.27116870880127 2.172239303588867
9 260.0 13.002163887023926 14.865828514099121 14.30471396446228 12.336365699768066 1.9683482646942139
9 261.0 13.016762733459473 14.918981552124023 14.292915105819702 12.435628890991211 1.8572862148284912
9 262.0 13.045371055603027 14.989336967468262 14.312975525856018 12.549158096313477 1.7638174295425415
9 263.0 13.041704177856445 15.051254272460938 14.280620098114014 12.617745399475098 1.662874698638916
9 264.0 13.00234603881836 15.100591659545898 14.231868386268616 12.700225830078125 1.5316425561904907
9 265.0 12.971292495727539 15.153816223144531 14.122097969055176 12.733536720275879 1.3885612487792969
9 266.0 12.949939727783203 15.225791931152344 14.066036343574524 12.764930725097656 1.3011056184768677
9 267.0 12.938501358032227 15.283178329467773 14.036265015602112 12.81498908996582 1.2212759256362915
9 268.0 12.912598609924316 15.33889389038086 13.959726095199585 12.849286079406738 1.1104400157928467
9 269.0 12.914051055908203 15.417367935180664 13.927215576171875 12.912357330322266 1.0148582458496094
9 270.0 12.904409408569336 15.51270866394043 13.898108780384064 12.943514823913574 0.9545939564704895
9 271.0 12.855877876281738 15.598345756530762 13.79381114244461 12.897488594055176 0.8963225483894348
9 272.0 12.845413208007812 15.68204116821289 13.791840314865112 12.942529678344727 0.8493106365203857
9 273.0 12.855137825012207 15.730420112609863 13.778982043266296 12.985254287719727 0.7937277555465698
9 274.0 12.815652847290039 15.718783378601074 13.796728312969208 13.041692733764648 0.7550355792045593
9 275.0 12.816237449645996 15.741963386535645 13.799350082874298 13.089516639709473 0.7098334431648254
9 276.0 12.837099075317383 15.828150749206543 13.816393852233887 13.139208793640137 0.67718505859375
9 277.0 12.864864349365234 15.927071571350098 13.803197622299194 13.146344184875488 0.656853437423706
9 278.0 12.883737564086914 16.0344181060791 13.80187475681305 13.178980827331543 0.6228939294815063
9 279.0 12.924169540405273 16.153133392333984 13.842125713825226 13.234661102294922 0.607464611530304
9 280.0 12.947360038757324 16.269620895385742 13.86169183254242 13.278057098388672 0.5836347341537476
9 281.0 12.964559555053711 16.391639709472656 13.857800483703613 13.304962158203125 0.5528383255004883
9 282.0 12.990656852722168 16.506729125976562 13.836259841918945 13.324792861938477 0.5114669799804688
9 283.0 12.98249626159668 16.60103416442871 13.848085284233093 13.354923248291016 0.49316203594207764
9 284.0 12.968685150146484 16.692039489746094 13.821955621242523 13.358275413513184 0.4636802077293396
9 285.0 12.952301979064941 16.7767333984375 13.81778484582901 13.373967170715332 0.443817675113678
9 286.0 12.962677955627441 16.853248596191406 13.826488643884659 13.396613121032715 0.42987552285194397
9 287.0 12.963382720947266 16.883285522460938 13.855277746915817 13.44078540802002 0.41449233889579773
9 288.0 12.960711479187012 16.9150390625 13.887578219175339 13.48038101196289 0.4071972072124481
9 289.0 12.946939468383789 16.97382926940918 13.848266929388046 13.451276779174805 0.3969901502132416
9 290.0 12.935347557067871 17.05681800842285 13.799821883440018 13.414295196533203 0.3855266869068146
9 291.0 12.929986953735352 17.159629821777344 13.800078839063644 13.412075996398926 0.38800284266471863
9 292.0 12.92952823638916 17.273649215698242 13.776394218206406 13.418968200683594 0.3574260175228119
9 293.0 12.94485855102539 17.36611557006836 13.766761541366577 13.426894187927246 0.33986735343933105
9 294.0 12.965169906616211 17.447940826416016 13.787060469388962 13.446197509765625 0.3408629596233368
9 295.0 12.974645614624023 17.520742416381836 13.828892856836319 13.493127822875977 0.3357650339603424
9 296.0 12.971237182617188 17.58847999572754 13.816044986248016 13.493335723876953 0.32270926237106323
9 297.0 12.95197582244873 17.648035049438477 13.816527962684631 13.492573738098145 0.3239542245864868
9 298.0 12.9335298538208 17.707883834838867 13.792180925607681 13.477537155151367 0.3146437704563141
9 299.0 12.925667762756348 17.795644760131836 13.76314052939415 13.45911979675293 0.3040207326412201
9 300.0 12.930856704711914 17.886844635009766 13.760434746742249 13.470625877380371 0.28980886936187744
9 301.0 12.956811904907227 17.982404708862305 13.769611030817032 13.493073463439941 0.27653756737709045
9 302.0 12.982523918151855 18.078508377075195 13.794349282979965 13.521246910095215 0.27310237288475037
9 303.0 12.990785598754883 18.156675338745117 13.797392636537552 13.528401374816895 0.26899126172065735
9 304.0 12.99867057800293 18.23712158203125 13.799900889396667 13.540186882019043 0.2597140073776245
9 305.0 13.006123542785645 18.311363220214844 13.806964218616486 13.553215980529785 0.25374823808670044
9 306.0 12.998906135559082 18.371923446655273 13.782025024294853 13.535666465759277 0.24635855853557587
9 307.0 12.978562355041504 18.419334411621094 13.779102891683578 13.530072212219238 0.2490306794643402
9 308.0 12.97096061706543 18.46184730529785 13.779090985655785 13.534846305847168 0.24424467980861664
9 309.0 12.950824737548828 18.50637435913086 13.780463427305222 13.542104721069336 0.23835870623588562
9 310.0 12.913269996643066 18.5620059967041 13.716654986143112 13.4757719039917 0.24088308215141296
9 311.0 12.891690254211426 18.624759674072266 13.710435301065445 13.455273628234863 0.25516167283058167
9 312.0 12.887499809265137 18.69086456298828 13.686042189598083 13.429943084716797 0.2560991048812866
9 313.0 12.896387100219727 18.760154724121094 13.718685418367386 13.451854705810547 0.266830712556839
9 314.0 12.912626266479492 18.842519760131836 13.716882079839706 13.444449424743652 0.2724326550960541
9 315.0 12.925027847290039 18.928998947143555 13.744004398584366 13.462655067443848 0.2813493311405182
9 316.0 12.920499801635742 19.006532669067383 13.748876333236694 13.463592529296875 0.28528380393981934
9 317.0 12.926567077636719 19.081645965576172 13.711244851350784 13.42599105834961 0.2852537930011749
9 318.0 12.929543495178223 19.156574249267578 13.695188045501709 13.394822120666504 0.3003659248352051
9 319.0 12.964093208312988 19.244592666625977 13.700322598218918 13.374953269958496 0.32536932826042175
9 320.0 12.981791496276855 19.325214385986328 13.738505512475967 13.35415267944336 0.38435283303260803
9 321.0 12.967499732971191 19.398822784423828 13.764922529459 13.326282501220703 0.4386400282382965
9 322.0 12.964011192321777 19.462923049926758 13.781231731176376 13.311473846435547 0.46975788474082947
9 323.0 12.978066444396973 19.537979125976562 13.807657241821289 13.303153991699219 0.5045032501220703
9 324.0 12.993501663208008 19.58861541748047 13.853957295417786 13.306548118591309 0.547409176826477
9 325.0 13.007039070129395 19.632976531982422 13.877416670322418 13.266448020935059 0.6109686493873596
9 326.0 13.049800872802734 19.70336151123047 13.926788806915283 13.233672142028809 0.6931166648864746
9 327.0 13.09995174407959 19.766719818115234 13.988040566444397 13.241774559020996 0.7462660074234009
9 328.0 13.099641799926758 19.826187133789062 14.029783546924591 13.231685638427734 0.7980979084968567
9 329.0 13.100459098815918 19.886348724365234 14.045497834682465 13.208358764648438 0.8371390700340271
9 330.0 13.13576889038086 19.936981201171875 14.101944744586945 13.222808837890625 0.8791359066963196
9 331.0 13.203080177307129 20.029094696044922 14.173520505428314 13.239944458007812 0.9335760474205017
9 332.0 13.249687194824219 20.118099212646484 14.182645678520203 13.204882621765137 0.9777630567550659
9 333.0 13.31816577911377 20.185319900512695 14.272423386573792 13.226373672485352 1.04604971408844
9 334.0 13.42880630493164 20.258249282836914 14.373099088668823 13.240936279296875 1.1321628093719482
9 335.0 13.52303695678711 20.3304443359375 14.469231486320496 13.268973350524902 1.2002581357955933
9 336.0 13.567488670349121 20.39389419555664 14.564938426017761 13.285551071166992 1.279387354850769
9 337.0 13.607933044433594 20.44780921936035 14.664654850959778 13.311387062072754 1.353267788887024
9 338.0 13.675729751586914 20.513505935668945 14.728484511375427 13.332229614257812 1.3962548971176147
9 339.0 13.756793022155762 20.580791473388672 14.806845784187317 13.322463989257812 1.4843817949295044
9 340.0 13.833221435546875 20.641307830810547 14.896981596946716 13.325836181640625 1.5711454153060913
9 341.0 13.909317970275879 20.67910385131836 15.022502064704895 13.31013298034668 1.7123690843582153
9 342.0 14.021256446838379 20.738330841064453 15.127817988395691 13.313275337219238 1.8145426511764526
9 343.0 14.079557418823242 20.812936782836914 15.159292221069336 13.306920051574707 1.852372169494629
9 344.0 14.109597206115723 20.85411262512207 15.181389570236206 13.292230606079102 1.8891589641571045
9 345.0 14.138808250427246 20.88542366027832 15.195778727531433 13.256802558898926 1.9389761686325073
9 346.0 14.191384315490723 20.918415069580078 15.248543381690979 13.250959396362305 1.9975839853286743
9 347.0 14.221380233764648 20.949756622314453 15.300936698913574 13.24850845336914 2.0524282455444336
9 348.0 14.255270957946777 21.00140380859375 15.35298776626587 13.236536026000977 2.1164517402648926
9 349.0 14.27528190612793 21.003854751586914 15.395340919494629 13.179638862609863 2.2157020568847656
9 350.0 14.281900405883789 20.970420837402344 15.436646699905396 13.1139554977417 2.3226912021636963
9 351.0 14.242362022399902 20.889846801757812 15.495972156524658 13.071020126342773 2.4249520301818848
9 352.0 14.192024230957031 20.805986404418945 15.50773811340332 13.01978874206543 2.4879493713378906
9 353.0 14.163320541381836 20.766647338867188 15.52899694442749 12.995097160339355 2.5338997840881348
9 354.0 14.221944808959961 20.827659606933594 15.577249526977539 12.956496238708496 2.620753288269043
9 355.0 14.284292221069336 20.922607421875 15.686585903167725 12.947507858276367 2.7390780448913574
9 356.0 14.301458358764648 20.944787979125977 15.758318185806274 12.91358470916748 2.844733476638794
9 357.0 14.352127075195312 20.979589462280273 15.82614779472351 12.866294860839844 2.959852933883667
9 358.0 14.44242000579834 21.037456512451172 15.940911054611206 12.805190086364746 3.13572096824646
9 359.0 14.550920486450195 21.06865692138672 16.06617021560669 12.745372772216797 3.3207974433898926
9 360.0 14.617790222167969 21.088626861572266 16.137229442596436 12.691022872924805 3.446206569671631
9 361.0 14.629891395568848 21.107398986816406 16.19653820991516 12.640847206115723 3.5556910037994385
9 362.0 14.617228507995605 21.145488739013672 16.186811208724976 12.589701652526855 3.59710955619812
9 363.0 14.615557670593262 21.165456771850586 16.1207537651062 12.515978813171387 3.6047749519348145
9 364.0 14.636082649230957 21.173433303833008 16.165568828582764 12.492424964904785 3.6731438636779785
9 365.0 14.645956039428711 21.18063735961914 16.217243671417236 12.462074279785156 3.75516939163208
9 366.0 14.696542739868164 21.183103561401367 16.307806253433228 12.44890308380127 3.858903169631958
10 1.0 18.24945068359375 28.08311653137207 20.385868072509766 12.720754623413086 7.66511344909668
10 2.0 18.253677368164062 27.97342300415039 20.489582061767578 12.69615650177002 7.793425559997559
10 3.0 18.347328186035156 27.91358757019043 20.640207767486572 12.704366683959961 7.935841083526611
10 4.0 18.470705032348633 27.82209014892578 20.821948051452637 12.72542953491211 8.096518516540527
10 5.0 18.540752410888672 27.77292251586914 20.940332412719727 12.697482109069824 8.242850303649902
10 6.0 18.633668899536133 27.828067779541016 20.992377281188965 12.658777236938477 8.333600044250488
10 7.0 18.746623992919922 27.850229263305664 21.05373477935791 12.580389976501465 8.473344802856445
10 8.0 18.822219848632812 27.82705307006836 21.133036613464355 12.519072532653809 8.613964080810547
10 9.0 18.952228546142578 27.813512802124023 21.25619888305664 12.44493293762207 8.81126594543457
10 10.0 19.09507179260254 27.802581787109375 21.40496253967285 12.412338256835938 8.992624282836914
10 11.0 19.19605255126953 27.786239624023438 21.54455280303955 12.364818572998047 9.179734230041504
10 12.0 19.316669464111328 27.80211639404297 21.69399642944336 12.316507339477539 9.37748908996582
10 13.0 19.36914825439453 27.78502655029297 21.78110694885254 12.26003646850586 9.52107048034668
10 14.0 19.402847290039062 27.701969146728516 21.873894691467285 12.201314926147461 9.672579765319824
10 15.0 19.514461517333984 27.632732391357422 21.991629600524902 12.116933822631836 9.874695777893066
10 16.0 19.563430786132812 27.52181625366211 22.10714817047119 12.058515548706055 10.048632621765137
10 17.0 19.60438346862793 27.386768341064453 22.23667812347412 12.005678176879883 10.230999946594238
10 18.0 19.701438903808594 27.282119750976562 22.3345947265625 11.942319869995117 10.392274856567383
10 19.0 19.809146881103516 27.19983673095703 22.425247192382812 11.857606887817383 10.56764030456543
10 20.0 19.876609802246094 27.116226196289062 22.51976490020752 11.787219047546387 10.732545852661133
10 21.0 19.916248321533203 27.0179386138916 22.62783718109131 11.744617462158203 10.883219718933105
10 22.0 19.909618377685547 26.930835723876953 22.656615257263184 11.678601264953613 10.97801399230957
10 23.0 19.989871978759766 26.847476959228516 22.744833946228027 11.611852645874023 11.132981300354004
10 24.0 20.111122131347656 26.777576446533203 22.803486824035645 11.531742095947266 11.271744728088379
10 25.0 20.189287185668945 26.69534683227539 22.96704387664795 11.4779634475708 11.489080429077148
10 26.0 20.179487228393555 26.544841766357422 23.009671211242676 11.410394668579102 11.599276542663574
10 27.0 20.131855010986328 26.33615493774414 23.075149536132812 11.326661109924316 11.748488426208496
10 28.0 20.11092758178711 26.17986488342285 23.10137367248535 11.238807678222656 11.862565994262695
10 29.0 20.180198669433594 26.048179626464844 23.19087314605713 11.155038833618164 12.035834312438965
10 30.0 20.130870819091797 25.867361068725586 23.161081314086914 11.01069164276123 12.150389671325684
10 31.0 20.084381103515625 25.65853500366211 23.191577911376953 10.891674041748047 12.299903869628906
10 32.0 20.141502380371094 25.48869514465332 23.257951736450195 10.780531883239746 12.47741985321045
10 33.0 20.226242065429688 25.33625602722168 23.28104877471924 10.669624328613281 12.611424446105957
10 34.0 20.277603149414062 25.15891456604004 23.39641284942627 10.570245742797852 12.826167106628418
10 35.0 20.264808654785156 24.966482162475586 23.45702075958252 10.446246147155762 13.010774612426758
10 36.0 20.257286071777344 24.76140785217285 23.471205711364746 10.321840286254883 13.149365425109863
10 37.0 20.193178176879883 24.520740509033203 23.505939483642578 10.210075378417969 13.29586410522461
10 38.0 20.17095375061035 24.264753341674805 23.503682136535645 10.089310646057129 13.414371490478516
10 39.0 20.189228057861328 24.000015258789062 23.61970806121826 9.976964950561523 13.642743110656738
10 40.0 20.230592727661133 23.73613739013672 23.613445281982422 9.801974296569824 13.811470985412598
10 41.0 20.240434646606445 23.46554183959961 23.683833122253418 9.6375732421875 14.046259880065918
10 42.0 20.224594116210938 23.1971435546875 23.697101593017578 9.435623168945312 14.261478424072266
10 43.0 20.195724487304688 22.933568954467773 23.733323097229004 9.297283172607422 14.436039924621582
10 44.0 20.118549346923828 22.68146514892578 23.693900108337402 9.13338565826416 14.560514450073242
10 45.0 20.04349136352539 22.44359016418457 23.641255378723145 8.981626510620117 14.659628868103027
10 46.0 19.977949142456055 22.176427841186523 23.591651916503906 8.837209701538086 14.75444221496582
10 47.0 19.85765838623047 21.916507720947266 23.460579872131348 8.67383861541748 14.786741256713867
10 48.0 19.78907012939453 21.686079025268555 23.363094329833984 8.544587135314941 14.818507194519043
10 49.0 19.887611389160156 21.512996673583984 23.413336753845215 8.414560317993164 14.99877643585205
10 50.0 19.940340042114258 21.364994049072266 23.430872917175293 8.27340316772461 15.157469749450684
10 51.0 19.960432052612305 21.18965721130371 23.46030616760254 8.165632247924805 15.294673919677734
10 52.0 19.98268699645996 21.02672004699707 23.4725923538208 8.056310653686523 15.416281700134277
10 53.0 19.937026977539062 20.82061004638672 23.48162317276001 7.924846172332764 15.556777000427246
10 54.0 19.89427375793457 20.573198318481445 23.47259283065796 7.815333843231201 15.657258987426758
10 55.0 19.81490135192871 20.338224411010742 23.423690795898438 7.689265251159668 15.73442554473877
10 56.0 19.72801399230957 20.126625061035156 23.314838886260986 7.545681476593018 15.769157409667969
10 57.0 19.67635726928711 19.87966537475586 23.296860218048096 7.432290554046631 15.864569664001465
10 58.0 19.70842742919922 19.644287109375 23.29945421218872 7.310389995574951 15.98906421661377
10 59.0 19.70108413696289 19.439117431640625 23.246901035308838 7.174858570098877 16.07204246520996
10 60.0 19.709728240966797 19.263172149658203 23.25583791732788 7.070510387420654 16.185327529907227
10 61.0 19.70464324951172 19.04629898071289 23.232715129852295 6.945460796356201 16.287254333496094
10 62.0 19.70843505859375 18.849727630615234 23.246524333953857 6.847585201263428 16.39893913269043
10 63.0 19.728321075439453 18.685739517211914 23.278231143951416 6.760054111480713 16.518177032470703
10 64.0 19.78299331665039 18.52591323852539 23.284339427947998 6.6660895347595215 16.618249893188477
10 65.0 19.83551025390625 18.3375301361084 23.380568504333496 6.586987495422363 16.793581008911133
10 66.0 19.840076446533203 18.159557342529297 23.470719814300537 6.511062145233154 16.959657669067383
10 67.0 19.829547882080078 17.983617782592773 23.472720623016357 6.417983531951904 17.054737091064453
10 68.0 19.811479568481445 17.799768447875977 23.467347621917725 6.337430477142334 17.12991714477539
10 69.0 19.816116333007812 17.643760681152344 23.482718467712402 6.221566200256348 17.261152267456055
10 70.0 19.779769897460938 17.480995178222656 23.432316780090332 6.091000556945801 17.34131622314453
10 71.0 19.697145462036133 17.32585906982422 23.365018844604492 5.984066009521484 17.380952835083008
10 72.0 19.643800735473633 17.204051971435547 23.340391159057617 5.880992889404297 17.45939826965332
10 73.0 19.63037872314453 17.054603576660156 23.371044635772705 5.797749042510986 17.57329559326172
10 74.0 19.63624382019043 16.911733627319336 23.341001987457275 5.7215657234191895 17.619436264038086
10 75.0 19.64653205871582 16.788480758666992 23.357481479644775 5.625156879425049 17.732324600219727
10 76.0 19.66822052001953 16.69418716430664 23.319624423980713 5.481161594390869 17.838462829589844
10 77.0 19.711292266845703 16.642616271972656 23.30219602584839 5.391242504119873 17.910953521728516
10 78.0 19.778963088989258 16.570507049560547 23.328232765197754 5.295241355895996 18.032991409301758
10 79.0 19.842004776000977 16.488250732421875 23.402625560760498 5.241714000701904 18.160911560058594
10 80.0 19.883037567138672 16.421897888183594 23.412027835845947 5.183046817779541 18.228981018066406
10 81.0 19.924558639526367 16.392871856689453 23.481769561767578 5.113260269165039 18.36850929260254
10 82.0 19.997407913208008 16.379491806030273 23.496678829193115 5.043656826019287 18.453022003173828
10 83.0 20.079490661621094 16.371871948242188 23.561625003814697 4.971069812774658 18.59055519104004
10 84.0 20.098793029785156 16.337793350219727 23.58484125137329 4.917664051055908 18.667177200317383
10 85.0 20.128562927246094 16.30565643310547 23.61068296432495 4.8484721183776855 18.762210845947266
10 86.0 20.17538070678711 16.279953002929688 23.60218572616577 4.739570140838623 18.86261558532715
10 87.0 20.182687759399414 16.231664657592773 23.61772108078003 4.670251369476318 18.94746971130371
10 88.0 20.228424072265625 16.206022262573242 23.619361400604248 4.593471050262451 19.025890350341797
10 89.0 20.29505157470703 16.20370864868164 23.618976593017578 4.528352737426758 19.09062385559082
10 90.0 20.314851760864258 16.217361450195312 23.665400981903076 4.493377208709717 19.17202377319336
10 91.0 20.332916259765625 16.21044158935547 23.70331382751465 4.452859878540039 19.25045394897461
10 92.0 20.350534439086914 16.165023803710938 23.778386116027832 4.43587589263916 19.342510223388672
10 93.0 20.384044647216797 16.135887145996094 23.822623252868652 4.394282341003418 19.428340911865234
10 94.0 20.408687591552734 16.103506088256836 23.859424591064453 4.352506637573242 19.50691795349121
10 95.0 20.385751724243164 16.071334838867188 23.83803653717041 4.291729927062988 19.546306610107422
10 96.0 20.337997436523438 16.045866012573242 23.794373035430908 4.226908206939697 19.56746482849121
10 97.0 20.27605628967285 16.000993728637695 23.76041841506958 4.166487216949463 19.593931198120117
10 98.0 20.233501434326172 15.946182250976562 23.74190616607666 4.113743782043457 19.628162384033203
10 99.0 20.205337524414062 15.86186408996582 23.768712520599365 4.056952953338623 19.711759567260742
10 100.0 20.274364471435547 15.817164421081543 23.816153526306152 4.016230583190918 19.799922943115234
10 101.0 20.348297119140625 15.818390846252441 23.872159242630005 3.965388536453247 19.906770706176758
10 102.0 20.37112045288086 15.834980010986328 23.863483667373657 3.9279539585113525 19.935529708862305
10 103.0 20.295976638793945 15.844627380371094 23.78608798980713 3.867070198059082 19.919017791748047
10 104.0 20.198877334594727 15.796363830566406 23.716741800308228 3.84425950050354 19.872482299804688
10 105.0 20.11008644104004 15.696160316467285 23.69423794746399 3.8275558948516846 19.866682052612305
10 106.0 20.088577270507812 15.647315979003906 23.694291830062866 3.8155782222747803 19.878713607788086
10 107.0 20.126035690307617 15.650546073913574 23.676002502441406 3.7648181915283203 19.911184310913086
10 108.0 20.145221710205078 15.67188835144043 23.689382076263428 3.6843104362487793 20.00507164001465
10 109.0 20.15016746520996 15.699393272399902 23.714251041412354 3.650932788848877 20.063318252563477
10 110.0 20.124820709228516 15.723800659179688 23.740054607391357 3.6245245933532715 20.115530014038086
10 111.0 20.113855361938477 15.723103523254395 23.811180114746094 3.617319107055664 20.19386100769043
10 112.0 20.198362350463867 15.761610984802246 23.86248254776001 3.6080288887023926 20.254453659057617
10 113.0 20.261333465576172 15.775555610656738 23.915237188339233 3.571784734725952 20.34345245361328
10 114.0 20.220401763916016 15.774622917175293 23.888694763183594 3.547657012939453 20.34103775024414
10 115.0 20.166786193847656 15.751075744628906 23.901658535003662 3.5297579765319824 20.37190055847168
10 116.0 20.13060188293457 15.750943183898926 23.921315908432007 3.4847638607025146 20.436552047729492
10 117.0 20.2001953125 15.78726863861084 23.93505048751831 3.4287161827087402 20.50633430480957
10 118.0 20.26030731201172 15.854625701904297 23.897895097732544 3.342456102371216 20.555438995361328
10 119.0 20.304258346557617 15.918325424194336 23.814760446548462 3.2602293491363525 20.55453109741211
10 120.0 20.38627815246582 16.02216148376465 23.7930109500885 3.1877386569976807 20.60527229309082
10 121.0 20.440034866333008 16.091869354248047 23.806005716323853 3.137930154800415 20.668075561523438
10 122.0 20.457162857055664 16.12763023376465 23.759510278701782 3.0595381259918213 20.69997215270996
10 123.0 20.452795028686523 16.148168563842773 23.73723268508911 2.989187717437744 20.748044967651367
10 124.0 20.54874038696289 16.208250045776367 23.76550316810608 2.9325144290924072 20.832988739013672
10 125.0 20.58222007751465 16.261117935180664 23.788931846618652 2.914128303527832 20.87480354309082
10 126.0 20.645751953125 16.315753936767578 23.875736713409424 2.9094414710998535 20.96629524230957
10 127.0 20.72817611694336 16.376440048217773 23.997372150421143 2.8846402168273926 21.11273193359375
10 128.0 20.8045597076416 16.43381690979004 24.033127069473267 2.87581467628479 21.157312393188477
10 129.0 20.841182708740234 16.470550537109375 24.023303031921387 2.878218650817871 21.145084381103516
10 130.0 20.832101821899414 16.492734909057617 24.087672233581543 2.8941850662231445 21.1934871673584
10 131.0 20.83430290222168 16.548933029174805 24.077659368515015 2.884446859359741 21.193212509155273
10 132.0 20.878219604492188 16.66735076904297 24.10493016242981 2.87243390083313 21.23249626159668
10 133.0 20.93198585510254 16.774946212768555 24.05462336540222 2.880099058151245 21.174524307250977
10 134.0 20.97684097290039 16.850492477416992 24.115370512008667 2.8638179302215576 21.25155258178711
10 135.0 21.070941925048828 16.953031539916992 24.120354890823364 2.8401424884796143 21.28021240234375
10 136.0 21.18742561340332 17.047504425048828 24.186355113983154 2.821601390838623 21.36475372314453
10 137.0 21.262300491333008 17.11724281311035 24.234725952148438 2.805826187133789 21.42889976501465
10 138.0 21.329940795898438 17.19364356994629 24.271458625793457 2.790724754333496 21.48073387145996
10 139.0 21.414350509643555 17.29245948791504 24.28005027770996 2.7908096313476562 21.489240646362305
10 140.0 21.421369552612305 17.361133575439453 24.31960964202881 2.8041372299194336 21.515472412109375
10 141.0 21.397193908691406 17.40702247619629 24.338727951049805 2.857707977294922 21.481019973754883
10 142.0 21.48967170715332 17.557353973388672 24.38582968711853 2.9402425289154053 21.445587158203125
10 143.0 21.637958526611328 17.722736358642578 24.398637056350708 3.0230934619903564 21.37554359436035
10 144.0 21.81464385986328 17.87232208251953 24.580586910247803 3.1837592124938965 21.396827697753906
10 145.0 21.8958740234375 17.986282348632812 24.592434883117676 3.26047420501709 21.331960678100586
10 146.0 21.871238708496094 18.07461929321289 24.49766254425049 3.2327871322631836 21.264875411987305
10 147.0 21.812820434570312 18.076231002807617 24.4939706325531 3.243398427963257 21.250572204589844
10 148.0 21.736736297607422 18.04837989807129 24.443482875823975 3.2702441215515137 21.17323875427246
10 149.0 21.761234283447266 18.197643280029297 24.39403748512268 3.278879404067993 21.115158081054688
10 150.0 21.818634033203125 18.39949607849121 24.349429607391357 3.2721991539001465 21.07723045349121
10 151.0 21.881778717041016 18.5531005859375 24.31630802154541 3.313809394836426 21.002498626708984
10 152.0 21.96354866027832 18.676729202270508 24.386765241622925 3.3780486583709717 21.008716583251953
10 153.0 21.99476432800293 18.739805221557617 24.40931510925293 3.4118213653564453 20.997493743896484
10 154.0 22.03508758544922 18.78530502319336 24.41082239151001 3.4339375495910645 20.976884841918945
10 155.0 22.103477478027344 18.84140396118164 24.479812622070312 3.4711475372314453 21.008665084838867
10 156.0 22.160099029541016 18.900354385375977 24.505680322647095 3.4966394901275635 21.00904083251953
10 157.0 22.24686622619629 18.956859588623047 24.52619481086731 3.5147907733917236 21.011404037475586
10 158.0 22.325538635253906 19.02141571044922 24.56353759765625 3.5537986755371094 21.00973892211914
10 159.0 22.433307647705078 19.09392547607422 24.62987756729126 3.6189827919006348 21.010894775390625
10 160.0 22.62453269958496 19.21596908569336 24.74927043914795 3.721510887145996 21.027759552001953
10 161.0 22.797760009765625 19.31798553466797 24.896754026412964 3.8622539043426514 21.034500122070312
10 162.0 22.923980712890625 19.421480178833008 25.021383047103882 3.9764134883880615 21.04496955871582
10 163.0 22.999080657958984 19.573102951049805 25.04626178741455 4.052994728088379 20.993267059326172
10 164.0 22.98874282836914 19.6810359954834 25.11305046081543 4.104732513427734 21.008317947387695
10 165.0 22.958240509033203 19.732105255126953 25.127544403076172 4.13623046875 20.991313934326172
10 166.0 22.911487579345703 19.732837677001953 25.1273455619812 4.161120891571045 20.966224670410156
10 167.0 22.90375518798828 19.743738174438477 25.1457839012146 4.214763164520264 20.931020736694336
10 168.0 22.88355255126953 19.73366928100586 25.169774532318115 4.264796733856201 20.904977798461914
10 169.0 22.858736038208008 19.70989418029785 25.233069896697998 4.343905925750732 20.889163970947266
10 170.0 22.851348876953125 19.74933624267578 25.24454355239868 4.40952730178833 20.83501625061035
10 171.0 22.81853675842285 19.76031494140625 25.246803283691406 4.413366317749023 20.833436965942383
10 172.0 22.780014038085938 19.777877807617188 25.24221706390381 4.457427024841309 20.7847900390625
10 173.0 22.768474578857422 19.788612365722656 25.26632070541382 4.55282735824585 20.71349334716797
10 174.0 22.819021224975586 19.87559700012207 25.347175121307373 4.642720699310303 20.70445442199707
10 175.0 22.852863311767578 19.93259620666504 25.387906551361084 4.719111919403076 20.668794631958008
10 176.0 22.798755645751953 19.898630142211914 25.40170192718506 4.790595054626465 20.611106872558594
10 177.0 22.780200958251953 19.905813217163086 25.440870761871338 4.859133243560791 20.581737518310547
10 178.0 22.790298461914062 19.956605911254883 25.483140468597412 4.941634654998779 20.541505813598633
10 179.0 22.78365707397461 19.96578598022461 25.493138313293457 5.045464515686035 20.447673797607422
10 180.0 22.773744583129883 19.928924560546875 25.594666481018066 5.167689323425293 20.426977157592773
10 181.0 22.764326095581055 19.915000915527344 25.619945526123047 5.283071517944336 20.33687400817871
10 182.0 22.782638549804688 19.908458709716797 25.68077564239502 5.417332649230957 20.263442993164062
10 183.0 22.791278839111328 19.907146453857422 25.667055130004883 5.537511825561523 20.12954330444336
10 184.0 22.791141510009766 19.874515533447266 25.73497724533081 5.656909465789795 20.078067779541016
10 185.0 22.73006248474121 19.813884735107422 25.788795471191406 5.779020309448242 20.009775161743164
10 186.0 22.65308380126953 19.768146514892578 25.755279541015625 5.8620147705078125 19.893264770507812
10 187.0 22.603469848632812 19.72818946838379 25.805508136749268 5.952730655670166 19.8527774810791
10 188.0 22.617332458496094 19.689838409423828 25.818349838256836 6.0526885986328125 19.765661239624023
10 189.0 22.64528465270996 19.64239501953125 25.873936653137207 6.2087297439575195 19.665206909179688
10 190.0 22.743648529052734 19.6220703125 26.024643898010254 6.4636735916137695 19.560970306396484
10 191.0 22.860986709594727 19.632579803466797 26.158793926239014 6.696353435516357 19.462440490722656
10 192.0 22.972492218017578 19.616708755493164 26.314563274383545 6.992190837860107 19.322372436523438
10 193.0 22.98804473876953 19.60659408569336 26.426612377166748 7.221980571746826 19.204631805419922
10 194.0 22.98687171936035 19.580673217773438 26.461562156677246 7.417433738708496 19.04412841796875
10 195.0 23.027236938476562 19.565927505493164 26.530460834503174 7.622805118560791 18.907655715942383
10 196.0 23.07134437561035 19.54562759399414 26.616093635559082 7.789904594421387 18.826189041137695
10 197.0 23.060993194580078 19.509777069091797 26.638900756835938 7.945619583129883 18.693281173706055
10 198.0 22.966474533081055 19.466819763183594 26.594661712646484 8.044708251953125 18.54995346069336
10 199.0 22.895599365234375 19.41424560546875 26.564858436584473 8.137068748474121 18.42778968811035
10 200.0 22.809656143188477 19.324665069580078 26.508349418640137 8.21239948272705 18.295949935913086
10 201.0 22.660625457763672 19.1982421875 26.49094867706299 8.34171199798584 18.14923667907715
10 202.0 22.5290470123291 19.050724029541016 26.509742736816406 8.45545768737793 18.054285049438477
10 203.0 22.45840835571289 18.9581298828125 26.50385856628418 8.555683135986328 17.94817543029785
10 204.0 22.419933319091797 18.9538516998291 26.41329574584961 8.625741958618164 17.787553787231445
10 205.0 22.34324073791504 18.944438934326172 26.35091209411621 8.702924728393555 17.647987365722656
10 206.0 22.161407470703125 18.854373931884766 26.18817138671875 8.757726669311523 17.430444717407227
10 207.0 22.018131256103516 18.75503921508789 25.999862670898438 8.810602188110352 17.189260482788086
10 208.0 21.854408264160156 18.636247634887695 25.958563804626465 8.903674125671387 17.054889678955078
10 209.0 21.64418601989746 18.449562072753906 25.827503204345703 8.979652404785156 16.847850799560547
10 210.0 21.444908142089844 18.247356414794922 25.687445640563965 9.046612739562988 16.640832901000977
10 211.0 21.324541091918945 18.107194900512695 25.55366039276123 9.142657279968262 16.41100311279297
10 212.0 21.225109100341797 17.99955177307129 25.507573127746582 9.244894981384277 16.262678146362305
10 213.0 21.08439064025879 17.85002899169922 25.383939743041992 9.313552856445312 16.07038688659668
10 214.0 20.936386108398438 17.70724105834961 25.217902183532715 9.397665977478027 15.820236206054688
10 215.0 20.792320251464844 17.57806396484375 25.10980224609375 9.48914623260498 15.62065601348877
10 216.0 20.6109619140625 17.45439910888672 24.90544033050537 9.547504425048828 15.357935905456543
10 217.0 20.372573852539062 17.321704864501953 24.696327209472656 9.635969161987305 15.060358047485352
10 218.0 20.113727569580078 17.164104461669922 24.43354892730713 9.671385765075684 14.762163162231445
10 219.0 19.844329833984375 17.000490188598633 24.159635543823242 9.70047664642334 14.459158897399902
10 220.0 19.55670166015625 16.809005737304688 23.929184913635254 9.755815505981445 14.173369407653809
10 221.0 19.33226776123047 16.650705337524414 23.724820137023926 9.848016738891602 13.876803398132324
10 222.0 19.15522003173828 16.5155029296875 23.529654502868652 9.91579818725586 13.613856315612793
10 223.0 18.974445343017578 16.385696411132812 23.40415668487549 10.045650482177734 13.358506202697754
10 224.0 18.805206298828125 16.247419357299805 23.205222129821777 10.150321960449219 13.054900169372559
10 225.0 18.580522537231445 16.082172393798828 22.946916580200195 10.271550178527832 12.675366401672363
10 226.0 18.35091209411621 15.921476364135742 22.705886840820312 10.390284538269043 12.31560230255127
10 227.0 18.090770721435547 15.769098281860352 22.356534004211426 10.430277824401855 11.92625617980957
10 228.0 17.82866096496582 15.628782272338867 22.066414833068848 10.512989044189453 11.553425788879395
10 229.0 17.572053909301758 15.49368667602539 21.784557342529297 10.588031768798828 11.196525573730469
10 230.0 17.328838348388672 15.359085083007812 21.476024627685547 10.637431144714355 10.838593482971191
10 231.0 17.08261489868164 15.227334976196289 21.1522216796875 10.6902494430542 10.4619722366333
10 232.0 16.875934600830078 15.121557235717773 20.923749923706055 10.800735473632812 10.123014450073242
10 233.0 16.654211044311523 15.015085220336914 20.559221267700195 10.898098945617676 9.66112232208252
10 234.0 16.347763061523438 14.882068634033203 20.11727237701416 10.98427677154541 9.13299560546875
10 235.0 16.031436920166016 14.737414360046387 19.602415084838867 11.023040771484375 8.579374313354492
10 236.0 15.75726318359375 14.589784622192383 19.194771766662598 11.099272727966309 8.095499038696289
10 237.0 15.515350341796875 14.48427677154541 18.775954723358154 11.161667823791504 7.61428689956665
10 238.0 15.251293182373047 14.385848999023438 18.397218227386475 11.150522232055664 7.2466959953308105
10 239.0 14.984113693237305 14.30598258972168 17.99547052383423 11.12874984741211 6.866720676422119
10 240.0 14.737543106079102 14.228927612304688 17.5777325630188 11.13975715637207 6.4379754066467285
10 241.0 14.494977951049805 14.168097496032715 17.231743812561035 11.164944648742676 6.066799163818359
10 242.0 14.2471284866333 14.109533309936523 16.84228515625 11.186056137084961 5.656229019165039
10 243.0 14.036507606506348 14.047223091125488 16.513827323913574 11.226279258728027 5.287548065185547
10 244.0 13.911293029785156 14.02163314819336 16.257678985595703 11.290366172790527 4.967312812805176
10 245.0 13.829465866088867 13.9927339553833 16.07984447479248 11.390645027160645 4.689199447631836
10 246.0 13.705469131469727 13.946115493774414 15.97901439666748 11.476441383361816 4.502573013305664
10 247.0 13.56889820098877 13.916070938110352 15.758212566375732 11.50731372833252 4.250898838043213
10 248.0 13.394821166992188 13.890007972717285 15.537724018096924 11.532869338989258 4.004854679107666
10 249.0 13.224528312683105 13.860921859741211 15.31301999092102 11.564435005187988 3.7485849857330322
10 250.0 13.123391151428223 13.843415260314941 15.148624897003174 11.631564140319824 3.5170607566833496
10 251.0 13.068805694580078 13.882079124450684 15.004899024963379 11.717108726501465 3.287790298461914
10 252.0 13.045084953308105 13.941689491271973 14.889790534973145 11.813193321228027 3.076597213745117
10 253.0 12.9989013671875 13.99616527557373 14.783215522766113 11.89438247680664 2.8888330459594727
10 254.0 12.976859092712402 14.056046485900879 14.69214391708374 11.963157653808594 2.7289862632751465
10 255.0 12.931281089782715 14.096014022827148 14.646260499954224 12.04039478302002 2.605865716934204
10 256.0 12.900018692016602 14.131248474121094 14.562520742416382 12.097241401672363 2.4652793407440186
10 257.0 12.863984107971191 14.178009986877441 14.447070360183716 12.149928092956543 2.297142267227173
10 258.0 12.82996654510498 14.227494239807129 14.356918811798096 12.204399108886719 2.152519702911377
10 259.0 12.788765907287598 14.269908905029297 14.225469589233398 12.269309043884277 1.956160545349121
10 260.0 12.738252639770508 14.318611145019531 14.139118432998657 12.316576957702637 1.8225414752960205
10 261.0 12.670225143432617 14.374448776245117 13.996078133583069 12.357516288757324 1.6385618448257446
10 262.0 12.599340438842773 14.432523727416992 13.846039772033691 12.379817008972168 1.4662227630615234
10 263.0 12.521133422851562 14.465179443359375 13.667808771133423 12.34975814819336 1.3180506229400635
10 264.0 12.430001258850098 14.481364250183105 13.52282965183258 12.323407173156738 1.1994224786758423
10 265.0 12.385079383850098 14.525619506835938 13.440263509750366 12.337740898132324 1.102522611618042
10 266.0 12.39024543762207 14.601119041442871 13.401647210121155 12.355422019958496 1.0462251901626587
10 267.0 12.401957511901855 14.671473503112793 13.393239796161652 12.410099029541016 0.983140766620636
10 268.0 12.416133880615234 14.717303276062012 13.372942447662354 12.444053649902344 0.9288887977600098
10 269.0 12.458686828613281 14.79465389251709 13.39387583732605 12.53994369506836 0.8539321422576904
10 270.0 12.527530670166016 14.911968231201172 13.395151615142822 12.609087944030762 0.7860636711120605
10 271.0 12.57182502746582 15.02450942993164 13.414660155773163 12.683098793029785 0.7315613627433777
10 272.0 12.604490280151367 15.130827903747559 13.454523205757141 12.751096725463867 0.7034264802932739
10 273.0 12.640266418457031 15.262929916381836 13.476513028144836 12.797990798950195 0.6785222291946411
10 274.0 12.67302131652832 15.366778373718262 13.48883444070816 12.85251522064209 0.6363192200660706
10 275.0 12.702896118164062 15.451993942260742 13.548942863941193 12.930333137512207 0.6186097264289856
10 276.0 12.735587120056152 15.536709785461426 13.591931223869324 13.003137588500977 0.5887936353683472
10 277.0 12.767742156982422 15.629766464233398 13.621184766292572 13.069466590881348 0.5517181754112244
10 278.0 12.826555252075195 15.757596969604492 13.65483421087265 13.135614395141602 0.5192198157310486
10 279.0 12.851210594177246 15.878780364990234 13.659800201654434 13.16893196105957 0.4908682405948639
10 280.0 12.865813255310059 15.963364601135254 13.681235253810883 13.214176177978516 0.46705907583236694
10 281.0 12.88904857635498 16.046977996826172 13.737066954374313 13.287496566772461 0.4495703876018524
10 282.0 12.890913009643555 16.112594604492188 13.775656819343567 13.326839447021484 0.4488173723220825
10 283.0 12.826882362365723 16.13266944885254 13.767284750938416 13.315301895141602 0.45198285579681396
10 284.0 12.74753189086914 16.138811111450195 13.71515890955925 13.267972946166992 0.4471859633922577
10 285.0 12.72813892364502 16.198938369750977 13.693447887897491 13.253581047058105 0.439866840839386
10 286.0 12.7700777053833 16.319351196289062 13.721014589071274 13.283097267150879 0.4379173219203949
10 287.0 12.795317649841309 16.443716049194336 13.729295521974564 13.306136131286621 0.4231593906879425
10 288.0 12.790106773376465 16.538665771484375 13.710455983877182 13.306156158447266 0.4042998254299164
10 289.0 12.754711151123047 16.59182357788086 13.682900190353394 13.297112464904785 0.3857877254486084
10 290.0 12.730788230895996 16.638931274414062 13.655900120735168 13.285996437072754 0.36990368366241455
10 291.0 12.711852073669434 16.696880340576172 13.584985107183456 13.208802223205566 0.37618288397789
10 292.0 12.69664192199707 16.768354415893555 13.58926773071289 13.21043872833252 0.3788290023803711
10 293.0 12.718611717224121 16.856597900390625 13.552933931350708 13.182577133178711 0.37035679817199707
10 294.0 12.751914978027344 16.954309463500977 13.576197862625122 13.213482856750488 0.3627150058746338
10 295.0 12.782135009765625 17.055994033813477 13.604593187570572 13.253457069396973 0.35113611817359924
10 296.0 12.80638313293457 17.155664443969727 13.60899829864502 13.265199661254883 0.3437986373901367
10 297.0 12.800318717956543 17.24713706970215 13.582365810871124 13.235540390014648 0.34682542085647583
10 298.0 12.802031517028809 17.329761505126953 13.588171929121017 13.239484786987305 0.34868714213371277
10 299.0 12.82285213470459 17.40543556213379 13.616061627864838 13.260690689086914 0.3553709387779236
10 300.0 12.82854175567627 17.462011337280273 13.663722485303879 13.31082534790039 0.35289713740348816
10 301.0 12.824895858764648 17.529359817504883 13.708979368209839 13.356498718261719 0.3524806499481201
10 302.0 12.839970588684082 17.62260627746582 13.715581774711609 13.373223304748535 0.34235846996307373
10 303.0 12.843738555908203 17.70093536376953 13.679084032773972 13.348387718200684 0.33069631457328796
10 304.0 12.846631050109863 17.75708770751953 13.669535219669342 13.349892616271973 0.3196426033973694
10 305.0 12.8504056930542 17.80269432067871 13.661339551210403 13.338296890258789 0.3230426609516144
10 306.0 12.841508865356445 17.88224983215332 13.644340425729752 13.329169273376465 0.31517115235328674
10 307.0 12.835892677307129 17.953563690185547 13.641030430793762 13.346414566040039 0.29461586475372314
10 308.0 12.81096363067627 18.01776885986328 13.612658023834229 13.327466011047363 0.28519201278686523
10 309.0 12.822293281555176 18.09819221496582 13.620446413755417 13.340156555175781 0.2802898585796356
10 310.0 12.853297233581543 18.174089431762695 13.691686451435089 13.398956298828125 0.2927301526069641
10 311.0 12.861572265625 18.24460792541504 13.719662874937057 13.425662994384766 0.29399988055229187
10 312.0 12.891626358032227 18.297922134399414 13.753373622894287 13.441422462463379 0.3119511604309082
10 313.0 12.894585609436035 18.33518409729004 13.771567463874817 13.435084342956543 0.3364831209182739
10 314.0 12.907200813293457 18.354568481445312 13.848873794078827 13.495109558105469 0.35376423597335815
10 315.0 12.944911003112793 18.423809051513672 13.899124205112457 13.522385597229004 0.37673860788345337
10 316.0 12.96937084197998 18.523204803466797 13.881878077983856 13.480635643005371 0.4012424349784851
10 317.0 12.94707202911377 18.571918487548828 13.892497539520264 13.466251373291016 0.42624616622924805
10 318.0 12.886906623840332 18.56854248046875 13.891556978225708 13.432428359985352 0.45912861824035645
10 319.0 12.864546775817871 18.58355140686035 13.871903508901596 13.381214141845703 0.49068936705589294
10 320.0 12.872099876403809 18.60663604736328 13.8773974776268 13.355405807495117 0.5219916701316833
10 321.0 12.915493965148926 18.657119750976562 13.923468887805939 13.357494354248047 0.5659745335578918
10 322.0 12.96627140045166 18.74429702758789 13.94881808757782 13.337536811828613 0.6112812757492065
10 323.0 13.003535270690918 18.812685012817383 13.942009925842285 13.276995658874512 0.6650142669677734
10 324.0 13.08835220336914 18.884288787841797 14.021362602710724 13.300707817077637 0.7206547856330872
10 325.0 13.216468811035156 18.97446632385254 14.147533535957336 13.365504264831543 0.7820292711257935
10 326.0 13.340410232543945 19.10464096069336 14.246787250041962 13.411008834838867 0.8357784152030945
10 327.0 13.424468994140625 19.229650497436523 14.289004385471344 13.400755882263184 0.8882485032081604
10 328.0 13.45681381225586 19.305713653564453 14.331926465034485 13.37700080871582 0.9549256563186646
10 329.0 13.498156547546387 19.39154815673828 14.37048876285553 13.367955207824707 1.0025335550308228
10 330.0 13.54512882232666 19.47413444519043 14.453329801559448 13.38390064239502 1.0694291591644287
10 331.0 13.587271690368652 19.557832717895508 14.518155455589294 13.37102222442627 1.147133231163025
10 332.0 13.642598152160645 19.606931686401367 14.597209930419922 13.384846687316895 1.2123632431030273
10 333.0 13.64775276184082 19.6086483001709 14.649548888206482 13.39577865600586 1.2537702322006226
10 334.0 13.656923294067383 19.656871795654297 14.677240133285522 13.355525970458984 1.321714162826538
10 335.0 13.675434112548828 19.72843360900879 14.639005303382874 13.285140037536621 1.3538652658462524
10 336.0 13.733341217041016 19.822998046875 14.682720065116882 13.266204833984375 1.4165152311325073
10 337.0 13.796310424804688 19.91960334777832 14.743048310279846 13.268268585205078 1.474779725074768
10 338.0 13.830423355102539 19.981040954589844 14.787941932678223 13.260778427124023 1.5271635055541992
10 339.0 13.846181869506836 19.999065399169922 14.829995274543762 13.271261215209961 1.5587340593338013
10 340.0 13.869003295898438 20.038740158081055 14.871708035469055 13.280271530151367 1.591436505317688
10 341.0 13.878544807434082 20.09068489074707 14.890644073486328 13.25265121459961 1.6379928588867188
10 342.0 13.903779983520508 20.14005470275879 14.933101058006287 13.240864753723145 1.692236304283142
10 343.0 13.948735237121582 20.181182861328125 15.030831933021545 13.291205406188965 1.7396265268325806
10 344.0 13.983969688415527 20.214014053344727 15.144566059112549 13.304441452026367 1.8401246070861816
10 345.0 14.029594421386719 20.26011848449707 15.232440829277039 13.316661834716797 1.9157789945602417
10 346.0 14.085512161254883 20.302980422973633 15.290779948234558 13.346779823303223 1.9440001249313354
10 347.0 14.15561580657959 20.37639808654785 15.358116149902344 13.360920906066895 1.9971952438354492
10 348.0 14.239279747009277 20.446762084960938 15.461069345474243 13.388856887817383 2.0722124576568604
10 349.0 14.332148551940918 20.504568099975586 15.563695669174194 13.408487319946289 2.1552083492279053
10 350.0 14.42061710357666 20.51231575012207 15.716745138168335 13.436917304992676 2.279827833175659
10 351.0 14.48415756225586 20.487485885620117 15.82398009300232 13.438862800598145 2.385117292404175
10 352.0 14.559505462646484 20.50126838684082 15.95672082901001 13.422528266906738 2.5341925621032715
10 353.0 14.652678489685059 20.56753158569336 16.06820011138916 13.433514595031738 2.634685516357422
10 354.0 14.737226486206055 20.64322280883789 16.151012897491455 13.4181489944458 2.7328639030456543
10 355.0 14.818184852600098 20.708837509155273 16.247971773147583 13.389045715332031 2.8589260578155518
10 356.0 14.872901916503906 20.752361297607422 16.350594758987427 13.383529663085938 2.9670650959014893
10 357.0 14.932470321655273 20.79059600830078 16.432121992111206 13.372109413146973 3.0600125789642334
10 358.0 14.990314483642578 20.804363250732422 16.546542406082153 13.357953071594238 3.188589334487915
10 359.0 15.047609329223633 20.824726104736328 16.647951126098633 13.33635425567627 3.3115968704223633
10 360.0 15.128538131713867 20.854215621948242 16.768301010131836 13.310437202453613 3.4578638076782227
10 361.0 15.188410758972168 20.88250732421875 16.8654682636261 13.259029388427734 3.6064388751983643
10 362.0 15.171092987060547 20.882991790771484 16.923574447631836 13.183867454528809 3.7397069931030273
10 363.0 15.198884963989258 20.862287521362305 17.008522033691406 13.170473098754883 3.8380489349365234
10 364.0 15.270706176757812 20.84974479675293 17.043598651885986 13.119787216186523 3.923811435699463
10 365.0 15.361318588256836 20.84722137451172 17.092130661010742 13.091758728027344 4.000371932983398
10 366.0 15.396232604980469 20.836896896362305 17.163978576660156 13.061822891235352 4.102155685424805
