0 1.0 20.829317092895508 25.711763381958008 24.843780517578125 8.206911087036133 16.636869430541992
0 2.0 20.813491821289062 25.44257354736328 24.94081687927246 8.349571228027344 16.591245651245117
0 3.0 20.85943603515625 25.225582122802734 25.102044105529785 8.570368766784668 16.531675338745117
0 4.0 20.946794509887695 25.06713104248047 25.23536777496338 8.75812816619873 16.47723960876465
0 5.0 20.991090774536133 24.905845642089844 25.369430541992188 8.928298950195312 16.441131591796875
0 6.0 20.881441116333008 24.687519073486328 25.374051094055176 9.018437385559082 16.355613708496094
0 7.0 20.732677459716797 24.4789981842041 25.342455863952637 9.10277271270752 16.239683151245117
0 8.0 20.54003143310547 24.26679229736328 25.24219512939453 9.14202880859375 16.10016632080078
0 9.0 20.300479888916016 23.999401092529297 25.121112823486328 9.15519905090332 15.965913772583008
0 10.0 20.08832359313965 23.738636016845703 25.01958656311035 9.197887420654297 15.821699142456055
0 11.0 19.949237823486328 23.52435302734375 24.953598022460938 9.288071632385254 15.665526390075684
0 12.0 19.749004364013672 23.286357879638672 24.85453987121582 9.372820854187012 15.481719017028809
0 13.0 19.52706527709961 22.985586166381836 24.809840202331543 9.445813179016113 15.36402702331543
0 14.0 19.357219696044922 22.72701644897461 24.768600463867188 9.526656150817871 15.241944313049316
0 15.0 19.22416877746582 22.499526977539062 24.698875427246094 9.620262145996094 15.07861328125
0 16.0 19.11307716369629 22.27768325805664 24.62690544128418 9.697076797485352 14.929828643798828
0 17.0 19.011093139648438 22.106781005859375 24.589641571044922 9.79589557647705 14.793745994567871
0 18.0 18.910907745361328 21.947725296020508 24.531057357788086 9.911806106567383 14.619251251220703
0 19.0 18.753459930419922 21.736095428466797 24.429945945739746 9.988639831542969 14.441306114196777
0 20.0 18.539966583251953 21.48453140258789 24.32732105255127 10.077662467956543 14.249658584594727
0 21.0 18.287799835205078 21.217273712158203 24.14803695678711 10.161920547485352 13.986116409301758
0 22.0 18.019067764282227 20.941068649291992 23.965118408203125 10.241374969482422 13.723743438720703
0 23.0 17.736783981323242 20.676210403442383 23.769868850708008 10.289507865905762 13.480360984802246
0 24.0 17.423553466796875 20.362607955932617 23.468307495117188 10.324630737304688 13.1436767578125
0 25.0 17.143096923828125 20.085952758789062 23.10286235809326 10.421432495117188 12.681429862976074
0 26.0 16.920360565185547 19.88309669494629 22.648408889770508 10.498547554016113 12.149861335754395
0 27.0 16.742504119873047 19.696882247924805 22.30208683013916 10.615599632263184 11.686487197875977
0 28.0 16.550426483154297 19.496091842651367 22.058093070983887 10.717698097229004 11.340394973754883
0 29.0 16.296875 19.2871150970459 21.673959732055664 10.782264709472656 10.891695022583008
0 30.0 15.969785690307617 19.051435470581055 21.182735443115234 10.801441192626953 10.381294250488281
0 31.0 15.648065567016602 18.819435119628906 20.563629150390625 10.876709938049316 9.686919212341309
0 32.0 15.425420761108398 18.673038482666016 19.857754707336426 10.94073486328125 8.917019844055176
0 33.0 15.260396957397461 18.568504333496094 19.393726348876953 11.031393051147461 8.362333297729492
0 34.0 15.023778915405273 18.404645919799805 18.8566837310791 11.103572845458984 7.753110885620117
0 35.0 14.68389892578125 18.185291290283203 18.039262294769287 11.165071487426758 6.874190807342529
0 36.0 14.383971214294434 18.018348693847656 17.301873207092285 11.203551292419434 6.098321914672852
0 37.0 14.19790267944336 17.94439697265625 16.79777765274048 11.248299598693848 5.549478054046631
0 38.0 14.069535255432129 17.89250373840332 16.35996675491333 11.320722579956055 5.039244174957275
0 39.0 13.932084083557129 17.8342342376709 15.909169673919678 11.378767967224121 4.530401706695557
0 40.0 13.748259544372559 17.771766662597656 15.441575050354004 11.409072875976562 4.032502174377441
0 41.0 13.61606216430664 17.73196029663086 15.30664849281311 11.537515640258789 3.7691328525543213
0 42.0 13.558631896972656 17.709497451782227 15.181854248046875 11.656126976013184 3.5257272720336914
0 43.0 13.531855583190918 17.741483688354492 15.025578498840332 11.740551948547363 3.2850265502929688
0 44.0 13.487283706665039 17.785003662109375 14.8640718460083 11.850415229797363 3.0136566162109375
0 45.0 13.450833320617676 17.79901885986328 14.717491388320923 11.951067924499512 2.766423463821411
0 46.0 13.434155464172363 17.82797622680664 14.552606582641602 12.083736419677734 2.468870162963867
0 47.0 13.417426109313965 17.896276473999023 14.404534339904785 12.209324836730957 2.195209503173828
0 48.0 13.347433090209961 17.94475555419922 14.2772958278656 12.298537254333496 1.9787585735321045
0 49.0 13.268070220947266 17.965126037597656 14.174533128738403 12.367669105529785 1.8068640232086182
0 50.0 13.214740753173828 17.955638885498047 14.10987913608551 12.45003890991211 1.6598402261734009
0 51.0 13.216806411743164 18.007753372192383 14.035361647605896 12.51285171508789 1.5225099325180054
0 52.0 13.198854446411133 18.059478759765625 13.953463792800903 12.597155570983887 1.3563082218170166
0 53.0 13.162320137023926 18.132219314575195 13.826067924499512 12.64751148223877 1.1785564422607422
0 54.0 13.156393051147461 18.224775314331055 13.812464714050293 12.70806884765625 1.104395866394043
0 55.0 13.128104209899902 18.325918197631836 13.826218008995056 12.776992797851562 1.0492252111434937
0 56.0 13.109447479248047 18.39918327331543 13.778700530529022 12.80968952178955 0.9690110087394714
0 57.0 13.084392547607422 18.43051528930664 13.752878725528717 12.857369422912598 0.8955093026161194
0 58.0 13.059165954589844 18.458236694335938 13.727770864963531 12.888917922973633 0.8388529419898987
0 59.0 13.011189460754395 18.536203384399414 13.684483826160431 12.888816833496094 0.7956669926643372
0 60.0 12.974475860595703 18.637014389038086 13.617033898830414 12.876875877380371 0.7401580214500427
0 61.0 12.960210800170898 18.71995735168457 13.58927708864212 12.90074348449707 0.68853360414505
0 62.0 12.964916229248047 18.78192138671875 13.597478568553925 12.94117259979248 0.6563059687614441
0 63.0 12.950297355651855 18.821821212768555 13.598270058631897 12.971294403076172 0.6269756555557251
0 64.0 12.929516792297363 18.915287017822266 13.552962005138397 12.946249008178711 0.6067129969596863
0 65.0 12.89203929901123 19.025623321533203 13.516459584236145 12.942455291748047 0.5740042924880981
0 66.0 12.837409019470215 19.1018123626709 13.460800588130951 12.898458480834961 0.56234210729599
0 67.0 12.80588150024414 19.188209533691406 13.403291404247284 12.860679626464844 0.5426117777824402
0 68.0 12.796977996826172 19.290019989013672 13.397468209266663 12.872651100158691 0.5248171091079712
0 69.0 12.781558990478516 19.383947372436523 13.409956514835358 12.898548126220703 0.5114083886146545
0 70.0 12.71232795715332 19.45761489868164 13.368207782506943 12.872705459594727 0.4955023229122162
0 71.0 12.656465530395508 19.51780128479004 13.30771341919899 12.821413040161133 0.48630037903785706
0 72.0 12.636996269226074 19.557374954223633 13.290150165557861 12.821330070495605 0.46882009506225586
0 73.0 12.625910758972168 19.583148956298828 13.306531399488449 12.857614517211914 0.44891688227653503
0 74.0 12.629475593566895 19.65543556213379 13.334546089172363 12.907856941223145 0.42668914794921875
0 75.0 12.646265029907227 19.776296615600586 13.318617433309555 12.913639068603516 0.40497836470603943
0 76.0 12.647146224975586 19.894298553466797 13.339341968297958 12.963459014892578 0.37588295340538025
0 77.0 12.677286148071289 20.01932716369629 13.329214960336685 12.984213829040527 0.34500113129615784
0 78.0 12.724754333496094 20.162437438964844 13.358379393815994 13.03234577178955 0.3260336220264435
0 79.0 12.727794647216797 20.287382125854492 13.359489977359772 13.046243667602539 0.31324630975723267
0 80.0 12.715906143188477 20.381839752197266 13.368759870529175 13.068072319030762 0.3006875514984131
0 81.0 12.723655700683594 20.44369888305664 13.386705428361893 13.100851058959961 0.28585436940193176
0 82.0 12.75115966796875 20.519145965576172 13.39344897866249 13.115445137023926 0.27800384163856506
0 83.0 12.757460594177246 20.596088409423828 13.437844634056091 13.165637969970703 0.2722066640853882
0 84.0 12.805753707885742 20.666181564331055 13.476636409759521 13.209145545959473 0.26749086380004883
0 85.0 12.911762237548828 20.76964569091797 13.59646800160408 13.340319633483887 0.2561483681201935
0 86.0 13.024547576904297 20.888334274291992 13.694580554962158 13.442776679992676 0.2518038749694824
0 87.0 13.120697021484375 21.003841400146484 13.79259330034256 13.558774948120117 0.23381835222244263
0 88.0 13.177619934082031 21.12767791748047 13.83989268541336 13.612447738647461 0.22744494676589966
0 89.0 13.2105712890625 21.22693634033203 13.902395635843277 13.677581787109375 0.22481384873390198
0 90.0 13.232355117797852 21.341489791870117 13.89725723862648 13.675629615783691 0.2216276228427887
0 91.0 13.247190475463867 21.449249267578125 13.90118108689785 13.68057918548584 0.2206019014120102
0 92.0 13.302359580993652 21.57891082763672 13.951040744781494 13.737278938293457 0.2137618064880371
0 93.0 13.363333702087402 21.719255447387695 14.029000401496887 13.818303108215332 0.21069729328155518
0 94.0 13.408014297485352 21.85361671447754 14.06349429488182 13.855745315551758 0.20774897933006287
0 95.0 13.368790626525879 21.93467903137207 14.085970044136047 13.881562232971191 0.20440781116485596
0 96.0 13.339441299438477 22.009639739990234 14.092636242508888 13.893001556396484 0.19963468611240387
0 97.0 13.329288482666016 22.080402374267578 14.1083395332098 13.910799026489258 0.1975405067205429
0 98.0 13.349479675292969 22.160890579223633 14.136029034852982 13.93914794921875 0.19688108563423157
0 99.0 13.330459594726562 22.25014305114746 14.130405217409134 13.9412202835083 0.18918493390083313
0 100.0 13.27700138092041 22.317293167114258 14.10691799223423 13.923521995544434 0.18339599668979645
0 101.0 13.267090797424316 22.386829376220703 14.100653037428856 13.925864219665527 0.17478881776332855
0 102.0 13.3038330078125 22.4730167388916 14.154092937707901 13.987903594970703 0.16618934273719788
0 103.0 13.36201000213623 22.556819915771484 14.20457798242569 14.040143013000488 0.16443496942520142
0 104.0 13.39249324798584 22.624591827392578 14.225609183311462 14.067245483398438 0.1583636999130249
0 105.0 13.416071891784668 22.675168991088867 14.273728042840958 14.12191390991211 0.15181413292884827
0 106.0 13.404890060424805 22.721113204956055 14.316493198275566 14.168703079223633 0.1477901190519333
0 107.0 13.410697937011719 22.785614013671875 14.30364765226841 14.158358573913574 0.1452890783548355
0 108.0 13.4452543258667 22.882061004638672 14.322300121188164 14.17941665649414 0.14288346469402313
0 109.0 13.422025680541992 22.924110412597656 14.325168758630753 14.184232711791992 0.14093604683876038
0 110.0 13.366109848022461 22.96945571899414 14.358974322676659 14.222248077392578 0.1367262452840805
0 111.0 13.32728099822998 23.00208854675293 14.328411296010017 14.194120407104492 0.1342908889055252
0 112.0 13.294692993164062 23.07010841369629 14.291238471865654 14.161785125732422 0.12945334613323212
0 113.0 13.3031005859375 23.182418823242188 14.253473311662674 14.128926277160645 0.12454703450202942
0 114.0 13.307913780212402 23.297449111938477 14.19937040656805 14.078568458557129 0.12080194801092148
0 115.0 13.309006690979004 23.402353286743164 14.197648242115974 14.074592590332031 0.12305565178394318
0 116.0 13.333245277404785 23.465246200561523 14.178838811814785 14.056330680847168 0.12250813096761703
0 117.0 13.36545181274414 23.53566551208496 14.202720373868942 14.075526237487793 0.1271941363811493
0 118.0 13.416820526123047 23.639385223388672 14.252170123159885 14.128410339355469 0.12375978380441666
0 119.0 13.464193344116211 23.749082565307617 14.275551177561283 14.158241271972656 0.11730990558862686
0 120.0 13.476696014404297 23.84291648864746 14.295185983181 14.18448543548584 0.11070054769515991
0 121.0 13.483869552612305 23.93451690673828 14.313918374478817 14.207280158996582 0.10663821548223495
0 122.0 13.49296760559082 24.03062629699707 14.32445278763771 14.219391822814941 0.10506096482276917
0 123.0 13.466582298278809 24.09286117553711 14.302020251750946 14.197962760925293 0.10405749082565308
0 124.0 13.38032341003418 24.037504196166992 14.255901828408241 14.149393081665039 0.10650874674320221
0 125.0 13.283271789550781 23.974437713623047 14.173602692782879 14.073596000671387 0.10000669211149216
0 126.0 13.24929428100586 23.99747657775879 14.12632341682911 14.027338027954102 0.09898538887500763
0 127.0 13.23919677734375 24.058561325073242 14.091321662068367 13.99233627319336 0.09898538887500763
0 128.0 13.250041007995605 24.13459014892578 14.080153182148933 13.981167793273926 0.09898538887500763
0 129.0 13.28227710723877 24.224857330322266 14.11010168492794 14.002979278564453 0.10712240636348724
0 130.0 13.293224334716797 24.299617767333984 14.133179925382137 14.01823902130127 0.11494090408086777
0 131.0 13.283248901367188 24.35698699951172 14.116446018218994 13.995841979980469 0.12060403823852539
0 132.0 13.254118919372559 24.388994216918945 14.090861722826958 13.956402778625488 0.13445894420146942
0 133.0 13.23193359375 24.428396224975586 14.040596887469292 13.902420043945312 0.1381768435239792
0 134.0 13.19141960144043 24.450733184814453 14.036408722400665 13.893901824951172 0.1425068974494934
0 135.0 13.154677391052246 24.458206176757812 14.00427807867527 13.860240936279297 0.1440371423959732
0 136.0 13.120195388793945 24.485868453979492 13.978079721331596 13.824801445007324 0.15327827632427216
0 137.0 13.064987182617188 24.50392723083496 13.964561522006989 13.800224304199219 0.16433721780776978
0 138.0 13.005806922912598 24.5151424407959 13.939655050635338 13.774962425231934 0.16469262540340424
0 139.0 12.96560287475586 24.513763427734375 13.908215448260307 13.740616798400879 0.1675986498594284
0 140.0 12.919171333312988 24.542064666748047 13.877791106700897 13.701148986816406 0.17664211988449097
0 141.0 12.888381004333496 24.627147674560547 13.819879084825516 13.6271333694458 0.19274571537971497
0 142.0 12.84531307220459 24.68687629699707 13.77548836171627 13.563989639282227 0.21149872243404388
0 143.0 12.82571029663086 24.754663467407227 13.756759509444237 13.528480529785156 0.2282789796590805
0 144.0 12.850823402404785 24.840747833251953 13.777998596429825 13.526975631713867 0.25102296471595764
0 145.0 12.894627571105957 24.940505981445312 13.817463219165802 13.534308433532715 0.28315478563308716
0 146.0 12.94655990600586 25.005245208740234 13.89516195654869 13.58232593536377 0.31283602118492126
0 147.0 12.997303009033203 25.052440643310547 13.960631906986237 13.614428520202637 0.34620338678359985
0 148.0 13.026188850402832 25.119197845458984 14.001156061887741 13.64280891418457 0.3583471477031708
0 149.0 13.020466804504395 25.164199829101562 14.010314345359802 13.634166717529297 0.37614762783050537
0 150.0 13.014668464660645 25.194190979003906 13.990277349948883 13.58902645111084 0.4012508988380432
0 151.0 13.026888847351074 25.22031021118164 13.971037715673447 13.563909530639648 0.4071281850337982
0 152.0 13.034631729125977 25.235631942749023 13.951405733823776 13.52367877960205 0.42772695422172546
0 153.0 13.03520393371582 25.247318267822266 13.94044092297554 13.484625816345215 0.4558151066303253
0 154.0 13.043166160583496 25.29085350036621 13.908922612667084 13.420097351074219 0.488825261592865
0 155.0 13.05300521850586 25.350725173950195 13.934434235095978 13.414743423461914 0.5196908116340637
0 156.0 13.048623085021973 25.37754249572754 13.937198460102081 13.396782875061035 0.5404155850410461
0 157.0 13.046212196350098 25.368532180786133 13.95282769203186 13.372929573059082 0.5798981189727783
0 158.0 13.063287734985352 25.37126350402832 14.03025072813034 13.416512489318848 0.6137382388114929
0 159.0 13.061403274536133 25.372730255126953 14.04313713312149 13.410501480102539 0.6326356530189514
0 160.0 13.06391429901123 25.376907348632812 14.07660448551178 13.401585578918457 0.6750189065933228
0 161.0 13.073609352111816 25.371158599853516 14.080258190631866 13.380352973937988 0.6999052166938782
0 162.0 13.069565773010254 25.370498657226562 14.0842787027359 13.36478328704834 0.719495415687561
0 163.0 13.077437400817871 25.392370223999023 14.101576805114746 13.331748008728027 0.7698287963867188
0 164.0 13.105917930603027 25.44968032836914 14.131539285182953 13.303257942199707 0.8282813429832458
0 165.0 13.126970291137695 25.48740005493164 14.161390721797943 13.263648986816406 0.8977417349815369
0 166.0 13.119385719299316 25.519561767578125 14.201488137245178 13.253853797912598 0.9476343393325806
0 167.0 13.118743896484375 25.561988830566406 14.220988869667053 13.22370433807373 0.9972845315933228
0 168.0 13.105161666870117 25.557832717895508 14.192179203033447 13.151496887207031 1.040682315826416
0 169.0 13.096321105957031 25.557132720947266 14.179928421974182 13.110618591308594 1.0693098306655884
0 170.0 13.070592880249023 25.525867462158203 14.196612000465393 13.09479808807373 1.1018139123916626
0 171.0 13.06318473815918 25.533723831176758 14.169670820236206 13.051531791687012 1.1181390285491943
0 172.0 13.064759254455566 25.58707046508789 14.129561305046082 12.996679306030273 1.132881999015808
0 173.0 13.065224647521973 25.61132049560547 14.11513888835907 12.951615333557129 1.163523554801941
0 174.0 13.091236114501953 25.63780975341797 14.205537796020508 12.929537773132324 1.2760000228881836
0 175.0 13.132936477661133 25.666654586791992 14.2805255651474 12.881446838378906 1.3990787267684937
0 176.0 13.166037559509277 25.63426399230957 14.33828318119049 12.874855995178223 1.463427186012268
0 177.0 13.192413330078125 25.602455139160156 14.442540407180786 12.89019775390625 1.5523426532745361
0 178.0 13.182103157043457 25.560815811157227 14.483863472938538 12.858955383300781 1.6249080896377563
0 179.0 13.148600578308105 25.512008666992188 14.455623269081116 12.80367374420166 1.6519495248794556
0 180.0 13.161660194396973 25.504655838012695 14.463966846466064 12.786214828491211 1.6777520179748535
0 181.0 13.1753511428833 25.49526023864746 14.525562047958374 12.739293098449707 1.786268949508667
0 182.0 13.198017120361328 25.47958755493164 14.543384075164795 12.68954849243164 1.8538355827331543
0 183.0 13.232464790344238 25.48404884338379 14.588795781135559 12.627202987670898 1.9615927934646606
0 184.0 13.264086723327637 25.481779098510742 14.672785520553589 12.582571029663086 2.090214490890503
0 185.0 13.306553840637207 25.49384307861328 14.76029086112976 12.538399696350098 2.221891164779663
0 186.0 13.370508193969727 25.50580406188965 14.846027851104736 12.472539901733398 2.373487949371338
0 187.0 13.44317626953125 25.522136688232422 14.920515298843384 12.408836364746094 2.51167893409729
0 188.0 13.498046875 25.49360466003418 15.021731853485107 12.351984977722168 2.6697468757629395
0 189.0 13.502662658691406 25.381452560424805 15.017214298248291 12.28411865234375 2.733095645904541
0 190.0 13.497678756713867 25.29084014892578 15.04823112487793 12.231910705566406 2.8163204193115234
0 191.0 13.508268356323242 25.223583221435547 15.121694326400757 12.201141357421875 2.920552968978882
0 192.0 13.564541816711426 25.21272087097168 15.173703908920288 12.11510181427002 3.0586020946502686
0 193.0 13.656536102294922 25.235580444335938 15.265236139297485 12.052824020385742 3.212412118911743
0 194.0 13.719123840332031 25.24981689453125 15.30292272567749 11.977121353149414 3.325801372528076
0 195.0 13.796561241149902 25.257862091064453 15.38150143623352 11.907275199890137 3.474226236343384
0 196.0 13.870527267456055 25.23776626586914 15.478310108184814 11.858508110046387 3.6198019981384277
0 197.0 13.911731719970703 25.203393936157227 15.539315700531006 11.818399429321289 3.720916271209717
0 198.0 13.93966293334961 25.160053253173828 15.626698970794678 11.791155815124512 3.835543155670166
0 199.0 13.963537216186523 25.136638641357422 15.713032722473145 11.7623929977417 3.9506397247314453
0 200.0 14.01069164276123 25.110687255859375 15.759451389312744 11.723462104797363 4.035989284515381
0 201.0 14.088367462158203 25.068294525146484 15.840895652770996 11.68173885345459 4.159156799316406
0 202.0 14.142436027526855 25.026620864868164 15.921606063842773 11.661616325378418 4.2599897384643555
0 203.0 14.17052173614502 24.979957580566406 15.988390445709229 11.628393173217773 4.359997272491455
0 204.0 14.224408149719238 24.925796508789062 16.085978984832764 11.588047981262207 4.497931003570557
0 205.0 14.299627304077148 24.860767364501953 16.234208583831787 11.55298900604248 4.681219577789307
0 206.0 14.398715019226074 24.802391052246094 16.341817378997803 11.511343002319336 4.830474376678467
0 207.0 14.479984283447266 24.73777961730957 16.493382930755615 11.500301361083984 4.993081569671631
0 208.0 14.571611404418945 24.67000961303711 16.62275266647339 11.482401847839355 5.140350818634033
0 209.0 14.653360366821289 24.595239639282227 16.739970684051514 11.461771011352539 5.278199672698975
0 210.0 14.700923919677734 24.478849411010742 16.852275371551514 11.440617561340332 5.411657810211182
0 211.0 14.764751434326172 24.367849349975586 16.891817092895508 11.382157325744629 5.509659767150879
0 212.0 14.80150318145752 24.262527465820312 16.95830726623535 11.320313453674316 5.637993812561035
0 213.0 14.850658416748047 24.127290725708008 17.064786434173584 11.2969388961792 5.767847537994385
0 214.0 14.966609954833984 24.012592315673828 17.211418628692627 11.262077331542969 5.949341297149658
0 215.0 15.031791687011719 23.89605712890625 17.321982383728027 11.230359077453613 6.091623306274414
0 216.0 15.040122985839844 23.770214080810547 17.412200450897217 11.164563179016113 6.2476372718811035
0 217.0 15.040889739990234 23.623016357421875 17.505923748016357 11.067279815673828 6.438643932342529
0 218.0 15.007834434509277 23.48625946044922 17.557610511779785 11.009239196777344 6.548371315002441
0 219.0 15.02336311340332 23.331289291381836 17.560060501098633 10.94674015045166 6.613320350646973
0 220.0 15.08108139038086 23.179040908813477 17.6383638381958 10.91513442993164 6.72322940826416
0 221.0 15.148248672485352 23.017595291137695 17.71127462387085 10.851784706115723 6.859489917755127
0 222.0 15.184709548950195 22.854278564453125 17.7423095703125 10.74517822265625 6.99713134765625
0 223.0 15.193154335021973 22.687992095947266 17.688302516937256 10.61534595489502 7.072956562042236
0 224.0 15.231893539428711 22.50385856628418 17.80657386779785 10.546355247497559 7.260218620300293
0 225.0 15.307860374450684 22.318288803100586 17.823676109313965 10.443719863891602 7.379956245422363
0 226.0 15.360344886779785 22.11425018310547 17.899794578552246 10.392498970031738 7.507295608520508
0 227.0 15.427061080932617 21.895591735839844 17.946053504943848 10.30138874053955 7.644664764404297
0 228.0 15.428871154785156 21.654144287109375 18.02461290359497 10.236291885375977 7.788321018218994
0 229.0 15.426499366760254 21.416519165039062 18.068521976470947 10.145495414733887 7.9230265617370605
0 230.0 15.499580383300781 21.197816848754883 18.17633819580078 10.041751861572266 8.134586334228516
0 231.0 15.472810745239258 20.960546493530273 18.23479175567627 9.942764282226562 8.292027473449707
0 232.0 15.483314514160156 20.727184295654297 18.197431564331055 9.77096176147461 8.426469802856445
0 233.0 15.534693717956543 20.47560691833496 18.300103187561035 9.666111946105957 8.633991241455078
0 234.0 15.58122444152832 20.192840576171875 18.36624240875244 9.563029289245605 8.803213119506836
0 235.0 15.62590503692627 19.90534782409668 18.428277015686035 9.445781707763672 8.982495307922363
0 236.0 15.755430221557617 19.649133682250977 18.55258846282959 9.375323295593262 9.177265167236328
0 237.0 15.849096298217773 19.403104782104492 18.6438570022583 9.273160934448242 9.370696067810059
0 238.0 15.900127410888672 19.167203903198242 18.757265090942383 9.194640159606934 9.56262493133545
0 239.0 15.894269943237305 18.94308853149414 18.809935569763184 9.088021278381348 9.721914291381836
0 240.0 15.921745300292969 18.74610137939453 18.845142364501953 8.957165718078613 9.88797664642334
0 241.0 15.97421646118164 18.52509307861328 18.92894172668457 8.851889610290527 10.077052116394043
0 242.0 15.988780975341797 18.275619506835938 18.916922569274902 8.691709518432617 10.225213050842285
0 243.0 16.076045989990234 18.03548240661621 19.007582664489746 8.570444107055664 10.437138557434082
0 244.0 16.263668060302734 17.779870986938477 19.23472309112549 8.46965217590332 10.765070915222168
0 245.0 16.43086814880371 17.520658493041992 19.38045024871826 8.387157440185547 10.993292808532715
0 246.0 16.584543228149414 17.276687622070312 19.54586696624756 8.315576553344727 11.230290412902832
0 247.0 16.648170471191406 17.006860733032227 19.693370819091797 8.248286247253418 11.445084571838379
0 248.0 16.668319702148438 16.7362117767334 19.8418550491333 8.190845489501953 11.651009559631348
0 249.0 16.714859008789062 16.500568389892578 19.93547534942627 8.146710395812988 11.788764953613281
0 250.0 16.797746658325195 16.298553466796875 20.039381980895996 8.108073234558105 11.93130874633789
0 251.0 16.879638671875 16.081134796142578 20.15239715576172 8.041874885559082 12.110522270202637
0 252.0 16.87937355041504 15.820281982421875 20.310268878936768 7.976620197296143 12.333648681640625
0 253.0 16.864654541015625 15.549816131591797 20.384257793426514 7.898600101470947 12.485657691955566
0 254.0 16.84566879272461 15.315780639648438 20.415026664733887 7.796926498413086 12.6181001663208
0 255.0 16.80807876586914 15.085095405578613 20.489107131958008 7.718070983886719 12.771036148071289
0 256.0 16.787233352661133 14.887922286987305 20.505284309387207 7.613482475280762 12.891801834106445
0 257.0 16.855632781982422 14.70620346069336 20.578834533691406 7.503353118896484 13.075481414794922
0 258.0 16.966705322265625 14.557692527770996 20.638631343841553 7.400588512420654 13.238042831420898
0 259.0 17.051776885986328 14.391349792480469 20.73251438140869 7.298919677734375 13.433594703674316
0 260.0 17.102657318115234 14.233423233032227 20.79309320449829 7.166382312774658 13.626710891723633
0 261.0 17.171310424804688 14.090752601623535 20.860363960266113 7.03963565826416 13.820728302001953
0 262.0 17.144678115844727 13.916677474975586 20.86914825439453 6.894278526306152 13.974869728088379
0 263.0 17.122879028320312 13.729089736938477 20.879035472869873 6.734176158905029 14.144859313964844
0 264.0 17.189193725585938 13.590147018432617 20.849234104156494 6.551716327667236 14.297517776489258
0 265.0 17.231698989868164 13.462923049926758 20.827235221862793 6.337084770202637 14.490150451660156
0 266.0 17.309917449951172 13.364194869995117 20.78238010406494 6.147310256958008 14.635069847106934
0 267.0 17.336284637451172 13.266307830810547 20.713565349578857 5.952711582183838 14.76085376739502
0 268.0 17.379188537597656 13.176217079162598 20.695709705352783 5.824361324310303 14.87134838104248
0 269.0 17.408676147460938 13.087407112121582 20.710724353790283 5.698384761810303 15.01233959197998
0 270.0 17.444324493408203 12.998037338256836 20.740700244903564 5.607605457305908 15.133094787597656
0 271.0 17.510587692260742 12.95128059387207 20.785866737365723 5.501358985900879 15.284507751464844
0 272.0 17.566162109375 12.899471282958984 20.77747631072998 5.4003400802612305 15.37713623046875
0 273.0 17.621503829956055 12.804206848144531 20.746237754821777 5.273032188415527 15.47320556640625
0 274.0 17.653383255004883 12.694518089294434 20.704620361328125 5.079703330993652 15.624917030334473
0 275.0 17.702003479003906 12.602310180664062 20.65642213821411 4.892917156219482 15.763504981994629
0 276.0 17.75301742553711 12.5361328125 20.660295963287354 4.779057025909424 15.88123893737793
0 277.0 17.818370819091797 12.507736206054688 20.735313892364502 4.65116548538208 16.084148406982422
0 278.0 17.875328063964844 12.49355697631836 20.78856658935547 4.543584823608398 16.24498176574707
0 279.0 17.92123031616211 12.469232559204102 20.874634742736816 4.459002494812012 16.415632247924805
0 280.0 17.967159271240234 12.451821327209473 20.899489879608154 4.348203182220459 16.551286697387695
0 281.0 18.017433166503906 12.428829193115234 20.953042030334473 4.257390022277832 16.69565200805664
0 282.0 18.024009704589844 12.407302856445312 20.94639539718628 4.152940273284912 16.793455123901367
0 283.0 18.046092987060547 12.382713317871094 20.989755630493164 4.050418853759766 16.9393367767334
0 284.0 18.133337020874023 12.368192672729492 20.96457529067993 3.9447407722473145 17.019834518432617
0 285.0 18.140621185302734 12.355267524719238 20.998528957366943 3.8521170616149902 17.146411895751953
0 286.0 18.09548568725586 12.318758010864258 20.953397274017334 3.770963191986084 17.18243408203125
0 287.0 18.06647300720215 12.301593780517578 20.89716935157776 3.676330804824829 17.22083854675293
0 288.0 18.052120208740234 12.294205665588379 20.90960669517517 3.604116201400757 17.305490493774414
0 289.0 18.085346221923828 12.298181533813477 20.90927243232727 3.536229372024536 17.373043060302734
0 290.0 18.148717880249023 12.320510864257812 20.904780864715576 3.4808878898620605 17.423892974853516
0 291.0 18.235864639282227 12.360987663269043 21.004457473754883 3.442596435546875 17.561861038208008
0 292.0 18.24883270263672 12.37364673614502 21.052278757095337 3.403923273086548 17.64835548400879
0 293.0 18.267318725585938 12.3840970993042 21.093146800994873 3.3602614402770996 17.732885360717773
0 294.0 18.24321746826172 12.393837928771973 21.09702444076538 3.306260585784912 17.79076385498047
0 295.0 18.221086502075195 12.402007102966309 21.12456488609314 3.2564313411712646 17.868133544921875
0 296.0 18.235815048217773 12.424788475036621 21.18223524093628 3.2302145957946777 17.9520206451416
0 297.0 18.240690231323242 12.463098526000977 21.121540546417236 3.17673921585083 17.944801330566406
0 298.0 18.233198165893555 12.503490447998047 21.125589847564697 3.1065754890441895 18.019014358520508
0 299.0 18.261686325073242 12.537456512451172 21.073970317840576 3.00923490524292 18.064735412597656
0 300.0 18.309934616088867 12.57109260559082 21.051957607269287 2.9113306999206543 18.140626907348633
0 301.0 18.370527267456055 12.601255416870117 21.077453136444092 2.8594889640808105 18.21796417236328
0 302.0 18.39747428894043 12.611053466796875 21.095194816589355 2.8098669052124023 18.285327911376953
0 303.0 18.37038230895996 12.646284103393555 21.134499073028564 2.7836785316467285 18.350820541381836
0 304.0 18.426218032836914 12.68873405456543 21.175894498825073 2.741358518600464 18.43453598022461
0 305.0 18.52392578125 12.721916198730469 21.254028797149658 2.692444324493408 18.56158447265625
0 306.0 18.621610641479492 12.773012161254883 21.271936416625977 2.640707015991211 18.631229400634766
0 307.0 18.743703842163086 12.845335006713867 21.383947610855103 2.613508462905884 18.77043914794922
0 308.0 18.86536979675293 12.920098304748535 21.44242238998413 2.5808310508728027 18.861591339111328
0 309.0 18.94637680053711 12.999147415161133 21.471137523651123 2.532714366912842 18.93842315673828
0 310.0 19.02711296081543 13.052705764770508 21.567039728164673 2.4921457767486572 19.074893951416016
0 311.0 19.06028175354004 13.049111366271973 21.63538908958435 2.4607179164886475 19.174671173095703
0 312.0 19.064348220825195 13.027255058288574 21.694084644317627 2.436401844024658 19.25768280029297
0 313.0 19.073713302612305 13.022011756896973 21.701982975006104 2.3928704261779785 19.309112548828125
0 314.0 19.07304573059082 13.051936149597168 21.659990072250366 2.345144033432007 19.31484603881836
0 315.0 19.084789276123047 13.105001449584961 21.70326590538025 2.327481985092163 19.375783920288086
0 316.0 19.147912979125977 13.174431800842285 21.73533797264099 2.304441213607788 19.430896759033203
0 317.0 19.253337860107422 13.303618431091309 21.725423574447632 2.294118642807007 19.431304931640625
0 318.0 19.340652465820312 13.468995094299316 21.710113286972046 2.2760732173919678 19.434040069580078
0 319.0 19.39583396911621 13.608114242553711 21.75509738922119 2.271864891052246 19.483232498168945
0 320.0 19.40561294555664 13.694921493530273 21.755114555358887 2.266961097717285 19.4881534576416
0 321.0 19.38749122619629 13.71858024597168 21.7453293800354 2.286825656890869 19.45850372314453
0 322.0 19.40256690979004 13.764780044555664 21.76273012161255 2.3013386726379395 19.46139144897461
0 323.0 19.438013076782227 13.893647193908691 21.77288031578064 2.2960755825042725 19.476804733276367
0 324.0 19.502548217773438 14.09349250793457 21.75365710258484 2.2828853130340576 19.47077178955078
0 325.0 19.671356201171875 14.344585418701172 21.83051085472107 2.323232412338257 19.507278442382812
0 326.0 19.866912841796875 14.593907356262207 22.00109601020813 2.4879868030548096 19.51310920715332
0 327.0 20.05417251586914 14.794116973876953 22.22092580795288 2.647927761077881 19.572998046875
0 328.0 20.212627410888672 14.983917236328125 22.263047456741333 2.747075319290161 19.515972137451172
0 329.0 20.317819595336914 15.139997482299805 22.35270071029663 2.79811429977417 19.55458641052246
0 330.0 20.384883880615234 15.280903816223145 22.430927515029907 2.8841803073883057 19.5467472076416
0 331.0 20.47463607788086 15.432641983032227 22.50169086456299 3.0094518661499023 19.492238998413086
0 332.0 20.52311134338379 15.538926124572754 22.635724782943726 3.1302831172943115 19.505441665649414
0 333.0 20.53593635559082 15.644978523254395 22.639349937438965 3.2059545516967773 19.433395385742188
0 334.0 20.58172035217285 15.781575202941895 22.744213342666626 3.336824655532837 19.40738868713379
0 335.0 20.58736228942871 15.827587127685547 22.779154300689697 3.4099106788635254 19.369243621826172
0 336.0 20.574298858642578 15.823719024658203 22.779525756835938 3.436037063598633 19.343488693237305
0 337.0 20.687715530395508 15.901373863220215 22.842901468276978 3.518047571182251 19.324853897094727
0 338.0 20.848861694335938 16.032793045043945 22.994553089141846 3.649040699005127 19.34551239013672
0 339.0 21.00505256652832 16.179718017578125 23.170005083084106 3.782120943069458 19.38788414001465
0 340.0 21.158172607421875 16.35295867919922 23.274547338485718 3.9102933406829834 19.364253997802734
0 341.0 21.313817977905273 16.53822135925293 23.409050464630127 4.045368671417236 19.36368179321289
0 342.0 21.48017120361328 16.697731018066406 23.610016345977783 4.238474369049072 19.37154197692871
0 343.0 21.68108558654785 16.88774871826172 23.82975959777832 4.451282501220703 19.378477096557617
0 344.0 21.834684371948242 17.024003982543945 23.98716115951538 4.590257167816162 19.39690399169922
0 345.0 21.96458625793457 17.12799835205078 24.183809280395508 4.776540756225586 19.407268524169922
0 346.0 22.08987045288086 17.225509643554688 24.357542514801025 4.999220371246338 19.358322143554688
0 347.0 22.220413208007812 17.310728073120117 24.536255836486816 5.212033271789551 19.324222564697266
0 348.0 22.26363754272461 17.3070011138916 24.684763431549072 5.364170551300049 19.320592880249023
0 349.0 22.26116943359375 17.290700912475586 24.83674192428589 5.489797115325928 19.34694480895996
0 350.0 22.3087215423584 17.330585479736328 24.938010215759277 5.597002983093262 19.341007232666016
0 351.0 22.39748764038086 17.440006256103516 25.08351707458496 5.690767288208008 19.392749786376953
0 352.0 22.494916915893555 17.548988342285156 25.074554920196533 5.7644829750061035 19.31007194519043
0 353.0 22.617389678955078 17.67669677734375 25.161977767944336 5.878650665283203 19.283327102661133
0 354.0 22.74361801147461 17.774534225463867 25.272706031799316 6.012795448303223 19.259910583496094
0 355.0 22.939937591552734 17.87497901916504 25.535493850708008 6.284332275390625 19.251161575317383
0 356.0 23.128467559814453 17.970008850097656 25.717878341674805 6.511358261108398 19.206520080566406
0 357.0 23.2237606048584 18.038105010986328 25.82907772064209 6.663552284240723 19.165525436401367
0 358.0 23.201047897338867 18.034910202026367 25.884455680847168 6.765368461608887 19.11908721923828
0 359.0 23.18010902404785 18.049184799194336 25.90155792236328 6.863960266113281 19.03759765625
0 360.0 23.227949142456055 18.10360336303711 25.977663040161133 6.9940185546875 18.983644485473633
0 361.0 23.321636199951172 18.143630981445312 26.041470050811768 7.169373035430908 18.87209701538086
0 362.0 23.428926467895508 18.185028076171875 26.17563533782959 7.339646339416504 18.835988998413086
0 363.0 23.587366104125977 18.258285522460938 26.376186847686768 7.6153130531311035 18.760873794555664
0 364.0 23.690397262573242 18.3043155670166 26.49226951599121 7.772016525268555 18.720252990722656
0 365.0 23.698888778686523 18.32672882080078 26.585984706878662 7.913825511932373 18.67215919494629
0 366.0 23.7010440826416 18.35071563720703 26.572348594665527 8.044390678405762 18.527957916259766
1 1.0 20.875185012817383 25.76544952392578 24.867650985717773 8.227176666259766 16.640474319458008
1 2.0 20.85037612915039 25.48447608947754 24.995071411132812 8.383642196655273 16.61142921447754
1 3.0 20.88455581665039 25.23997688293457 25.126657485961914 8.567489624023438 16.559167861938477
1 4.0 20.96856689453125 25.07274627685547 25.27604389190674 8.76318073272705 16.512863159179688
1 5.0 21.02161407470703 24.90939712524414 25.413866996765137 8.954487800598145 16.459379196166992
1 6.0 20.883819580078125 24.6783447265625 25.3958797454834 9.030691146850586 16.365188598632812
1 7.0 20.745697021484375 24.462261199951172 25.375728607177734 9.103273391723633 16.2724552154541
1 8.0 20.63341522216797 24.286590576171875 25.348896980285645 9.199427604675293 16.14946937561035
1 9.0 20.471187591552734 24.069957733154297 25.269777297973633 9.239665985107422 16.03011131286621
1 10.0 20.281494140625 23.82345199584961 25.18429946899414 9.294295310974121 15.89000415802002
1 11.0 20.07129669189453 23.57082748413086 25.075596809387207 9.368001937866211 15.707594871520996
1 12.0 19.85408592224121 23.33257484436035 24.96153736114502 9.435935020446777 15.525602340698242
1 13.0 19.62679100036621 23.099498748779297 24.860097885131836 9.515049934387207 15.345047950744629
1 14.0 19.47662925720215 22.875995635986328 24.75551700592041 9.599321365356445 15.156195640563965
1 15.0 19.341102600097656 22.651567459106445 24.63038730621338 9.677776336669922 14.952610969543457
1 16.0 19.200923919677734 22.419109344482422 24.579463005065918 9.785317420959473 14.794145584106445
1 17.0 19.082847595214844 22.206974029541016 24.547579765319824 9.912630081176758 14.634949684143066
1 18.0 18.927276611328125 21.972888946533203 24.452957153320312 10.02943229675293 14.423524856567383
1 19.0 18.704307556152344 21.70382308959961 24.26866912841797 10.08547306060791 14.183196067810059
1 20.0 18.436996459960938 21.3829345703125 24.101728439331055 10.18539810180664 13.916330337524414
1 21.0 18.134824752807617 21.04909896850586 23.964332580566406 10.277107238769531 13.687225341796875
1 22.0 17.824758529663086 20.7353458404541 23.68097972869873 10.388204574584961 13.29277515411377
1 23.0 17.547945022583008 20.444534301757812 23.334667205810547 10.493437767028809 12.841229438781738
1 24.0 17.288330078125 20.177427291870117 22.930700302124023 10.64205551147461 12.288644790649414
1 25.0 17.055252075195312 19.929443359375 22.584497451782227 10.774940490722656 11.80955696105957
1 26.0 16.889755249023438 19.691593170166016 22.254268646240234 10.896890640258789 11.357378005981445
1 27.0 16.71219825744629 19.462799072265625 22.013548851013184 10.994502067565918 11.019046783447266
1 28.0 16.490692138671875 19.22208023071289 21.70786476135254 11.107062339782715 10.600802421569824
1 29.0 16.209699630737305 18.9529972076416 21.158082008361816 11.21302604675293 9.945055961608887
1 30.0 15.933027267456055 18.753860473632812 20.63604736328125 11.28292465209961 9.35312271118164
1 31.0 15.685489654541016 18.58074188232422 20.195152282714844 11.386459350585938 8.808692932128906
1 32.0 15.412569046020508 18.375431060791016 19.59740924835205 11.50848388671875 8.0889253616333
1 33.0 15.137439727783203 18.185447692871094 18.95500135421753 11.64627742767334 7.3087239265441895
1 34.0 14.848410606384277 18.005250930786133 18.2641863822937 11.714971542358398 6.549214839935303
1 35.0 14.613019943237305 17.864336013793945 17.728246212005615 11.740388870239258 5.987857341766357
1 36.0 14.468765258789062 17.79044532775879 17.35062313079834 11.78097915649414 5.569643974304199
1 37.0 14.372445106506348 17.737241744995117 16.99373960494995 11.856165885925293 5.137573719024658
1 38.0 14.264370918273926 17.685617446899414 16.533121585845947 11.929612159729004 4.603509426116943
1 39.0 14.14064884185791 17.626298904418945 16.07065773010254 12.0061616897583 4.064496040344238
1 40.0 14.015259742736816 17.561830520629883 15.784581661224365 12.110880851745605 3.6737008094787598
1 41.0 13.90625286102295 17.51193618774414 15.566695928573608 12.210403442382812 3.356292486190796
1 42.0 13.823877334594727 17.474441528320312 15.2684166431427 12.282868385314941 2.985548257827759
1 43.0 13.739587783813477 17.468103408813477 15.011645317077637 12.355923652648926 2.655721664428711
1 44.0 13.631754875183105 17.467052459716797 14.78918743133545 12.366105079650879 2.4230823516845703
1 45.0 13.510686874389648 17.451974868774414 14.606631994247437 12.405193328857422 2.2014386653900146
1 46.0 13.452434539794922 17.46731185913086 14.435712695121765 12.457746505737305 1.9779661893844604
1 47.0 13.406371116638184 17.49311065673828 14.33825945854187 12.555607795715332 1.782651662826538
1 48.0 13.385891914367676 17.542861938476562 14.227578520774841 12.616732597351074 1.610845923423767
1 49.0 13.366830825805664 17.596200942993164 14.094207167625427 12.693414688110352 1.4007924795150757
1 50.0 13.356160163879395 17.65309715270996 14.035510182380676 12.773909568786621 1.2616006135940552
1 51.0 13.343085289001465 17.73984718322754 13.963687896728516 12.82096004486084 1.1427278518676758
1 52.0 13.313153266906738 17.82003402709961 13.96109688282013 12.880895614624023 1.080201268196106
1 53.0 13.330545425415039 17.911121368408203 13.928622603416443 12.920113563537598 1.0085090398788452
1 54.0 13.317461013793945 18.01681137084961 13.905632495880127 12.979321479797363 0.9263110160827637
1 55.0 13.307550430297852 18.112201690673828 13.876961767673492 12.992716789245605 0.884244978427887
1 56.0 13.294488906860352 18.196456909179688 13.863832116127014 13.030208587646484 0.8336235284805298
1 57.0 13.24893856048584 18.24172019958496 13.832345187664032 13.051732063293457 0.780613124370575
1 58.0 13.178777694702148 18.26348304748535 13.798245906829834 13.051365852355957 0.746880054473877
1 59.0 13.139607429504395 18.230587005615234 13.881084263324738 13.157427787780762 0.7236564755439758
1 60.0 13.13290786743164 18.246074676513672 13.920402348041534 13.252520561218262 0.6678817868232727
1 61.0 13.2383394241333 18.358104705810547 13.94766628742218 13.30445384979248 0.6432124376296997
1 62.0 13.312379837036133 18.448150634765625 13.999345362186432 13.399188995361328 0.6001563668251038
1 63.0 13.367364883422852 18.522916793823242 14.038501977920532 13.461267471313477 0.5772345066070557
1 64.0 13.305651664733887 18.587902069091797 14.04338163137436 13.478425979614258 0.5649556517601013
1 65.0 13.18764591217041 18.60363006591797 14.012850940227509 13.459805488586426 0.5530454516410828
1 66.0 13.132503509521484 18.618896484375 13.999876618385315 13.468506813049316 0.5313698053359985
1 67.0 13.120183944702148 18.706764221191406 14.029150128364563 13.522826194763184 0.5063239336013794
1 68.0 13.111071586608887 18.823883056640625 13.967745184898376 13.48417854309082 0.48356664180755615
1 69.0 13.104671478271484 18.906293869018555 13.994655728340149 13.531408309936523 0.4632474184036255
1 70.0 13.088740348815918 18.990781784057617 13.957891523838043 13.515393257141113 0.44249826669692993
1 71.0 13.064563751220703 19.00413703918457 13.919205129146576 13.490400314331055 0.42880481481552124
1 72.0 13.07747745513916 19.02670669555664 13.905712455511093 13.487056732177734 0.41865572333335876
1 73.0 13.149126052856445 19.166231155395508 13.940655946731567 13.532562255859375 0.4080936908721924
1 74.0 13.222074508666992 19.300378799438477 14.044327288866043 13.641571998596191 0.4027552902698517
1 75.0 13.295732498168945 19.433488845825195 14.124482899904251 13.729122161865234 0.3953607380390167
1 76.0 13.377387046813965 19.569190979003906 14.208083540201187 13.82383918762207 0.3842443525791168
1 77.0 13.445975303649902 19.681793212890625 14.283926546573639 13.921366691589355 0.36255985498428345
1 78.0 13.506011962890625 19.80232048034668 14.317803144454956 13.963662147521973 0.3541409969329834
1 79.0 13.435769081115723 19.872135162353516 14.277101337909698 13.937277793884277 0.33982354402542114
1 80.0 13.311826705932617 19.916519165039062 14.165277630090714 13.838160514831543 0.32711711525917053
1 81.0 13.198654174804688 19.94281005859375 14.11234512925148 13.798346519470215 0.31399860978126526
1 82.0 13.157931327819824 20.01608657836914 14.089478343725204 13.78821849822998 0.301259845495224
1 83.0 13.142370223999023 20.139694213867188 14.093801707029343 13.798996925354004 0.29480478167533875
1 84.0 13.14241886138916 20.230628967285156 14.061275005340576 13.775554656982422 0.2857203483581543
1 85.0 13.170226097106934 20.3322696685791 14.046183854341507 13.765616416931152 0.2805674374103546
1 86.0 13.182855606079102 20.415374755859375 14.061788856983185 13.78772258758545 0.2740662693977356
1 87.0 13.189281463623047 20.482812881469727 14.097773849964142 13.826391220092773 0.2713826298713684
1 88.0 13.173296928405762 20.54856300354004 14.111240774393082 13.847627639770508 0.26361313462257385
1 89.0 13.202942848205566 20.625558853149414 14.138844758272171 13.893138885498047 0.24570587277412415
1 90.0 13.284119606018066 20.747173309326172 14.184244737029076 13.945186614990234 0.23905812203884125
1 91.0 13.363070487976074 20.88294792175293 14.272649019956589 14.037252426147461 0.2353965938091278
1 92.0 13.376729965209961 21.001140594482422 14.2886533588171 14.059185981750488 0.22946737706661224
1 93.0 13.383977890014648 21.10830307006836 14.29011446237564 14.065217018127441 0.22489744424819946
1 94.0 13.412210464477539 21.202733993530273 14.35389843583107 14.131805419921875 0.22209301590919495
1 95.0 13.455038070678711 21.304767608642578 14.350702732801437 14.131424903869629 0.21927782893180847
1 96.0 13.463516235351562 21.3978271484375 14.369465187191963 14.150556564331055 0.2189086228609085
1 97.0 13.447546005249023 21.479639053344727 14.334949001669884 14.134061813354492 0.20088718831539154
1 98.0 13.414091110229492 21.5191650390625 14.331902280449867 14.15424633026123 0.17765595018863678
1 99.0 13.441885948181152 21.598447799682617 14.322131335735321 14.162153244018555 0.15997809171676636
1 100.0 13.488482475280762 21.711511611938477 14.366388350725174 14.215778350830078 0.15060999989509583
1 101.0 13.524038314819336 21.82202911376953 14.372439295053482 14.224813461303711 0.14762583374977112
1 102.0 13.485358238220215 21.91606330871582 14.358193546533585 14.209243774414062 0.1489497721195221
1 103.0 13.458179473876953 21.999948501586914 14.367326498031616 14.217934608459473 0.14939188957214355
1 104.0 13.483234405517578 22.110218048095703 14.40095303952694 14.251203536987305 0.1497495025396347
1 105.0 13.521109580993652 22.230844497680664 14.430605590343475 14.287710189819336 0.1428954005241394
1 106.0 13.556102752685547 22.355552673339844 14.452344968914986 14.32101821899414 0.13132674992084503
1 107.0 13.619948387145996 22.477001190185547 14.510954141616821 14.384669303894043 0.12628483772277832
1 108.0 13.66092586517334 22.57148551940918 14.581306293606758 14.459693908691406 0.12161238491535187
1 109.0 13.699607849121094 22.654136657714844 14.614365488290787 14.492559432983398 0.1218060553073883
1 110.0 13.725431442260742 22.752910614013672 14.655122146010399 14.538174629211426 0.11694751679897308
1 111.0 13.761150360107422 22.871397018432617 14.686020135879517 14.571990966796875 0.1140291690826416
1 112.0 13.74630069732666 22.956159591674805 14.634911686182022 14.528846740722656 0.10606494545936584
1 113.0 13.710680961608887 22.988882064819336 14.636114344000816 14.530624389648438 0.10548995435237885
1 114.0 13.65446949005127 23.012374877929688 14.579574301838875 14.475373268127441 0.10420103371143341
1 115.0 13.583955764770508 23.07905387878418 14.490148305892944 14.386574745178223 0.10357356071472168
1 116.0 13.52831745147705 23.136695861816406 14.459617331624031 14.355600357055664 0.104016974568367
1 117.0 13.525410652160645 23.201852798461914 14.452072575688362 14.347418785095215 0.10465379059314728
1 118.0 13.573580741882324 23.30363655090332 14.462999850511551 14.35925006866455 0.10374978184700012
1 119.0 13.60197639465332 23.404216766357422 14.510799691081047 14.40184211730957 0.10895757377147675
1 120.0 13.604583740234375 23.488725662231445 14.534231051802635 14.41711711883545 0.11711393296718597
1 121.0 13.61046314239502 23.572769165039062 14.502422451972961 14.380380630493164 0.12204182147979736
1 122.0 13.58361530303955 23.634199142456055 14.505229830741882 14.377857208251953 0.1273726224899292
1 123.0 13.513429641723633 23.63749885559082 14.528824105858803 14.386553764343262 0.14227034151554108
1 124.0 13.50251579284668 23.69269371032715 14.577421799302101 14.431656837463379 0.14576496183872223
1 125.0 13.540132522583008 23.793977737426758 14.612236753106117 14.464221000671387 0.14801575243473053
1 126.0 13.562728881835938 23.892066955566406 14.634116232395172 14.485044479370117 0.14907175302505493
1 127.0 13.57645034790039 23.995662689208984 14.675386503338814 14.524616241455078 0.15077026188373566
1 128.0 13.56357479095459 24.077341079711914 14.675555765628815 14.517608642578125 0.1579471230506897
1 129.0 13.535167694091797 24.155065536499023 14.646621450781822 14.488869667053223 0.15775178372859955
1 130.0 13.45694637298584 24.20069122314453 14.625765472650528 14.471487045288086 0.15427842736244202
1 131.0 13.347079277038574 24.21080207824707 14.485910311341286 14.334511756896973 0.15139855444431305
1 132.0 13.263087272644043 24.209354400634766 14.30147698521614 14.150634765625 0.15084221959114075
1 133.0 13.246582984924316 24.246192932128906 14.272396385669708 14.112671852111816 0.15972453355789185
1 134.0 13.289244651794434 24.311992645263672 14.281448170542717 14.097844123840332 0.18360404670238495
1 135.0 13.324813842773438 24.387948989868164 14.312550455331802 14.104362487792969 0.20818796753883362
1 136.0 13.303916931152344 24.438756942749023 14.325513496994972 14.088034629821777 0.23747886717319489
1 137.0 13.241907119750977 24.444429397583008 14.273925006389618 14.021800994873047 0.25212401151657104
1 138.0 13.218541145324707 24.496936798095703 14.268404394388199 13.996624946594238 0.27177944779396057
1 139.0 13.232721328735352 24.57549285888672 14.24012702703476 13.92847728729248 0.31164973974227905
1 140.0 13.233378410339355 24.63410186767578 14.227347820997238 13.88646411895752 0.34088370203971863
1 141.0 13.205001831054688 24.647966384887695 14.237886637449265 13.85741138458252 0.380475252866745
1 142.0 13.118271827697754 24.64829444885254 14.138835996389389 13.735432624816895 0.4034033715724945
1 143.0 13.072649955749512 24.70121955871582 14.042363315820694 13.60877513885498 0.4335881769657135
1 144.0 13.085161209106445 24.763656616210938 14.02745509147644 13.56459903717041 0.4628560543060303
1 145.0 13.074233055114746 24.798276901245117 13.979164153337479 13.490863800048828 0.4883003532886505
1 146.0 13.059943199157715 24.86232566833496 13.955618917942047 13.42847728729248 0.5271416306495667
1 147.0 13.050798416137695 24.92394256591797 13.961587250232697 13.396510124206543 0.5650771260261536
1 148.0 13.039642333984375 24.98053550720215 13.922860503196716 13.32674789428711 0.5961126089096069
1 149.0 13.048286437988281 25.01283073425293 13.924572885036469 13.301614761352539 0.6229581236839294
1 150.0 13.058147430419922 25.03287124633789 13.937476634979248 13.296098709106445 0.6413779258728027
1 151.0 13.099443435668945 25.121187210083008 13.957489609718323 13.294637680053711 0.6628519296646118
1 152.0 13.115704536437988 25.205467224121094 13.956722915172577 13.284490585327148 0.6722323298454285
1 153.0 13.102676391601562 25.26561164855957 13.933077871799469 13.261626243591309 0.6714516282081604
1 154.0 13.110885620117188 25.310094833374023 13.96038031578064 13.251781463623047 0.7085988521575928
1 155.0 13.146017074584961 25.33217430114746 13.986451148986816 13.259010314941406 0.7274408340454102
1 156.0 13.161850929260254 25.353883743286133 14.007395625114441 13.237390518188477 0.7700051069259644
1 157.0 13.171135902404785 25.360525131225586 14.0200914144516 13.226075172424316 0.7940162420272827
1 158.0 13.209617614746094 25.409658432006836 14.012767374515533 13.194337844848633 0.8184295296669006
1 159.0 13.25047779083252 25.46578025817871 14.083413422107697 13.191228866577148 0.8921845555305481
1 160.0 13.296124458312988 25.5068359375 14.172098577022552 13.21875 0.9533485770225525
1 161.0 13.308431625366211 25.525529861450195 14.223831355571747 13.227289199829102 0.9965421557426453
1 162.0 13.29172134399414 25.51923370361328 14.25627875328064 13.209981918334961 1.0462968349456787
1 163.0 13.278582572937012 25.512706756591797 14.303570985794067 13.220694541931152 1.082876443862915
1 164.0 13.259660720825195 25.510473251342773 14.315579771995544 13.217565536499023 1.098014235496521
1 165.0 13.267671585083008 25.528501510620117 14.311861038208008 13.179710388183594 1.132150650024414
1 166.0 13.286580085754395 25.568038940429688 14.324764966964722 13.147843360900879 1.1769216060638428
1 167.0 13.280080795288086 25.586517333984375 14.33476436138153 13.124923706054688 1.2098406553268433
1 168.0 13.263123512268066 25.590408325195312 14.380069375038147 13.124083518981934 1.2559858560562134
1 169.0 13.243159294128418 25.57893943786621 14.410646796226501 13.121604919433594 1.2890418767929077
1 170.0 13.230253219604492 25.561616897583008 14.409831285476685 13.07177734375 1.3380539417266846
1 171.0 13.221006393432617 25.560701370239258 14.403930425643921 13.026666641235352 1.3772637844085693
1 172.0 13.203218460083008 25.575576782226562 14.38827896118164 12.993579864501953 1.3946990966796875
1 173.0 13.202646255493164 25.606122970581055 14.400643467903137 12.961556434631348 1.4390870332717896
1 174.0 13.220669746398926 25.624956130981445 14.44165050983429 12.933187484741211 1.5084630250930786
1 175.0 13.282224655151367 25.650789260864258 14.520009875297546 12.911745071411133 1.6082648038864136
1 176.0 13.330207824707031 25.675512313842773 14.59403121471405 12.909527778625488 1.684503436088562
1 177.0 13.366755485534668 25.674524307250977 14.67063045501709 12.91191291809082 1.7587175369262695
1 178.0 13.363455772399902 25.629474639892578 14.720363140106201 12.911935806274414 1.808427333831787
1 179.0 13.37966251373291 25.56998634338379 14.77102017402649 12.873677253723145 1.8973429203033447
1 180.0 13.414076805114746 25.56346893310547 14.807453155517578 12.828067779541016 1.9793853759765625
1 181.0 13.492868423461914 25.57515525817871 14.917815685272217 12.785834312438965 2.131981372833252
1 182.0 13.567209243774414 25.604082107543945 15.016815900802612 12.775718688964844 2.2410972118377686
1 183.0 13.617006301879883 25.611515045166016 15.075672626495361 12.727876663208008 2.3477959632873535
1 184.0 13.677242279052734 25.59205436706543 15.132267713546753 12.667204856872559 2.4650628566741943
1 185.0 13.756124496459961 25.557344436645508 15.270617485046387 12.643363952636719 2.627253532409668
1 186.0 13.838757514953613 25.521282196044922 15.418821096420288 12.604548454284668 2.81427264213562
1 187.0 13.892105102539062 25.49286460876465 15.50432562828064 12.560164451599121 2.9441611766815186
1 188.0 13.938746452331543 25.467411041259766 15.587552547454834 12.509546279907227 3.0780062675476074
1 189.0 13.980958938598633 25.449501037597656 15.758501052856445 12.492647171020508 3.2658538818359375
1 190.0 14.012591361999512 25.43449592590332 15.812166690826416 12.451379776000977 3.3607869148254395
1 191.0 14.059514045715332 25.413978576660156 15.920482397079468 12.446898460388184 3.473583936691284
1 192.0 14.167919158935547 25.384963989257812 16.089726209640503 12.423558235168457 3.666167974472046
1 193.0 14.276800155639648 25.37832260131836 16.191657781600952 12.365395545959473 3.8262622356414795
1 194.0 14.351493835449219 25.35358238220215 16.26063346862793 12.302346229553223 3.958287239074707
1 195.0 14.452857971191406 25.33122444152832 16.336371898651123 12.235245704650879 4.101126194000244
1 196.0 14.636829376220703 25.329021453857422 16.557713508605957 12.19200325012207 4.365710258483887
1 197.0 14.810712814331055 25.32184600830078 16.709964752197266 12.131993293762207 4.577971458435059
1 198.0 14.906886100769043 25.28353500366211 16.79836368560791 12.091752052307129 4.706611633300781
1 199.0 14.98757553100586 25.21296501159668 16.891042232513428 12.030898094177246 4.860144138336182
1 200.0 15.009204864501953 25.136016845703125 16.916542053222656 11.972524642944336 4.94401741027832
1 201.0 15.06557846069336 25.051776885986328 17.046908378601074 11.9613676071167 5.085540771484375
1 202.0 15.174826622009277 24.972938537597656 17.187459468841553 11.938279151916504 5.249180316925049
1 203.0 15.285022735595703 24.910011291503906 17.345853805541992 11.905133247375488 5.440720558166504
1 204.0 15.38337516784668 24.81648826599121 17.52198314666748 11.842209815979004 5.679773330688477
1 205.0 15.493631362915039 24.73000717163086 17.62261724472046 11.76865005493164 5.853967189788818
1 206.0 15.577203750610352 24.657899856567383 17.68805456161499 11.727500915527344 5.9605536460876465
1 207.0 15.61939811706543 24.546024322509766 17.795390605926514 11.71436882019043 6.081021785736084
1 208.0 15.629514694213867 24.444055557250977 17.883765697479248 11.68028450012207 6.203481197357178
1 209.0 15.674317359924316 24.354013442993164 17.938711166381836 11.628458023071289 6.310253143310547
1 210.0 15.708257675170898 24.237520217895508 18.002716541290283 11.584988594055176 6.417727947235107
1 211.0 15.734834671020508 24.089706420898438 18.090771675109863 11.541641235351562 6.549130439758301
1 212.0 15.772658348083496 23.956832885742188 18.140865802764893 11.525690078735352 6.615175724029541
1 213.0 15.813186645507812 23.8411865234375 18.220895290374756 11.482528686523438 6.738366603851318
1 214.0 15.865081787109375 23.72614860534668 18.305593490600586 11.428586959838867 6.877006530761719
1 215.0 15.93284797668457 23.604446411132812 18.400293827056885 11.35782527923584 7.042468547821045
1 216.0 16.03131103515625 23.460973739624023 18.565904140472412 11.319923400878906 7.245980739593506
1 217.0 16.156944274902344 23.328289031982422 18.7691330909729 11.31085205078125 7.45828104019165
1 218.0 16.27348518371582 23.220712661743164 18.927800178527832 11.287079811096191 7.640720367431641
1 219.0 16.355682373046875 23.096433639526367 19.01356267929077 11.237504005432129 7.776058673858643
1 220.0 16.412109375 22.956174850463867 18.999802112579346 11.098325729370117 7.9014763832092285
1 221.0 16.481172561645508 22.820999145507812 19.057491302490234 11.026021957397461 8.031469345092773
1 222.0 16.58582305908203 22.666292190551758 19.191027641296387 10.96523666381836 8.225790977478027
1 223.0 16.64179039001465 22.50448226928711 19.20723247528076 10.869698524475098 8.337533950805664
1 224.0 16.692846298217773 22.346811294555664 19.23977756500244 10.75312614440918 8.486651420593262
1 225.0 16.808452606201172 22.18189239501953 19.355738639831543 10.676613807678223 8.67912483215332
1 226.0 16.8935546875 21.99489402770996 19.477417945861816 10.632309913635254 8.845108032226562
1 227.0 17.00031852722168 21.80226707458496 19.60191535949707 10.554277420043945 9.047637939453125
1 228.0 17.080326080322266 21.613422393798828 19.722750663757324 10.508500099182129 9.214250564575195
1 229.0 17.100757598876953 21.427749633789062 19.80949592590332 10.438359260559082 9.371136665344238
1 230.0 17.130178451538086 21.24116325378418 19.88366985321045 10.366170883178711 9.517498970031738
1 231.0 17.113624572753906 21.021177291870117 19.920222282409668 10.301543235778809 9.61867904663086
1 232.0 17.046293258666992 20.769847869873047 19.887666702270508 10.215201377868652 9.672465324401855
1 233.0 16.97820281982422 20.489456176757812 19.951285362243652 10.149855613708496 9.801429748535156
1 234.0 16.953580856323242 20.190710067749023 20.02716064453125 10.079367637634277 9.947793006896973
1 235.0 16.902769088745117 19.890853881835938 20.096816062927246 9.998326301574707 10.098489761352539
1 236.0 16.89835548400879 19.604808807373047 20.166573524475098 9.887630462646484 10.278943061828613
1 237.0 17.044734954833984 19.366724014282227 20.314977645874023 9.788056373596191 10.526921272277832
1 238.0 17.192462921142578 19.166269302368164 20.41616725921631 9.67989730834961 10.7362699508667
1 239.0 17.28620147705078 18.95319366455078 20.501795768737793 9.582448959350586 10.919346809387207
1 240.0 17.328495025634766 18.71527099609375 20.582015991210938 9.45254135131836 11.129474639892578
1 241.0 17.285940170288086 18.444210052490234 20.613601684570312 9.343223571777344 11.270378112792969
1 242.0 17.256019592285156 18.17725372314453 20.72079563140869 9.25402545928955 11.46677017211914
1 243.0 17.22156524658203 17.906139373779297 20.70902919769287 9.092131614685059 11.616897583007812
1 244.0 17.220684051513672 17.65979766845703 20.588163375854492 8.876933097839355 11.711230278015137
1 245.0 17.270084381103516 17.447521209716797 20.60549259185791 8.686528205871582 11.918964385986328
1 246.0 17.29341697692871 17.237462997436523 20.601163864135742 8.516301155090332 12.08486270904541
1 247.0 17.247024536132812 17.032943725585938 20.443906784057617 8.302417755126953 12.141489028930664
1 248.0 17.22330093383789 16.844276428222656 20.391837120056152 8.115970611572266 12.275866508483887
1 249.0 17.260944366455078 16.68684959411621 20.39321994781494 7.934142112731934 12.459077835083008
1 250.0 17.35082244873047 16.505443572998047 20.519371509552002 7.774101734161377 12.745269775390625
1 251.0 17.458499908447266 16.323810577392578 20.589332103729248 7.610095500946045 12.979236602783203
1 252.0 17.525341033935547 16.16370964050293 20.569279193878174 7.451752185821533 13.11752700805664
1 253.0 17.643901824951172 16.059171676635742 20.57737112045288 7.242801189422607 13.334569931030273
1 254.0 17.702774047851562 15.93635368347168 20.57039785385132 7.066309452056885 13.504088401794434
1 255.0 17.67472267150879 15.784585952758789 20.50791883468628 6.887037754058838 13.620881080627441
1 256.0 17.65604019165039 15.631991386413574 20.448694229125977 6.7296247482299805 13.719069480895996
1 257.0 17.720237731933594 15.484865188598633 20.439012050628662 6.570101261138916 13.868910789489746
1 258.0 17.75544548034668 15.34872817993164 20.44245719909668 6.431669235229492 14.010787963867188
1 259.0 17.769065856933594 15.207783699035645 20.434709072113037 6.294875621795654 14.139833450317383
1 260.0 17.796703338623047 15.093008041381836 20.447810173034668 6.172623634338379 14.275186538696289
1 261.0 17.814292907714844 15.002117156982422 20.42250347137451 6.05860710144043 14.363896369934082
1 262.0 17.798843383789062 14.87786865234375 20.380055904388428 5.927428722381592 14.452627182006836
1 263.0 17.823341369628906 14.721704483032227 20.47051763534546 5.823331356048584 14.647186279296875
1 264.0 17.88555335998535 14.549076080322266 20.54071044921875 5.7164411544799805 14.82426929473877
1 265.0 17.895038604736328 14.38602066040039 20.579630374908447 5.623114109039307 14.95651626586914
1 266.0 17.882644653320312 14.272729873657227 20.587678909301758 5.554074287414551 15.033604621887207
1 267.0 17.904773712158203 14.172971725463867 20.568721294403076 5.465272426605225 15.103448867797852
1 268.0 17.893156051635742 14.08669376373291 20.578839778900146 5.369104862213135 15.209734916687012
1 269.0 17.875444412231445 14.006208419799805 20.664753913879395 5.299982070922852 15.364771842956543
1 270.0 17.905677795410156 13.946163177490234 20.732529640197754 5.209993362426758 15.522536277770996
1 271.0 17.914562225341797 13.886744499206543 20.68100881576538 5.082518100738525 15.598490715026855
1 272.0 17.826087951660156 13.81080436706543 20.62918758392334 4.954366683959961 15.674820899963379
1 273.0 17.71744728088379 13.723918914794922 20.565866470336914 4.819145202636719 15.746721267700195
1 274.0 17.578886032104492 13.628398895263672 20.446425437927246 4.710870742797852 15.735554695129395
1 275.0 17.455808639526367 13.511571884155273 20.388655185699463 4.605268955230713 15.78338623046875
1 276.0 17.39288902282715 13.389034271240234 20.445350170135498 4.5492777824401855 15.896072387695312
1 277.0 17.412702560424805 13.314308166503906 20.50317144393921 4.476954936981201 16.026216506958008
1 278.0 17.512611389160156 13.306587219238281 20.55577278137207 4.391937255859375 16.163835525512695
1 279.0 17.648900985717773 13.321954727172852 20.598050594329834 4.313012599945068 16.285037994384766
1 280.0 17.766645431518555 13.341301918029785 20.63474130630493 4.249485492706299 16.385255813598633
1 281.0 17.842288970947266 13.31546688079834 20.63560724258423 4.152340412139893 16.483266830444336
1 282.0 17.855798721313477 13.273660659790039 20.658604621887207 4.045504570007324 16.613100051879883
1 283.0 17.819984436035156 13.245917320251465 20.586713314056396 3.9558253288269043 16.630887985229492
1 284.0 17.83580780029297 13.238344192504883 20.61132025718689 3.877713918685913 16.733606338500977
1 285.0 17.811689376831055 13.189741134643555 20.618085861206055 3.8262386322021484 16.791847229003906
1 286.0 17.76319694519043 13.099479675292969 20.659966945648193 3.762521266937256 16.897445678710938
1 287.0 17.796707153320312 13.040056228637695 20.70114779472351 3.7002761363983154 17.000871658325195
1 288.0 17.814430236816406 13.013147354125977 20.684412479400635 3.637657642364502 17.046754837036133
1 289.0 17.851123809814453 13.050430297851562 20.75391387939453 3.5603904724121094 17.193523406982422
1 290.0 17.96907615661621 13.090667724609375 20.76842212677002 3.474390983581543 17.294031143188477
1 291.0 17.998329162597656 13.134603500366211 20.775413274765015 3.3585431575775146 17.4168701171875
1 292.0 18.012065887451172 13.158697128295898 20.738611936569214 3.24432635307312 17.494285583496094
1 293.0 18.06789207458496 13.19103717803955 20.73897933959961 3.1616783142089844 17.577301025390625
1 294.0 18.108455657958984 13.207975387573242 20.6956844329834 3.07281494140625 17.62286949157715
1 295.0 18.105260848999023 13.211041450500488 20.669223070144653 2.9861576557159424 17.68306541442871
1 296.0 18.106639862060547 13.214695930480957 20.697385787963867 2.9217147827148438 17.775671005249023
1 297.0 18.121469497680664 13.220891952514648 20.684228658676147 2.853292226791382 17.830936431884766
1 298.0 18.176816940307617 13.251014709472656 20.709375619888306 2.814607858657837 17.89476776123047
1 299.0 18.208059310913086 13.272928237915039 20.80739188194275 2.7917287349700928 18.015663146972656
1 300.0 18.271024703979492 13.306164741516113 20.843830823898315 2.763012647628784 18.08081817626953
1 301.0 18.30532455444336 13.345169067382812 20.85461163520813 2.721450090408325 18.133161544799805
1 302.0 18.339950561523438 13.382372856140137 20.875033140182495 2.6746623516082764 18.20037078857422
1 303.0 18.365886688232422 13.398726463317871 20.865642070770264 2.6223883628845215 18.243253707885742
1 304.0 18.389829635620117 13.423555374145508 20.909492015838623 2.5925421714782715 18.31694984436035
1 305.0 18.45194435119629 13.469350814819336 20.967747688293457 2.57241153717041 18.395336151123047
1 306.0 18.49924087524414 13.509344100952148 21.07131576538086 2.5549659729003906 18.51634979248047
1 307.0 18.58134651184082 13.560145378112793 21.103451251983643 2.539412021636963 18.56403923034668
1 308.0 18.640451431274414 13.621047019958496 21.173850536346436 2.5323710441589355 18.6414794921875
1 309.0 18.680116653442383 13.660934448242188 21.280486583709717 2.513200283050537 18.76728630065918
1 310.0 18.716094970703125 13.666548728942871 21.347530841827393 2.5027661323547363 18.844764709472656
1 311.0 18.758283615112305 13.693038940429688 21.399192571640015 2.4786832332611084 18.920509338378906
1 312.0 18.7922420501709 13.759632110595703 21.389756202697754 2.4717512130737305 18.918004989624023
1 313.0 18.76464080810547 13.791145324707031 21.47743558883667 2.4640440940856934 19.013391494750977
1 314.0 18.729936599731445 13.815704345703125 21.509355306625366 2.439077138900757 19.07027816772461
1 315.0 18.754236221313477 13.883755683898926 21.511446714401245 2.4182517528533936 19.09319496154785
1 316.0 18.799301147460938 13.970230102539062 21.55368208885193 2.3856828212738037 19.167999267578125
1 317.0 18.887176513671875 14.064226150512695 21.565460920333862 2.3748042583465576 19.190656661987305
1 318.0 19.013412475585938 14.14667797088623 21.644781589508057 2.3589730262756348 19.285808563232422
1 319.0 19.082229614257812 14.246622085571289 21.631345510482788 2.3386895656585693 19.29265594482422
1 320.0 19.094579696655273 14.363456726074219 21.654526233673096 2.3069005012512207 19.347625732421875
1 321.0 19.150461196899414 14.469436645507812 21.739070892333984 2.3077545166015625 19.431316375732422
1 322.0 19.296157836914062 14.66424560546875 21.829176902770996 2.381209373474121 19.447967529296875
1 323.0 19.470781326293945 14.872941970825195 21.927108764648438 2.4818954467773438 19.445213317871094
1 324.0 19.587215423583984 15.013606071472168 22.032084226608276 2.4870803356170654 19.54500389099121
1 325.0 19.651222229003906 15.143363952636719 22.024113416671753 2.487177610397339 19.536935806274414
1 326.0 19.710411071777344 15.351188659667969 22.101391553878784 2.557459592819214 19.54393196105957
1 327.0 19.749162673950195 15.455526351928711 22.100292682647705 2.5967488288879395 19.503543853759766
1 328.0 19.74794578552246 15.539135932922363 22.078710794448853 2.647016763687134 19.43169403076172
1 329.0 19.76337432861328 15.658804893493652 22.068862199783325 2.6943485736846924 19.374513626098633
1 330.0 19.83827018737793 15.852692604064941 22.154826641082764 2.7689948081970215 19.385831832885742
1 331.0 19.912109375 16.000198364257812 22.220022678375244 2.8312954902648926 19.38872718811035
1 332.0 19.907445907592773 16.055139541625977 22.25907015800476 2.858025312423706 19.401044845581055
1 333.0 19.89319610595703 16.091577529907227 22.261062145233154 2.917815685272217 19.343246459960938
1 334.0 19.93524742126465 16.134265899658203 22.33493971824646 2.943986654281616 19.390953063964844
1 335.0 20.04790496826172 16.234397888183594 22.371981620788574 2.9864015579223633 19.38558006286621
1 336.0 20.1543025970459 16.414892196655273 22.48735237121582 3.1021251678466797 19.38522720336914
1 337.0 20.30421257019043 16.6173095703125 22.643791675567627 3.2636494636535645 19.380142211914062
1 338.0 20.448144912719727 16.8045597076416 22.71329975128174 3.3319997787475586 19.38129997253418
1 339.0 20.52017593383789 16.97228240966797 22.716664791107178 3.368752956390381 19.347911834716797
1 340.0 20.520231246948242 17.06755828857422 22.67854356765747 3.39811372756958 19.28042984008789
1 341.0 20.541427612304688 17.135143280029297 22.71631145477295 3.4777517318725586 19.23855972290039
1 342.0 20.576416015625 17.195053100585938 22.871949911117554 3.5796430110931396 19.292306900024414
1 343.0 20.555063247680664 17.25965118408203 22.885687589645386 3.6340415477752686 19.251646041870117
1 344.0 20.48190689086914 17.29744529724121 22.81464433670044 3.5822415351867676 19.232402801513672
1 345.0 20.414308547973633 17.335378646850586 22.809893131256104 3.58170747756958 19.228185653686523
1 346.0 20.43351936340332 17.34164810180664 22.869803428649902 3.6705198287963867 19.199283599853516
1 347.0 20.554031372070312 17.40644645690918 22.88361382484436 3.7465460300445557 19.137067794799805
1 348.0 20.676164627075195 17.499006271362305 23.02557921409607 3.900869131088257 19.124710083007812
1 349.0 20.75227165222168 17.560951232910156 23.14538049697876 4.014536380767822 19.130844116210938
1 350.0 20.82977294921875 17.612329483032227 23.27085256576538 4.122334957122803 19.148517608642578
1 351.0 20.877025604248047 17.646055221557617 23.365477561950684 4.308035850524902 19.05744171142578
1 352.0 20.993061065673828 17.74677848815918 23.540172576904297 4.543752670288086 18.99641990661621
1 353.0 21.072860717773438 17.825031280517578 23.680930137634277 4.730982780456543 18.949947357177734
1 354.0 21.09690284729004 17.7994384765625 23.748956203460693 4.852759838104248 18.896196365356445
1 355.0 21.158220291137695 17.813819885253906 23.85420513153076 5.021376609802246 18.832828521728516
1 356.0 21.26333999633789 17.864315032958984 23.99811029434204 5.197220325469971 18.80088996887207
1 357.0 21.415721893310547 17.920391082763672 24.15534782409668 5.385692596435547 18.769655227661133
1 358.0 21.56053924560547 17.985565185546875 24.33812141418457 5.575300216674805 18.762821197509766
1 359.0 21.709199905395508 18.09128189086914 24.493106365203857 5.745021343231201 18.748085021972656
1 360.0 21.96841812133789 18.21674919128418 24.766709327697754 6.031285285949707 18.735424041748047
1 361.0 22.27402687072754 18.362911224365234 25.066114902496338 6.3669209480285645 18.699193954467773
1 362.0 22.479888916015625 18.479028701782227 25.315884590148926 6.653780937194824 18.6621036529541
1 363.0 22.586082458496094 18.541885375976562 25.482994556427002 6.874945163726807 18.608049392700195
1 364.0 22.726181030273438 18.597145080566406 25.639030933380127 7.075010776519775 18.56402015686035
1 365.0 22.7974910736084 18.64084243774414 25.724406242370605 7.203864097595215 18.52054214477539
1 366.0 22.764995574951172 18.644100189208984 25.7191424369812 7.2709784507751465 18.448163986206055
2 1.0 20.863277435302734 25.74808120727539 24.859116554260254 8.217795372009277 16.641321182250977
2 2.0 20.842683792114258 25.452499389648438 24.96302890777588 8.349677085876465 16.613351821899414
2 3.0 20.87991714477539 25.242399215698242 25.113450050354004 8.540511131286621 16.572938919067383
2 4.0 20.976055145263672 25.103946685791016 25.28028678894043 8.770929336547852 16.509357452392578
2 5.0 21.061786651611328 24.955211639404297 25.478010177612305 8.975421905517578 16.502588272094727
2 6.0 20.995807647705078 24.767478942871094 25.504345893859863 9.099453926086426 16.404891967773438
2 7.0 20.872211456298828 24.581933975219727 25.45792293548584 9.172688484191895 16.285234451293945
2 8.0 20.668407440185547 24.382061004638672 25.34521198272705 9.212071418762207 16.133140563964844
2 9.0 20.453197479248047 24.141889572143555 25.240235328674316 9.244153022766113 15.996082305908203
2 10.0 20.285831451416016 23.886329650878906 25.177966117858887 9.304407119750977 15.87355899810791
2 11.0 20.144588470458984 23.6589412689209 25.16518497467041 9.408783912658691 15.756401062011719
2 12.0 19.947406768798828 23.45062255859375 25.057125091552734 9.468024253845215 15.58910083770752
2 13.0 19.686264038085938 23.187498092651367 24.92844867706299 9.488727569580078 15.43972110748291
2 14.0 19.47525978088379 22.856586456298828 24.83996295928955 9.558886528015137 15.281076431274414
2 15.0 19.343530654907227 22.600969314575195 24.767127990722656 9.688621520996094 15.078506469726562
2 16.0 19.182554244995117 22.355375289916992 24.689980506896973 9.800736427307129 14.889244079589844
2 17.0 19.042949676513672 22.11322021484375 24.63534164428711 9.92634105682373 14.709000587463379
2 18.0 18.831275939941406 21.863937377929688 24.468159675598145 9.977005004882812 14.491154670715332
2 19.0 18.54291343688965 21.56195831298828 24.21955966949463 9.99863338470459 14.220926284790039
2 20.0 18.241220474243164 21.28912925720215 23.967470169067383 10.02804946899414 13.939420700073242
2 21.0 17.99883270263672 21.094396591186523 23.778526306152344 10.079968452453613 13.69855785369873
2 22.0 17.70175552368164 20.863059997558594 23.49321460723877 10.08720588684082 13.40600872039795
2 23.0 17.34840202331543 20.595407485961914 23.05277156829834 10.110937118530273 12.941834449768066
2 24.0 16.992483139038086 20.32758331298828 22.64126682281494 10.132088661193848 12.509178161621094
2 25.0 16.718597412109375 20.092252731323242 22.22705078125 10.178460121154785 12.048590660095215
2 26.0 16.444896697998047 19.792783737182617 21.75791645050049 10.219000816345215 11.538915634155273
2 27.0 16.191904067993164 19.50602149963379 21.30402660369873 10.299036979675293 11.004989624023438
2 28.0 15.942285537719727 19.2703914642334 20.82143497467041 10.399469375610352 10.421965599060059
2 29.0 15.659584045410156 19.018932342529297 20.264798164367676 10.501252174377441 9.763545989990234
2 30.0 15.389640808105469 18.78536033630371 19.588001251220703 10.616312026977539 8.971689224243164
2 31.0 15.184074401855469 18.653316497802734 18.988823890686035 10.745187759399414 8.243636131286621
2 32.0 14.960796356201172 18.498769760131836 18.422245502471924 10.812124252319336 7.610121250152588
2 33.0 14.694475173950195 18.298442840576172 17.78741979598999 10.877679824829102 6.909739971160889
2 34.0 14.45400619506836 18.137611389160156 17.346732139587402 10.995820045471191 6.350912094116211
2 35.0 14.2838134765625 18.022872924804688 16.887990474700928 11.093871116638184 5.794119358062744
2 36.0 14.093971252441406 17.9444522857666 16.52220582962036 11.172295570373535 5.349910259246826
2 37.0 13.925292015075684 17.898265838623047 16.237632274627686 11.266021728515625 4.9716105461120605
2 38.0 13.783548355102539 17.81678581237793 15.890017032623291 11.291610717773438 4.5984063148498535
2 39.0 13.621188163757324 17.699979782104492 15.57310676574707 11.381030082702637 4.192076683044434
2 40.0 13.526334762573242 17.65707015991211 15.374924659729004 11.523146629333496 3.851778030395508
2 41.0 13.476089477539062 17.6710205078125 15.071458339691162 11.611102104187012 3.4603562355041504
2 42.0 13.4171142578125 17.722328186035156 14.828773498535156 11.71262264251709 3.1161508560180664
2 43.0 13.3800630569458 17.773340225219727 14.49470067024231 11.762103080749512 2.732597589492798
2 44.0 13.291166305541992 17.795066833496094 14.293212413787842 11.79988956451416 2.4933228492736816
2 45.0 13.174298286437988 17.767309188842773 14.157612800598145 11.83828067779541 2.3193321228027344
2 46.0 13.156399726867676 17.774450302124023 14.13483190536499 11.991470336914062 2.1433615684509277
2 47.0 13.165407180786133 17.850772857666016 14.024767875671387 12.062369346618652 1.9623985290527344
2 48.0 13.095687866210938 17.90256118774414 13.938773155212402 12.097057342529297 1.8417158126831055
2 49.0 13.037405967712402 17.925111770629883 13.893986701965332 12.152170181274414 1.741816520690918
2 50.0 12.986209869384766 17.953468322753906 13.855055928230286 12.227180480957031 1.6278754472732544
2 51.0 12.953279495239258 17.960338592529297 13.798495531082153 12.272579193115234 1.525916337966919
2 52.0 12.977327346801758 17.9925594329834 13.770551800727844 12.333826065063477 1.4367257356643677
2 53.0 12.980423927307129 18.03137969970703 13.801756501197815 12.396400451660156 1.4053560495376587
2 54.0 13.018607139587402 18.077285766601562 13.832661747932434 12.4932279586792 1.3394337892532349
2 55.0 13.041515350341797 18.08742904663086 13.848339557647705 12.574000358581543 1.274339199066162
2 56.0 12.990340232849121 18.08946990966797 13.831886887550354 12.625693321228027 1.2061935663223267
2 57.0 12.944621086120605 18.10093879699707 13.810819029808044 12.68576431274414 1.1250547170639038
2 58.0 12.960273742675781 18.118741989135742 13.892321348190308 12.79773998260498 1.0945813655853271
2 59.0 12.971240997314453 18.149776458740234 13.915088415145874 12.851555824279785 1.0635325908660889
2 60.0 12.935906410217285 18.194650650024414 13.883355736732483 12.867335319519043 1.01602041721344
2 61.0 12.90062427520752 18.22723960876465 13.894692659378052 12.902963638305664 0.9917290210723877
2 62.0 12.896157264709473 18.26803970336914 13.912549793720245 12.950973510742188 0.9615762829780579
2 63.0 12.84520435333252 18.29279136657715 13.830535471439362 12.916162490844727 0.914372980594635
2 64.0 12.772137641906738 18.309410095214844 13.75888603925705 12.872231483459473 0.8866545557975769
2 65.0 12.742466926574707 18.33281707763672 13.682940125465393 12.87460994720459 0.8083301782608032
2 66.0 12.736612319946289 18.371482849121094 13.600399494171143 12.87546443939209 0.7249350547790527
2 67.0 12.761302947998047 18.43019676208496 13.577823758125305 12.909937858581543 0.6678858995437622
2 68.0 12.822277069091797 18.51445198059082 13.59187376499176 12.96571159362793 0.6261621713638306
2 69.0 12.867146492004395 18.608448028564453 13.587081849575043 12.995800018310547 0.5912818312644958
2 70.0 12.855753898620605 18.688262939453125 13.562281250953674 13.004533767700195 0.557747483253479
2 71.0 12.874109268188477 18.781919479370117 13.612633168697357 13.0767183303833 0.5359148383140564
2 72.0 12.85749340057373 18.847421646118164 13.576637864112854 13.064102172851562 0.5125356912612915
2 73.0 12.7929048538208 18.86456871032715 13.561600059270859 13.079086303710938 0.48251375555992126
2 74.0 12.7470121383667 18.896541595458984 13.530037373304367 13.075169563293457 0.45486781001091003
2 75.0 12.761385917663574 18.972976684570312 13.561976730823517 13.118351936340332 0.4436247944831848
2 76.0 12.787874221801758 19.069076538085938 13.55962985754013 13.137123107910156 0.42250674962997437
2 77.0 12.798575401306152 19.173023223876953 13.567353963851929 13.162075996398926 0.40527796745300293
2 78.0 12.755772590637207 19.2474308013916 13.519800394773483 13.122904777526855 0.3968956172466278
2 79.0 12.675156593322754 19.281044006347656 13.476449072360992 13.094481468200684 0.38196760416030884
2 80.0 12.640247344970703 19.343055725097656 13.436340183019638 13.060667037963867 0.3756731450557709
2 81.0 12.578569412231445 19.3800106048584 13.37483498454094 13.011752128601074 0.3630828559398651
2 82.0 12.547002792358398 19.448030471801758 13.347813755273819 12.998873710632324 0.34894004464149475
2 83.0 12.515807151794434 19.515411376953125 13.293883562088013 12.95311164855957 0.3407719135284424
2 84.0 12.52784252166748 19.602867126464844 13.314919233322144 12.989912033081055 0.32500720024108887
2 85.0 12.594555854797363 19.705415725708008 13.362358421087265 13.047561645507812 0.3147967755794525
2 86.0 12.66424560546875 19.80868911743164 13.421055763959885 13.11298656463623 0.3080691993236542
2 87.0 12.697203636169434 19.8963680267334 13.476110607385635 13.172859191894531 0.3032514154911041
2 88.0 12.723334312438965 19.97750473022461 13.527022868394852 13.243268966674805 0.283753901720047
2 89.0 12.79883861541748 20.069074630737305 13.557320266962051 13.294662475585938 0.2626577913761139
2 90.0 12.871016502380371 20.155803680419922 13.598488241434097 13.346541404724121 0.2519468367099762
2 91.0 12.898530006408691 20.196697235107422 13.662165582180023 13.408305168151855 0.2538604140281677
2 92.0 12.914755821228027 20.24555206298828 13.690967321395874 13.438883781433105 0.25208353996276855
2 93.0 12.981401443481445 20.334178924560547 13.769362762570381 13.527256965637207 0.24210579693317413
2 94.0 13.01527214050293 20.417387008666992 13.803987607359886 13.575440406799316 0.22854720056056976
2 95.0 12.999791145324707 20.499481201171875 13.805791839957237 13.589317321777344 0.2164745181798935
2 96.0 12.974784851074219 20.56440544128418 13.847722232341766 13.629291534423828 0.21843069791793823
2 97.0 12.98946475982666 20.65711784362793 13.874630510807037 13.661157608032227 0.2134729027748108
2 98.0 13.000374794006348 20.727657318115234 13.880530640482903 13.67448902130127 0.206041619181633
2 99.0 13.004746437072754 20.804767608642578 13.922995209693909 13.721450805664062 0.2015444040298462
2 100.0 13.030282020568848 20.899507522583008 13.978933468461037 13.784448623657227 0.19448484480381012
2 101.0 13.070225715637207 20.99694061279297 13.999468758702278 13.827170372009277 0.1722983866930008
2 102.0 13.121636390686035 21.09454345703125 14.055397748947144 13.898611068725586 0.15678668022155762
2 103.0 13.165271759033203 21.17999839782715 14.114530727267265 13.977699279785156 0.13683144748210907
2 104.0 13.239119529724121 21.28681182861328 14.164541020989418 14.042572975158691 0.12196804583072662
2 105.0 13.256776809692383 21.38206672668457 14.209459252655506 14.096502304077148 0.1129569485783577
2 106.0 13.232773780822754 21.456907272338867 14.215399287641048 14.106673240661621 0.10872604697942734
2 107.0 13.208066940307617 21.515146255493164 14.18855582177639 14.081328392028809 0.10722742974758148
2 108.0 13.200157165527344 21.587614059448242 14.154497317969799 14.048022270202637 0.10647504776716232
2 109.0 13.129061698913574 21.63657569885254 14.08001459389925 13.97227668762207 0.10773790627717972
2 110.0 13.053624153137207 21.66543960571289 14.04110962152481 13.935503005981445 0.10560661554336548
2 111.0 13.032388687133789 21.71502113342285 13.972957789897919 13.868972778320312 0.1039850115776062
2 112.0 13.032918930053711 21.783374786376953 13.956161826848984 13.853880882263184 0.10228094458580017
2 113.0 13.012775421142578 21.870473861694336 13.921446621418 13.820454597473145 0.10099202394485474
2 114.0 12.982461929321289 21.961877822875977 13.844749554991722 13.745600700378418 0.09914885461330414
2 115.0 12.950638771057129 22.053892135620117 13.829569213092327 13.730647087097168 0.09892212599515915
2 116.0 12.895197868347168 22.11412811279297 13.761061482131481 13.668524742126465 0.09253674000501633
2 117.0 12.887256622314453 22.182823181152344 13.740311712026596 13.648465156555176 0.09184655547142029
2 118.0 12.860905647277832 22.215208053588867 13.724887676537037 13.631998062133789 0.09288961440324783
2 119.0 12.856727600097656 22.27628517150879 13.701740011572838 13.601919174194336 0.09982083737850189
2 120.0 12.91049861907959 22.399911880493164 13.695773012936115 13.591872215270996 0.10390079766511917
2 121.0 12.957192420959473 22.52996826171875 13.724615164101124 13.619248390197754 0.1053667739033699
2 122.0 12.998763084411621 22.64224624633789 13.742499649524689 13.63096809387207 0.11153155565261841
2 123.0 13.044574737548828 22.759754180908203 13.808054819703102 13.691351890563965 0.11670292913913727
2 124.0 13.069746017456055 22.851816177368164 13.8483324944973 13.731648445129395 0.11668404936790466
2 125.0 13.080883026123047 22.944480895996094 13.882714167237282 13.76538372039795 0.11733044683933258
2 126.0 13.082633972167969 23.044795989990234 13.863354794681072 13.746380805969238 0.11697398871183395
2 127.0 13.076187133789062 23.1120662689209 13.883377470076084 13.765347480773926 0.11802998930215836
2 128.0 13.060449600219727 23.156314849853516 13.90758553892374 13.789555549621582 0.11802998930215836
2 129.0 13.06346607208252 23.18120574951172 13.915728516876698 13.799345970153809 0.11638254672288895
2 130.0 13.051206588745117 23.211536407470703 13.91062756627798 13.798803329467773 0.11182423681020737
2 131.0 13.098335266113281 23.296422958374023 13.942066699266434 13.828161239624023 0.11390545964241028
2 132.0 13.155970573425293 23.393186569213867 14.021337531507015 13.907968521118164 0.11336901038885117
2 133.0 13.204346656799316 23.465124130249023 14.046886838972569 13.93302059173584 0.11386624723672867
2 134.0 13.2197904586792 23.50179100036621 14.080856129527092 13.964557647705078 0.11629848182201385
2 135.0 13.22655963897705 23.577619552612305 14.092821322381496 13.975907325744629 0.11691399663686752
2 136.0 13.249250411987305 23.689714431762695 14.1082544028759 13.987198829650879 0.12105557322502136
2 137.0 13.25622272491455 23.749313354492188 14.130879014730453 14.00090503692627 0.12997397780418396
2 138.0 13.24360466003418 23.76723861694336 14.120857626199722 13.972610473632812 0.1482471525669098
2 139.0 13.25231647491455 23.87532615661621 14.113358095288277 13.94771671295166 0.16564138233661652
2 140.0 13.249907493591309 23.973743438720703 14.08798399567604 13.911396026611328 0.17658796906471252
2 141.0 13.218371391296387 24.022428512573242 14.04402619600296 13.85922622680664 0.18479996919631958
2 142.0 13.197340965270996 24.066890716552734 14.02971363067627 13.83901596069336 0.19069766998291016
2 143.0 13.201518058776855 24.127492904663086 14.033186465501785 13.843080520629883 0.19010594487190247
2 144.0 13.211285591125488 24.19249153137207 14.034892991185188 13.838562965393066 0.1963300257921219
2 145.0 13.237133979797363 24.26998519897461 14.043467789888382 13.832843780517578 0.21062400937080383
2 146.0 13.263114929199219 24.341379165649414 14.06927216053009 13.841275215148926 0.22799694538116455
2 147.0 13.26465892791748 24.39328384399414 14.105569034814835 13.8672456741333 0.2383233606815338
2 148.0 13.274574279785156 24.441043853759766 14.129118502140045 13.866167068481445 0.26295143365859985
2 149.0 13.269577026367188 24.48761749267578 14.139825075864792 13.850467681884766 0.28935739398002625
2 150.0 13.262794494628906 24.52219581604004 14.15065386891365 13.828370094299316 0.3222837746143341
2 151.0 13.26267147064209 24.55318832397461 14.167918533086777 13.814911842346191 0.3530066907405853
2 152.0 13.273063659667969 24.583797454833984 14.22002112865448 13.8118314743042 0.40818965435028076
2 153.0 13.26434326171875 24.60793113708496 14.240884631872177 13.786380767822266 0.4545038640499115
2 154.0 13.240152359008789 24.646930694580078 14.188380688428879 13.698204040527344 0.49017664790153503
2 155.0 13.19564437866211 24.673667907714844 14.149743914604187 13.621365547180176 0.5283783674240112
2 156.0 13.186079025268555 24.71438980102539 14.132067263126373 13.556132316589355 0.5759349465370178
2 157.0 13.172332763671875 24.742719650268555 14.123163640499115 13.47745132446289 0.6457123160362244
2 158.0 13.13388729095459 24.75650405883789 14.080751776695251 13.419612884521484 0.6611388921737671
2 159.0 13.111032485961914 24.780420303344727 14.062299251556396 13.370087623596191 0.6922116279602051
2 160.0 13.117172241210938 24.79145050048828 14.057299554347992 13.326964378356934 0.7303351759910583
2 161.0 13.147340774536133 24.826833724975586 14.117746770381927 13.326324462890625 0.7914223074913025
2 162.0 13.202001571655273 24.889223098754883 14.128238797187805 13.25951862335205 0.8687201738357544
2 163.0 13.24894905090332 24.91826629638672 14.200946986675262 13.245774269104004 0.9551727175712585
2 164.0 13.303603172302246 24.93184471130371 14.277589678764343 13.23219108581543 1.0453985929489136
2 165.0 13.35619068145752 24.957368850708008 14.318804383277893 13.202228546142578 1.116575837135315
2 166.0 13.400092124938965 24.974117279052734 14.365945100784302 13.183610916137695 1.1823341846466064
2 167.0 13.432486534118652 24.956710815429688 14.427538275718689 13.17446231842041 1.2530759572982788
2 168.0 13.437003135681152 24.95178985595703 14.468530297279358 13.175097465515137 1.2934328317642212
2 169.0 13.424637794494629 24.928903579711914 14.509318113327026 13.160099983215332 1.3492181301116943
2 170.0 13.431234359741211 24.891000747680664 14.573699116706848 13.150232315063477 1.4234668016433716
2 171.0 13.46975040435791 24.868255615234375 14.633427619934082 13.140191078186035 1.4932365417480469
2 172.0 13.530165672302246 24.90228271484375 14.714141964912415 13.135912895202637 1.5782290697097778
2 173.0 13.587902069091797 24.94959259033203 14.752209901809692 13.11784553527832 1.634364366531372
2 174.0 13.6379976272583 24.989789962768555 14.779673099517822 13.098008155822754 1.6816649436950684
2 175.0 13.671296119689941 25.037315368652344 14.807350039482117 13.05294418334961 1.7544058561325073
2 176.0 13.690884590148926 25.070148468017578 14.8376704454422 13.03005313873291 1.8076173067092896
2 177.0 13.71796703338623 25.102441787719727 14.886329650878906 12.99717903137207 1.889150619506836
2 178.0 13.71664810180664 25.09438133239746 14.919965505599976 12.966726303100586 1.9532392024993896
2 179.0 13.713068008422852 25.074134826660156 14.976901769638062 12.957262992858887 2.019638776779175
2 180.0 13.710893630981445 25.06561279296875 15.012357234954834 12.9418363571167 2.0705208778381348
2 181.0 13.726033210754395 25.065200805664062 15.06252670288086 12.921422004699707 2.1411046981811523
2 182.0 13.765228271484375 25.092025756835938 15.110812902450562 12.922266006469727 2.188546895980835
2 183.0 13.819318771362305 25.114530563354492 15.202213525772095 12.897441864013672 2.304771661758423
2 184.0 13.932027816772461 25.110004425048828 15.357441425323486 12.844253540039062 2.513187885284424
2 185.0 14.040974617004395 25.11300277709961 15.449954986572266 12.759196281433105 2.69075870513916
2 186.0 14.175207138061523 25.168292999267578 15.539347410202026 12.690056800842285 2.849290609359741
2 187.0 14.310251235961914 25.230159759521484 15.67595386505127 12.657922744750977 3.018031120300293
2 188.0 14.404159545898438 25.216358184814453 15.786613702774048 12.628497123718262 3.158116579055786
2 189.0 14.482454299926758 25.20308494567871 15.932693719863892 12.619161605834961 3.3135321140289307
2 190.0 14.5780029296875 25.209379196166992 16.034523963928223 12.576761245727539 3.4577627182006836
2 191.0 14.690940856933594 25.223621368408203 16.144355058670044 12.5074462890625 3.636908769607544
2 192.0 14.774672508239746 25.203245162963867 16.25540065765381 12.435956001281738 3.8194446563720703
2 193.0 14.878996849060059 25.17050552368164 16.35812473297119 12.33454418182373 4.023580551147461
2 194.0 14.953706741333008 25.16366958618164 16.482752799987793 12.308475494384766 4.174277305603027
2 195.0 14.9606294631958 25.132966995239258 16.50977087020874 12.266161918640137 4.2436089515686035
2 196.0 14.980894088745117 25.072433471679688 16.608211517333984 12.248381614685059 4.359829902648926
2 197.0 15.069864273071289 24.999174118041992 16.764959812164307 12.22893238067627 4.536027431488037
2 198.0 15.163997650146484 24.94287872314453 16.882214069366455 12.222029685974121 4.660184383392334
2 199.0 15.243950843811035 24.898786544799805 16.985229969024658 12.188697814941406 4.796532154083252
2 200.0 15.255037307739258 24.826492309570312 17.070621967315674 12.156569480895996 4.914052486419678
2 201.0 15.238151550292969 24.705392837524414 17.16119909286499 12.10777759552002 5.053421497344971
2 202.0 15.285205841064453 24.565114974975586 17.26186466217041 12.08060359954834 5.18126106262207
2 203.0 15.358917236328125 24.460350036621094 17.345946788787842 12.037897109985352 5.30804967880249
2 204.0 15.435132026672363 24.383953094482422 17.462852001190186 12.01188850402832 5.450963497161865
2 205.0 15.45883560180664 24.316967010498047 17.541264533996582 11.989388465881348 5.551876068115234
2 206.0 15.531061172485352 24.249988555908203 17.65958261489868 11.918065071105957 5.741517543792725
2 207.0 15.628408432006836 24.17920684814453 17.785878658294678 11.842100143432617 5.9437785148620605
2 208.0 15.680957794189453 24.081594467163086 17.942771911621094 11.80691909790039 6.135852813720703
2 209.0 15.683658599853516 23.968046188354492 18.004955291748047 11.744847297668457 6.26010799407959
2 210.0 15.733999252319336 23.855703353881836 18.119606494903564 11.682328224182129 6.4372782707214355
2 211.0 15.820261001586914 23.737548828125 18.281378746032715 11.623250961303711 6.658127784729004
2 212.0 15.862541198730469 23.596969604492188 18.346652507781982 11.559865951538086 6.7867865562438965
2 213.0 15.86107063293457 23.43790054321289 18.408968448638916 11.506417274475098 6.902551174163818
2 214.0 15.902112007141113 23.278196334838867 18.491151332855225 11.43885326385498 7.052298069000244
2 215.0 15.948004722595215 23.107872009277344 18.517996311187744 11.343063354492188 7.174932956695557
2 216.0 15.993410110473633 22.907379150390625 18.60240602493286 11.287724494934082 7.314681529998779
2 217.0 16.10439682006836 22.71082878112793 18.736417293548584 11.237635612487793 7.498781681060791
2 218.0 16.203737258911133 22.52705955505371 18.876957893371582 11.151930809020996 7.725027084350586
2 219.0 16.26226043701172 22.331771850585938 18.98857831954956 11.058065414428711 7.93051290512085
2 220.0 16.33330535888672 22.15009307861328 19.068769454956055 10.976387023925781 8.092382431030273
2 221.0 16.389793395996094 21.97357749938965 19.105289459228516 10.862578392028809 8.242711067199707
2 222.0 16.382041931152344 21.782747268676758 19.13973903656006 10.768220901489258 8.3715181350708
2 223.0 16.386734008789062 21.564184188842773 19.192550659179688 10.679736137390137 8.51281452178955
2 224.0 16.43978500366211 21.340354919433594 19.120182991027832 10.478047370910645 8.642135620117188
2 225.0 16.496204376220703 21.08974838256836 19.143181800842285 10.370184898376465 8.77299690246582
2 226.0 16.500410079956055 20.79884910583496 19.20217990875244 10.3056001663208 8.89657974243164
2 227.0 16.471086502075195 20.478286743164062 19.223304748535156 10.23089599609375 8.992408752441406
2 228.0 16.48381805419922 20.177997589111328 19.27252769470215 10.14055061340332 9.131977081298828
2 229.0 16.48223876953125 19.850149154663086 19.307252883911133 10.051971435546875 9.255281448364258
2 230.0 16.49204444885254 19.531597137451172 19.430764198303223 9.98969554901123 9.441068649291992
2 231.0 16.534137725830078 19.258277893066406 19.535449028015137 9.91756534576416 9.617883682250977
2 232.0 16.60611343383789 18.990154266357422 19.668591499328613 9.806218147277832 9.862373352050781
2 233.0 16.68670654296875 18.718929290771484 19.732324600219727 9.643651962280273 10.088672637939453
2 234.0 16.74193000793457 18.418292999267578 19.819146156311035 9.492607116699219 10.326539039611816
2 235.0 16.841859817504883 18.110185623168945 20.00290870666504 9.365671157836914 10.637237548828125
2 236.0 16.9400634765625 17.821258544921875 20.133930206298828 9.247335433959961 10.886594772338867
2 237.0 16.946624755859375 17.52695083618164 20.191733360290527 9.121746063232422 11.069987297058105
2 238.0 17.001163482666016 17.274431228637695 20.291807174682617 9.024295806884766 11.267511367797852
2 239.0 17.05820655822754 17.022064208984375 20.334668159484863 8.910016059875488 11.424652099609375
2 240.0 17.022274017333984 16.707195281982422 20.369583129882812 8.777985572814941 11.591597557067871
2 241.0 17.001869201660156 16.390304565429688 20.4171142578125 8.65036678314209 11.76674747467041
2 242.0 17.023181915283203 16.099346160888672 20.48432731628418 8.504769325256348 11.979557991027832
2 243.0 17.032440185546875 15.838079452514648 20.54461669921875 8.339128494262695 12.205488204956055
2 244.0 17.02176284790039 15.602005004882812 20.61085796356201 8.174637794494629 12.436220169067383
2 245.0 17.008073806762695 15.376673698425293 20.624038696289062 7.998028755187988 12.626009941101074
2 246.0 17.003463745117188 15.116325378417969 20.61282205581665 7.778710842132568 12.834111213684082
2 247.0 16.983253479003906 14.825191497802734 20.60835838317871 7.577680587768555 13.030677795410156
2 248.0 16.950942993164062 14.54854679107666 20.535736083984375 7.417281150817871 13.118454933166504
2 249.0 16.922971725463867 14.28671646118164 20.608470916748047 7.290187835693359 13.318283081054688
2 250.0 16.911865234375 14.052263259887695 20.618810176849365 7.152215480804443 13.466594696044922
2 251.0 16.88323402404785 13.858518600463867 20.531673908233643 6.940277576446533 13.59139633178711
2 252.0 16.83501625061035 13.646981239318848 20.461708068847656 6.750785827636719 13.710922241210938
2 253.0 16.80755615234375 13.45283031463623 20.333366870880127 6.513119220733643 13.820247650146484
2 254.0 16.827838897705078 13.31192398071289 20.342689037322998 6.2911152839660645 14.051573753356934
2 255.0 16.829111099243164 13.172245025634766 20.341693878173828 6.135395050048828 14.206298828125
2 256.0 16.806921005249023 12.969043731689453 20.247106075286865 5.963467121124268 14.283638954162598
2 257.0 16.756406784057617 12.748920440673828 20.159667491912842 5.72936487197876 14.430302619934082
2 258.0 16.72286033630371 12.554035186767578 20.142951011657715 5.555872917175293 14.587078094482422
2 259.0 16.702722549438477 12.39504337310791 20.133612632751465 5.36448860168457 14.769124031066895
2 260.0 16.717588424682617 12.273124694824219 20.146231174468994 5.2004265785217285 14.945804595947266
2 261.0 16.76051139831543 12.178943634033203 20.111637115478516 5.014883995056152 15.096753120422363
2 262.0 16.75098419189453 12.077020645141602 19.95457696914673 4.795103549957275 15.159473419189453
2 263.0 16.713973999023438 11.996618270874023 19.84412431716919 4.5920796394348145 15.252044677734375
2 264.0 16.621503829956055 11.907295227050781 19.7295503616333 4.391687393188477 15.337862968444824
2 265.0 16.627967834472656 11.81218147277832 19.675488471984863 4.211057662963867 15.464430809020996
2 266.0 16.665708541870117 11.724578857421875 19.765422821044922 4.097884178161621 15.6675386428833
2 267.0 16.817096710205078 11.714597702026367 19.82393789291382 3.965721607208252 15.858216285705566
2 268.0 16.82097625732422 11.713756561279297 19.7442569732666 3.8333873748779297 15.910869598388672
2 269.0 16.792409896850586 11.708208084106445 19.601544857025146 3.675595760345459 15.925949096679688
2 270.0 16.822162628173828 11.688794136047363 19.525867462158203 3.5188941955566406 16.006973266601562
2 271.0 16.961572647094727 11.630644798278809 19.54194712638855 3.423069715499878 16.118877410888672
2 272.0 17.036426544189453 11.562411308288574 19.56240963935852 3.3168537616729736 16.245555877685547
2 273.0 17.03826332092285 11.503647804260254 19.55759358406067 3.2184784412384033 16.339115142822266
2 274.0 17.01250648498535 11.452563285827637 19.513201475143433 3.150009870529175 16.363191604614258
2 275.0 17.0178279876709 11.399483680725098 19.516292333602905 3.070382833480835 16.44590950012207
2 276.0 17.03812026977539 11.345212936401367 19.496707916259766 2.9889659881591797 16.507741928100586
2 277.0 17.092632293701172 11.280884742736816 19.513327836990356 2.899768114089966 16.61355972290039
2 278.0 17.080787658691406 11.196274757385254 19.49972939491272 2.8134729862213135 16.686256408691406
2 279.0 17.072107315063477 11.1329927444458 19.49469757080078 2.717531204223633 16.77716636657715
2 280.0 17.08757781982422 11.139394760131836 19.50831651687622 2.641615390777588 16.866701126098633
2 281.0 17.093212127685547 11.136645317077637 19.47965121269226 2.5587680339813232 16.920883178710938
2 282.0 17.0943546295166 11.113722801208496 19.458414316177368 2.4784719944000244 16.979942321777344
2 283.0 17.189306259155273 11.144659042358398 19.520172595977783 2.4293408393859863 17.090831756591797
2 284.0 17.236276626586914 11.195211410522461 19.604786157608032 2.3700525760650635 17.23473358154297
2 285.0 17.261943817138672 11.248661994934082 19.593766450881958 2.2946865558624268 17.29907989501953
2 286.0 17.303800582885742 11.316167831420898 19.528645992279053 2.220214366912842 17.30843162536621
2 287.0 17.270179748535156 11.324114799499512 19.553770542144775 2.147482395172119 17.406288146972656
2 288.0 17.133586883544922 11.274943351745605 19.515674352645874 2.0416715145111084 17.474002838134766
2 289.0 16.981809616088867 11.199007987976074 19.373399257659912 1.9572901725769043 17.416109085083008
2 290.0 16.833181381225586 11.172715187072754 19.268141388893127 1.8999239206314087 17.36821746826172
2 291.0 16.7738037109375 11.203458786010742 19.193885803222656 1.849660873413086 17.34422492980957
2 292.0 16.813108444213867 11.254650115966797 19.153032541275024 1.8073256015777588 17.345706939697266
2 293.0 16.983964920043945 11.321976661682129 19.30436873435974 1.7812860012054443 17.523082733154297
2 294.0 17.181501388549805 11.432135581970215 19.39028525352478 1.732959508895874 17.657325744628906
2 295.0 17.313274383544922 11.561899185180664 19.499334454536438 1.6565686464309692 17.84276580810547
2 296.0 17.399808883666992 11.666139602661133 19.494138836860657 1.6127721071243286 17.881366729736328
2 297.0 17.483985900878906 11.771186828613281 19.539610862731934 1.5637712478637695 17.975839614868164
2 298.0 17.542613983154297 11.866841316223145 19.551706433296204 1.5298501253128052 18.0218563079834
2 299.0 17.555448532104492 11.933005332946777 19.635478973388672 1.5039615631103516 18.13151741027832
2 300.0 17.577346801757812 11.99766731262207 19.684839129447937 1.4837054014205933 18.201133728027344
2 301.0 17.599916458129883 12.08233642578125 19.689335465431213 1.4659334421157837 18.22340202331543
2 302.0 17.575481414794922 12.138937950134277 19.639551520347595 1.4491084814071655 18.19044303894043
2 303.0 17.558761596679688 12.194075584411621 19.649980902671814 1.4294952154159546 18.22048568725586
2 304.0 17.560279846191406 12.227654457092285 19.616318941116333 1.4103310108184814 18.20598793029785
2 305.0 17.61030387878418 12.265357971191406 19.689350605010986 1.40617036819458 18.283180236816406
2 306.0 17.68118667602539 12.307621955871582 19.753302574157715 1.3950300216674805 18.358272552490234
2 307.0 17.7559871673584 12.353631973266602 19.773045897483826 1.3955358266830444 18.37751007080078
2 308.0 17.818313598632812 12.38031005859375 19.86213493347168 1.3997573852539062 18.462377548217773
2 309.0 17.897619247436523 12.388544082641602 19.935061931610107 1.4055323600769043 18.529529571533203
2 310.0 18.007896423339844 12.435595512390137 20.021275639533997 1.4035388231277466 18.61773681640625
2 311.0 18.08753776550293 12.542070388793945 20.019914150238037 1.3811240196228027 18.638790130615234
2 312.0 18.180652618408203 12.645936012268066 20.126193284988403 1.3557636737823486 18.770429611206055
2 313.0 18.25869369506836 12.737259864807129 20.17806625366211 1.3298988342285156 18.848167419433594
2 314.0 18.320341110229492 12.819816589355469 20.27704346179962 1.312489628791809 18.964553833007812
2 315.0 18.419702529907227 12.892837524414062 20.3487765789032 1.3032119274139404 19.045564651489258
2 316.0 18.500675201416016 12.961827278137207 20.456945538520813 1.298458218574524 19.15848731994629
2 317.0 18.591115951538086 13.052895545959473 20.570884346961975 1.297357201576233 19.273527145385742
2 318.0 18.65621566772461 13.139666557312012 20.664753794670105 1.2907322645187378 19.374021530151367
2 319.0 18.65276527404785 13.238168716430664 20.66913080215454 1.2823987007141113 19.38673210144043
2 320.0 18.64297866821289 13.322159767150879 20.663987278938293 1.278666615486145 19.38532066345215
2 321.0 18.603229522705078 13.363540649414062 20.688531041145325 1.290335774421692 19.398195266723633
2 322.0 18.55077362060547 13.391012191772461 20.696457982063293 1.2952853441238403 19.401172637939453
2 323.0 18.511991500854492 13.453920364379883 20.700586318969727 1.2926673889160156 19.40791893005371
2 324.0 18.52625274658203 13.531466484069824 20.757296323776245 1.2952678203582764 19.46202850341797
2 325.0 18.591224670410156 13.640381813049316 20.746232509613037 1.294400691986084 19.451831817626953
2 326.0 18.646381378173828 13.735359191894531 20.760671973228455 1.3039535284042358 19.45671844482422
2 327.0 18.762115478515625 13.888551712036133 20.84027135372162 1.3291515111923218 19.511119842529297
2 328.0 18.874908447265625 14.044974327087402 20.90722942352295 1.351759910583496 19.555469512939453
2 329.0 18.97374153137207 14.215410232543945 20.9724622964859 1.3920789957046509 19.58038330078125
2 330.0 19.090810775756836 14.365257263183594 21.064640283584595 1.4216101169586182 19.643030166625977
2 331.0 19.192110061645508 14.510087966918945 21.18573546409607 1.5203626155853271 19.665372848510742
2 332.0 19.277965545654297 14.667900085449219 21.294310331344604 1.616408109664917 19.677902221679688
2 333.0 19.366539001464844 14.816750526428223 21.43855619430542 1.7191214561462402 19.71943473815918
2 334.0 19.43918228149414 14.983175277709961 21.532530188560486 1.7247966527938843 19.8077335357666
2 335.0 19.510717391967773 15.076556205749512 21.604693174362183 1.7496135234832764 19.855079650878906
2 336.0 19.607757568359375 15.169795989990234 21.742449164390564 1.8584998846054077 19.883949279785156
2 337.0 19.69538688659668 15.337606430053711 21.84174370765686 1.9986059665679932 19.843137741088867
2 338.0 19.798179626464844 15.515201568603516 21.997502326965332 2.1540727615356445 19.843429565429688
2 339.0 19.83189582824707 15.582146644592285 22.027196645736694 2.2425191402435303 19.784677505493164
2 340.0 19.783069610595703 15.595603942871094 22.04519820213318 2.3420445919036865 19.703153610229492
2 341.0 19.70421028137207 15.552398681640625 22.123013496398926 2.4606409072875977 19.662372589111328
2 342.0 19.737838745117188 15.560158729553223 22.198128938674927 2.5518009662628174 19.64632797241211
2 343.0 19.775766372680664 15.658730506896973 22.18932843208313 2.5887367725372314 19.6005916595459
2 344.0 19.844741821289062 15.826597213745117 22.266761541366577 2.6988751888275146 19.567886352539062
2 345.0 19.9520206451416 16.013126373291016 22.347122192382812 2.7611312866210938 19.58599090576172
2 346.0 20.025238037109375 16.1546630859375 22.38464069366455 2.825352668762207 19.559288024902344
2 347.0 20.10076141357422 16.25737190246582 22.496774435043335 3.0008656978607178 19.495908737182617
2 348.0 20.16822052001953 16.34485626220703 22.646731853485107 3.1796412467956543 19.467090606689453
2 349.0 20.28107261657715 16.454133987426758 22.82180666923523 3.395195722579956 19.426610946655273
2 350.0 20.388750076293945 16.574060440063477 22.863336086273193 3.5515379905700684 19.311798095703125
2 351.0 20.54947853088379 16.68915557861328 23.131497621536255 3.811225175857544 19.32027244567871
2 352.0 20.738662719726562 16.801292419433594 23.502699375152588 4.229282855987549 19.27341651916504
2 353.0 20.86102294921875 16.89889907836914 23.633671283721924 4.338114261627197 19.295557022094727
2 354.0 20.921098709106445 16.97568130493164 23.74371862411499 4.476659297943115 19.267059326171875
2 355.0 21.04385757446289 17.03618812561035 23.886075019836426 4.6731462478637695 19.212928771972656
2 356.0 21.157535552978516 17.08876609802246 24.033848762512207 4.873307228088379 19.160541534423828
2 357.0 21.131103515625 17.097627639770508 24.084147453308105 4.995835304260254 19.08831214904785
2 358.0 21.055734634399414 17.03595733642578 24.145982265472412 5.121201992034912 19.0247802734375
2 359.0 21.029117584228516 16.98876190185547 24.29049015045166 5.293076515197754 18.997413635253906
2 360.0 21.086109161376953 16.994096755981445 24.441163539886475 5.497262477874756 18.94390106201172
2 361.0 21.42542839050293 17.091262817382812 24.7972993850708 5.911608695983887 18.885690689086914
2 362.0 21.860034942626953 17.276233673095703 24.937082290649414 6.1656341552734375 18.771448135375977
2 363.0 21.99058723449707 17.352306365966797 24.980000019073486 6.3077778816223145 18.672222137451172
2 364.0 21.982397079467773 17.360109329223633 25.016107082366943 6.400846004486084 18.61526107788086
2 365.0 21.978843688964844 17.36994171142578 25.00936222076416 6.474106788635254 18.535255432128906
2 366.0 21.99551010131836 17.378822326660156 25.0455641746521 6.559024333953857 18.486539840698242
3 1.0 20.87353515625 25.76719856262207 24.883134841918945 8.23103141784668 16.652103424072266
3 2.0 20.884906768798828 25.491697311401367 25.05146026611328 8.427963256835938 16.623497009277344
3 3.0 20.959989547729492 25.26463508605957 25.23661994934082 8.655111312866211 16.58150863647461
3 4.0 21.073942184448242 25.111600875854492 25.358970642089844 8.862754821777344 16.4962158203125
3 5.0 21.121501922607422 24.9547176361084 25.467406272888184 9.03186321258545 16.435543060302734
3 6.0 20.98995018005371 24.707889556884766 25.480778694152832 9.123652458190918 16.357126235961914
3 7.0 20.813642501831055 24.46576690673828 25.463984489440918 9.2180814743042 16.24590301513672
3 8.0 20.629575729370117 24.256027221679688 25.401350021362305 9.234315872192383 16.167034149169922
3 9.0 20.42294692993164 24.020809173583984 25.313854217529297 9.268516540527344 16.045337677001953
3 10.0 20.306114196777344 23.797332763671875 25.300772666931152 9.380765914916992 15.92000675201416
3 11.0 20.166948318481445 23.545879364013672 25.26521873474121 9.509101867675781 15.75611686706543
3 12.0 20.034652709960938 23.29964828491211 25.191417694091797 9.629047393798828 15.562370300292969
3 13.0 19.892253875732422 23.05150032043457 25.15423583984375 9.753072738647461 15.401163101196289
3 14.0 19.67129898071289 22.785423278808594 25.05591583251953 9.808123588562012 15.24779224395752
3 15.0 19.481403350830078 22.552879333496094 24.93117618560791 9.849772453308105 15.081403732299805
3 16.0 19.304733276367188 22.305484771728516 24.840529441833496 9.940065383911133 14.900464057922363
3 17.0 19.141759872436523 22.084415435791016 24.7045259475708 10.026509284973145 14.678016662597656
3 18.0 18.990646362304688 21.892925262451172 24.60361957550049 10.111159324645996 14.492460250854492
3 19.0 18.78743553161621 21.624832153320312 24.4415283203125 10.187524795532227 14.254003524780273
3 20.0 18.491943359375 21.297012329101562 24.2079439163208 10.251106262207031 13.95683765411377
3 21.0 18.178468704223633 21.014297485351562 23.944744110107422 10.331330299377441 13.61341381072998
3 22.0 17.89206886291504 20.75727653503418 23.744315147399902 10.394290924072266 13.350024223327637
3 23.0 17.665771484375 20.51032257080078 23.47403049468994 10.495100975036621 12.97892951965332
3 24.0 17.434356689453125 20.309680938720703 23.1101713180542 10.586003303527832 12.524168014526367
3 25.0 17.167940139770508 20.063678741455078 22.74743938446045 10.634678840637207 12.112760543823242
3 26.0 16.913047790527344 19.829496383666992 22.369600296020508 10.685370445251465 11.684229850769043
3 27.0 16.69507598876953 19.619586944580078 22.04172706604004 10.756895065307617 11.284832000732422
3 28.0 16.420555114746094 19.39248275756836 21.57438564300537 10.787482261657715 10.786903381347656
3 29.0 16.091753005981445 19.12820816040039 20.987363815307617 10.832776069641113 10.154587745666504
3 30.0 15.819448471069336 18.91376495361328 20.46729850769043 10.867587089538574 9.599711418151855
3 31.0 15.61257553100586 18.72218894958496 20.052332878112793 10.966151237487793 9.086181640625
3 32.0 15.466556549072266 18.611419677734375 19.67950439453125 11.027156829833984 8.652347564697266
3 33.0 15.432358741760254 18.52987289428711 19.40564727783203 11.163500785827637 8.242146492004395
3 34.0 15.346599578857422 18.415363311767578 19.013582706451416 11.253961563110352 7.7596211433410645
3 35.0 15.121747970581055 18.262664794921875 18.611397743225098 11.358917236328125 7.252480506896973
3 36.0 14.89697265625 18.129806518554688 18.282816410064697 11.408236503601074 6.874579906463623
3 37.0 14.726126670837402 18.00432777404785 17.987436294555664 11.486857414245605 6.500578880310059
3 38.0 14.573917388916016 17.88454246520996 17.602514266967773 11.594996452331543 6.0075178146362305
3 39.0 14.43359088897705 17.788421630859375 17.094869136810303 11.68356990814209 5.411299228668213
3 40.0 14.322490692138672 17.74121856689453 16.753324508666992 11.731199264526367 5.022125244140625
3 41.0 14.22331428527832 17.700359344482422 16.505806922912598 11.7967529296875 4.709053993225098
3 42.0 14.042614936828613 17.62676429748535 16.203776359558105 11.841828346252441 4.361948013305664
3 43.0 13.827489852905273 17.537275314331055 15.79175853729248 11.85306453704834 3.9386940002441406
3 44.0 13.71161937713623 17.495779037475586 15.467801094055176 11.946351051330566 3.5214500427246094
3 45.0 13.661005020141602 17.526714324951172 15.17645001411438 12.01774787902832 3.1587021350860596
3 46.0 13.59204387664795 17.560693740844727 14.942430973052979 12.072318077087402 2.870112895965576
3 47.0 13.512038230895996 17.584829330444336 14.771275281906128 12.130313873291016 2.6409614086151123
3 48.0 13.390290260314941 17.604503631591797 14.525396823883057 12.194839477539062 2.330557346343994
3 49.0 13.293113708496094 17.635494232177734 14.289975643157959 12.225110054016113 2.0648655891418457
3 50.0 13.250307083129883 17.698400497436523 14.207626104354858 12.284998893737793 1.9226272106170654
3 51.0 13.21513843536377 17.76654815673828 14.10081160068512 12.337409019470215 1.7634025812149048
3 52.0 13.152502059936523 17.81407928466797 14.045615792274475 12.391584396362305 1.6540313959121704
3 53.0 13.05040454864502 17.8247127532959 13.971343517303467 12.439504623413086 1.5318388938903809
3 54.0 12.964852333068848 17.82107925415039 13.937092661857605 12.507034301757812 1.4300583600997925
3 55.0 12.95136547088623 17.815645217895508 13.924395680427551 12.585824012756348 1.3385716676712036
3 56.0 12.968771934509277 17.858543395996094 13.92442238330841 12.69144344329834 1.2329789400100708
3 57.0 13.021931648254395 17.93900489807129 13.945040583610535 12.784088134765625 1.1609524488449097
3 58.0 12.980008125305176 17.97284698486328 13.914361953735352 12.829583168029785 1.0847787857055664
3 59.0 12.929903030395508 17.99700164794922 13.831610321998596 12.82017707824707 1.0114332437515259
3 60.0 12.833202362060547 18.04572296142578 13.70559686422348 12.752811431884766 0.9527854323387146
3 61.0 12.767860412597656 18.127166748046875 13.586199641227722 12.735932350158691 0.8502672910690308
3 62.0 12.752506256103516 18.21028709411621 13.53980404138565 12.761360168457031 0.7784438729286194
3 63.0 12.780464172363281 18.302270889282227 13.536535620689392 12.802106857299805 0.7344287633895874
3 64.0 12.838824272155762 18.391586303710938 13.605968654155731 12.892217636108398 0.7137510180473328
3 65.0 12.88729476928711 18.462493896484375 13.643614530563354 12.952849388122559 0.6907651424407959
3 66.0 12.884417533874512 18.5400333404541 13.622803688049316 12.983426094055176 0.6393775939941406
3 67.0 12.85342788696289 18.630199432373047 13.581701219081879 12.993063926696777 0.5886372923851013
3 68.0 12.786480903625488 18.695690155029297 13.523851692676544 12.976055145263672 0.5477965474128723
3 69.0 12.730584144592285 18.75856590270996 13.446778893470764 12.928681373596191 0.5180975198745728
3 70.0 12.662019729614258 18.777437210083008 13.392543137073517 12.901900291442871 0.49064284563064575
3 71.0 12.641911506652832 18.808513641357422 13.364935874938965 12.914475440979004 0.45046043395996094
3 72.0 12.604743957519531 18.831451416015625 13.336360692977905 12.907278060913086 0.42908263206481934
3 73.0 12.570192337036133 18.84295082092285 13.306723922491074 12.891921997070312 0.4148019254207611
3 74.0 12.59190845489502 18.89393424987793 13.337434232234955 12.941736221313477 0.39569801092147827
3 75.0 12.649002075195312 18.9799747467041 13.375108301639557 12.992903709411621 0.3822045922279358
3 76.0 12.730624198913574 19.101043701171875 13.40504577755928 13.03652286529541 0.36852291226387024
3 77.0 12.790923118591309 19.213640213012695 13.480592101812363 13.125492095947266 0.35510000586509705
3 78.0 12.847253799438477 19.309297561645508 13.558757662773132 13.211051940917969 0.3477057218551636
3 79.0 12.896868705749512 19.412612915039062 13.612535029649734 13.274723052978516 0.33781197667121887
3 80.0 12.895919799804688 19.474580764770508 13.631807118654251 13.311088562011719 0.32071855664253235
3 81.0 12.869524002075195 19.516244888305664 13.628346890211105 13.341601371765137 0.28674551844596863
3 82.0 12.84274673461914 19.550138473510742 13.666554987430573 13.400486946105957 0.2660680413246155
3 83.0 12.888995170593262 19.663881301879883 13.683616310358047 13.435501098632812 0.24811521172523499
3 84.0 12.966318130493164 19.802959442138672 13.730588927865028 13.4899263381958 0.2406625896692276
3 85.0 13.011013984680176 19.921310424804688 13.762532234191895 13.535667419433594 0.22686481475830078
3 86.0 13.028916358947754 20.03190803527832 13.826566115021706 13.615111351013184 0.21145476400852203
3 87.0 13.077509880065918 20.15274429321289 13.898695215582848 13.692850112915039 0.20584510266780853
3 88.0 13.135345458984375 20.264877319335938 13.963294565677643 13.770980834960938 0.19231373071670532
3 89.0 13.149940490722656 20.357358932495117 13.96575553715229 13.782829284667969 0.1829262524843216
3 90.0 13.148374557495117 20.412185668945312 13.979632884263992 13.805366516113281 0.17426636815071106
3 91.0 13.165489196777344 20.514877319335938 14.006104215979576 13.837478637695312 0.1686255782842636
3 92.0 13.183738708496094 20.629085540771484 14.033918678760529 13.87632942199707 0.15758925676345825
3 93.0 13.195069313049316 20.717384338378906 14.06716239452362 13.920774459838867 0.14638793468475342
3 94.0 13.202482223510742 20.817825317382812 14.055435672402382 13.913012504577637 0.14242316782474518
3 95.0 13.161150932312012 20.906330108642578 14.03325542807579 13.896535873413086 0.13671955466270447
3 96.0 13.110620498657227 20.958621978759766 13.975521370768547 13.838471412658691 0.13704995810985565
3 97.0 13.074112892150879 20.98476791381836 13.98242948949337 13.845521926879883 0.13690756261348724
3 98.0 13.077043533325195 21.055322647094727 13.959911555051804 13.826111793518066 0.13379976153373718
3 99.0 13.014791488647461 21.089418411254883 13.952517554163933 13.820759773254395 0.13175778090953827
3 100.0 12.966848373413086 21.128089904785156 13.948723018169403 13.816210746765137 0.13251227140426636
3 101.0 12.992406845092773 21.211956024169922 13.975528717041016 13.845381736755371 0.13014698028564453
3 102.0 13.02646541595459 21.3057918548584 13.985012546181679 13.855769157409668 0.1292433887720108
3 103.0 13.044587135314941 21.432533264160156 13.960602216422558 13.8380708694458 0.12253134697675705
3 104.0 13.083706855773926 21.541454315185547 13.96863655000925 13.858829498291016 0.10980705171823502
3 105.0 13.127058982849121 21.634368896484375 14.006344005465508 13.904364585876465 0.10197941958904266
3 106.0 13.117053985595703 21.72106170654297 14.015291698276997 13.922877311706543 0.09241438657045364
3 107.0 13.029975891113281 21.754064559936523 13.980713970959187 13.893385887145996 0.08732808381319046
3 108.0 12.943254470825195 21.814416885375977 13.923730060458183 13.84018611907959 0.08354394137859344
3 109.0 12.94290542602539 21.890737533569336 13.866782829165459 13.783198356628418 0.08358447253704071
3 110.0 13.011168479919434 21.992740631103516 13.87045094370842 13.791341781616211 0.07910916209220886
3 111.0 13.09250259399414 22.135900497436523 13.898795783519745 13.819326400756836 0.07946938276290894
3 112.0 13.096572875976562 22.240673065185547 13.891973182559013 13.814568519592285 0.07740466296672821
3 113.0 13.11270809173584 22.292570114135742 13.958644181489944 13.87846851348877 0.08017566800117493
3 114.0 13.152993202209473 22.293550491333008 14.02472023665905 13.945493698120117 0.0792265385389328
3 115.0 13.231653213500977 22.3255558013916 14.10837808251381 14.027106285095215 0.08127179741859436
3 116.0 13.327781677246094 22.4442138671875 14.172417379915714 14.091720581054688 0.08069679886102676
3 117.0 13.396699905395508 22.56117057800293 14.219825074076653 14.140538215637207 0.0792868584394455
3 118.0 13.458521842956543 22.68946647644043 14.267077773809433 14.188997268676758 0.07808050513267517
3 119.0 13.470098495483398 22.777009963989258 14.294540420174599 14.220534324645996 0.0740060955286026
3 120.0 13.475898742675781 22.845298767089844 14.290262967348099 14.215574264526367 0.07468870282173157
3 121.0 13.462976455688477 22.893278121948242 14.271130189299583 14.197076797485352 0.07405339181423187
3 122.0 13.43013858795166 22.94338607788086 14.268106520175934 14.189918518066406 0.07818800210952759
3 123.0 13.406355857849121 23.035539627075195 14.265782281756401 14.188090324401855 0.0776919573545456
3 124.0 13.388050079345703 23.131494522094727 14.242450959980488 14.161333084106445 0.08111787587404251
3 125.0 13.380715370178223 23.231151580810547 14.218222208321095 14.133793830871582 0.08442837744951248
3 126.0 13.381868362426758 23.331478118896484 14.211302667856216 14.119546890258789 0.09175577759742737
3 127.0 13.386456489562988 23.42060089111328 14.216065257787704 14.118972778320312 0.09709247946739197
3 128.0 13.39398193359375 23.488615036010742 14.226028747856617 14.127327919006348 0.09870082885026932
3 129.0 13.365406036376953 23.534282684326172 14.21422540396452 14.109105110168457 0.10512029379606247
3 130.0 13.32823657989502 23.568572998046875 14.18194430321455 14.070035934448242 0.11190836876630783
3 131.0 13.295080184936523 23.60963249206543 14.16124428063631 14.039514541625977 0.12172973901033401
3 132.0 13.253499031066895 23.658185958862305 14.158454656600952 14.022198677062988 0.13625597953796387
3 133.0 13.227336883544922 23.70696258544922 14.126175418496132 13.983867645263672 0.14230777323246002
3 134.0 13.25236988067627 23.763093948364258 14.159455671906471 14.01428508758545 0.14517058432102203
3 135.0 13.272836685180664 23.82307243347168 14.182338163256645 14.028762817382812 0.1535753458738327
3 136.0 13.288898468017578 23.887371063232422 14.205375969409943 14.043722152709961 0.1616538166999817
3 137.0 13.292969703674316 23.929601669311523 14.224237620830536 14.045544624328613 0.1786929965019226
3 138.0 13.283766746520996 23.966835021972656 14.242387995123863 14.047818183898926 0.19456981122493744
3 139.0 13.26779556274414 24.018836975097656 14.282714232802391 14.07581615447998 0.20689807832241058
3 140.0 13.26596736907959 24.09192657470703 14.280637070536613 14.058024406433105 0.222612664103508
3 141.0 13.269706726074219 24.165136337280273 14.26585265994072 14.0130615234375 0.2527911365032196
3 142.0 13.263212203979492 24.21246337890625 14.271208673715591 13.989777565002441 0.28143110871315
3 143.0 13.233235359191895 24.2386531829834 14.237897872924805 13.937860488891602 0.3000373840332031
3 144.0 13.197916030883789 24.271644592285156 14.175334870815277 13.857398986816406 0.31793588399887085
3 145.0 13.156030654907227 24.297534942626953 14.145124763250351 13.814406394958496 0.33071836829185486
3 146.0 13.1217041015625 24.337724685668945 14.125580072402954 13.771317481994629 0.3542625904083252
3 147.0 13.093511581420898 24.398710250854492 14.067702233791351 13.695719718933105 0.37198251485824585
3 148.0 13.0858154296875 24.436641693115234 14.078969120979309 13.680992126464844 0.39797699451446533
3 149.0 13.096158027648926 24.484792709350586 14.056857407093048 13.639330863952637 0.4175265431404114
3 150.0 13.10382080078125 24.55323600769043 14.069911241531372 13.621821403503418 0.4480898380279541
3 151.0 13.100796699523926 24.556743621826172 14.083582788705826 13.590542793273926 0.4930399954319
3 152.0 13.134065628051758 24.55522346496582 14.073952972888947 13.540628433227539 0.5333245396614075
3 153.0 13.175507545471191 24.620182037353516 14.09923803806305 13.529147148132324 0.5700908899307251
3 154.0 13.21325969696045 24.714284896850586 14.11455923318863 13.501307487487793 0.6132517457008362
3 155.0 13.223650932312012 24.7806339263916 14.108402073383331 13.462456703186035 0.6459453701972961
3 156.0 13.241433143615723 24.85050392150879 14.122046947479248 13.442946434020996 0.679100513458252
3 157.0 13.232637405395508 24.90388298034668 14.075042068958282 13.401710510253906 0.6733315587043762
3 158.0 13.184139251708984 24.916149139404297 14.055692851543427 13.37796401977539 0.6777288317680359
3 159.0 13.15638542175293 24.93115997314453 14.004199206829071 13.322933197021484 0.6812660098075867
3 160.0 13.162206649780273 24.9627685546875 13.991850912570953 13.309231758117676 0.6826191544532776
3 161.0 13.162671089172363 24.99626922607422 13.981780350208282 13.271163940429688 0.710616409778595
3 162.0 13.175745010375977 25.011615753173828 14.01691335439682 13.282327651977539 0.734585702419281
3 163.0 13.180468559265137 25.014753341674805 14.04336142539978 13.266181945800781 0.777179479598999
3 164.0 13.16794204711914 25.01898956298828 14.041503310203552 13.240198135375977 0.8013051748275757
3 165.0 13.186606407165527 25.029922485351562 14.110123932361603 13.230533599853516 0.8795903325080872
3 166.0 13.21965503692627 25.025957107543945 14.168862283229828 13.210535049438477 0.9583272337913513
3 167.0 13.241960525512695 25.01107406616211 14.198558926582336 13.164997100830078 1.0335618257522583
3 168.0 13.271148681640625 24.996931076049805 14.27069103717804 13.157637596130371 1.1130534410476685
3 169.0 13.291743278503418 24.996980667114258 14.304908275604248 13.129406929016113 1.1755013465881348
3 170.0 13.311267852783203 24.988876342773438 14.329167246818542 13.107025146484375 1.2221421003341675
3 171.0 13.320244789123535 24.966758728027344 14.38110601902008 13.074986457824707 1.3061195611953735
3 172.0 13.335885047912598 24.98446273803711 14.423064112663269 13.021659851074219 1.4014042615890503
3 173.0 13.337654113769531 25.009153366088867 14.452851057052612 12.967304229736328 1.4855468273162842
3 174.0 13.338699340820312 25.015974044799805 14.494871735572815 12.906623840332031 1.5882478952407837
3 175.0 13.347517967224121 25.033845901489258 14.532962441444397 12.875554084777832 1.657408356666565
3 176.0 13.388216018676758 25.04316520690918 14.564728498458862 12.826167106628418 1.7385613918304443
3 177.0 13.40965747833252 25.023082733154297 14.590909004211426 12.80328369140625 1.7876253128051758
3 178.0 13.413070678710938 25.01456642150879 14.602261781692505 12.755853652954102 1.8464081287384033
3 179.0 13.397383689880371 25.016799926757812 14.629729151725769 12.712742805480957 1.916986346244812
3 180.0 13.376360893249512 24.988344192504883 14.652349352836609 12.68568229675293 1.9666670560836792
3 181.0 13.335610389709473 24.933849334716797 14.63167417049408 12.641043663024902 1.9906305074691772
3 182.0 13.332029342651367 24.925430297851562 14.632183313369751 12.571640014648438 2.0605432987213135
3 183.0 13.34967041015625 24.925241470336914 14.615787506103516 12.521309852600098 2.094477653503418
3 184.0 13.403280258178711 24.935503005981445 14.68197774887085 12.479442596435547 2.2025351524353027
3 185.0 13.463903427124023 24.939468383789062 14.772926092147827 12.43388843536377 2.3390376567840576
3 186.0 13.538199424743652 24.9073543548584 14.893025159835815 12.395194053649902 2.497831106185913
3 187.0 13.580720901489258 24.85279083251953 15.004090547561646 12.35812759399414 2.645962953567505
3 188.0 13.596084594726562 24.81418800354004 15.038892984390259 12.321704864501953 2.7171881198883057
3 189.0 13.619826316833496 24.7908935546875 15.010894775390625 12.260602951049805 2.7502918243408203
3 190.0 13.684969902038574 24.767492294311523 15.132467985153198 12.241034507751465 2.8914334774017334
3 191.0 13.73538875579834 24.741470336914062 15.191490173339844 12.2252836227417 2.9662065505981445
3 192.0 13.758234024047852 24.700942993164062 15.23138976097107 12.195756912231445 3.035632848739624
3 193.0 13.799038887023926 24.657550811767578 15.324233055114746 12.149166107177734 3.1750669479370117
3 194.0 13.872745513916016 24.60906982421875 15.459642171859741 12.123000144958496 3.336642026901245
3 195.0 13.917832374572754 24.579872131347656 15.490944147109985 12.102371215820312 3.388572931289673
3 196.0 13.916781425476074 24.522985458374023 15.505043029785156 12.062284469604492 3.442758560180664
3 197.0 13.92868423461914 24.460111618041992 15.535990476608276 12.026520729064941 3.509469747543335
3 198.0 13.965065002441406 24.385034561157227 15.667312860488892 12.016483306884766 3.650829553604126
3 199.0 14.01485538482666 24.334003448486328 15.780560970306396 11.963837623596191 3.816723346710205
3 200.0 14.072205543518066 24.308582305908203 15.889405488967896 11.90742301940918 3.981982469558716
3 201.0 14.113162994384766 24.27035903930664 15.978713035583496 11.861043930053711 4.117669105529785
3 202.0 14.11374568939209 24.191904067993164 15.987648963928223 11.803633689880371 4.184015274047852
3 203.0 14.131149291992188 24.086856842041016 16.092281818389893 11.772920608520508 4.319361209869385
3 204.0 14.23883056640625 24.019487380981445 16.24767780303955 11.72338581085205 4.5242919921875
3 205.0 14.352184295654297 23.999958038330078 16.395715713500977 11.700640678405762 4.695075035095215
3 206.0 14.482765197753906 23.972885131835938 16.520568370819092 11.649635314941406 4.8709330558776855
3 207.0 14.620805740356445 23.9174747467041 16.66835927963257 11.611262321472168 5.0570969581604
3 208.0 14.73552131652832 23.839303970336914 16.83108949661255 11.569162368774414 5.261927127838135
3 209.0 14.825965881347656 23.75230598449707 16.97537088394165 11.541090965270996 5.434279918670654
3 210.0 14.94762134552002 23.665584564208984 17.099817276000977 11.501157760620117 5.598659515380859
3 211.0 14.990903854370117 23.579240798950195 17.18095111846924 11.460033416748047 5.720917701721191
3 212.0 15.005489349365234 23.49885368347168 17.23371696472168 11.407451629638672 5.826265335083008
3 213.0 15.024410247802734 23.40361785888672 17.323160648345947 11.372118949890137 5.9510416984558105
3 214.0 15.059844970703125 23.282712936401367 17.46370506286621 11.342376708984375 6.121328353881836
3 215.0 15.088623046875 23.166837692260742 17.517288208007812 11.289746284484863 6.227541923522949
3 216.0 15.172128677368164 23.05089569091797 17.58431053161621 11.24152946472168 6.342781066894531
3 217.0 15.209755897521973 22.890073776245117 17.684307098388672 11.19762134552002 6.486685752868652
3 218.0 15.209903717041016 22.720508575439453 17.794896602630615 11.158492088317871 6.636404514312744
3 219.0 15.289432525634766 22.583667755126953 17.846741676330566 11.073897361755371 6.772844314575195
3 220.0 15.372583389282227 22.45449447631836 17.917648792266846 11.017483711242676 6.90016508102417
3 221.0 15.478801727294922 22.32123374938965 18.008950233459473 10.929428100585938 7.079522132873535
3 222.0 15.567769050598145 22.151092529296875 18.092644214630127 10.862751960754395 7.229892253875732
3 223.0 15.680076599121094 21.957355499267578 18.229366302490234 10.791644096374512 7.437722206115723
3 224.0 15.764983177185059 21.72977066040039 18.332995414733887 10.698233604431152 7.634761810302734
3 225.0 15.813079833984375 21.47079086303711 18.338427543640137 10.569205284118652 7.769222259521484
3 226.0 15.887913703918457 21.22629165649414 18.41752529144287 10.45703411102295 7.960491180419922
3 227.0 15.986553192138672 20.994670867919922 18.554455757141113 10.385964393615723 8.16849136352539
3 228.0 16.07611083984375 20.779159545898438 18.70068645477295 10.328044891357422 8.372641563415527
3 229.0 16.119081497192383 20.57513999938965 18.791844367980957 10.245270729064941 8.546573638916016
3 230.0 16.104494094848633 20.345129013061523 18.84473991394043 10.17503547668457 8.66970443725586
3 231.0 16.07141876220703 20.07148551940918 18.852327346801758 10.087422370910645 8.764904975891113
3 232.0 16.069019317626953 19.77726936340332 18.911004066467285 10.007288932800293 8.903715133666992
3 233.0 16.10127830505371 19.497526168823242 18.963239669799805 9.921675682067871 9.041563987731934
3 234.0 16.145658493041992 19.250377655029297 19.069669723510742 9.819979667663574 9.249690055847168
3 235.0 16.19015884399414 18.99493408203125 19.201379776000977 9.7566499710083 9.444729804992676
3 236.0 16.14726448059082 18.718965530395508 19.2321195602417 9.62648868560791 9.605630874633789
3 237.0 16.064926147460938 18.43497085571289 19.25982666015625 9.511763572692871 9.748063087463379
3 238.0 16.008956909179688 18.156639099121094 19.291221618652344 9.400486946105957 9.890734672546387
3 239.0 16.028623580932617 17.869600296020508 19.316237449645996 9.285112380981445 10.03112506866455
3 240.0 16.08411979675293 17.60260009765625 19.475372314453125 9.185752868652344 10.289619445800781
3 241.0 16.102581024169922 17.347518920898438 19.551326751708984 9.092239379882812 10.459087371826172
3 242.0 16.034635543823242 17.09865951538086 19.548800468444824 8.977542877197266 10.571257591247559
3 243.0 15.978410720825195 16.880327224731445 19.52906608581543 8.892660140991211 10.636405944824219
3 244.0 15.929169654846191 16.62997817993164 19.506540298461914 8.77959156036377 10.726948738098145
3 245.0 15.905168533325195 16.370344161987305 19.476398468017578 8.625697135925293 10.850701332092285
3 246.0 15.866843223571777 16.094635009765625 19.43246078491211 8.49307918548584 10.93938159942627
3 247.0 15.83056640625 15.79483413696289 19.42457103729248 8.328069686889648 11.096501350402832
3 248.0 15.826713562011719 15.536266326904297 19.319270133972168 8.05032730102539 11.268942832946777
3 249.0 15.864042282104492 15.346752166748047 19.14797067642212 7.769093990325928 11.378876686096191
3 250.0 15.918282508850098 15.165877342224121 19.109670639038086 7.5482940673828125 11.561376571655273
3 251.0 15.920494079589844 14.955705642700195 18.945002555847168 7.187469482421875 11.757533073425293
3 252.0 15.884860038757324 14.73905086517334 18.902153491973877 6.954679012298584 11.947474479675293
3 253.0 15.85173225402832 14.540868759155273 18.91885471343994 6.82017707824707 12.098677635192871
3 254.0 15.849594116210938 14.335651397705078 18.948430061340332 6.663293838500977 12.285136222839355
3 255.0 15.847585678100586 14.143678665161133 18.974929332733154 6.544409275054932 12.430520057678223
3 256.0 15.870681762695312 13.963337898254395 19.02250862121582 6.4368391036987305 12.58566951751709
3 257.0 15.918320655822754 13.790397644042969 19.143900871276855 6.331437110900879 12.812463760375977
3 258.0 15.99516487121582 13.635900497436523 19.195242404937744 6.197542667388916 12.997699737548828
3 259.0 16.08030891418457 13.47630500793457 19.252264499664307 6.069406986236572 13.182857513427734
3 260.0 16.085168838500977 13.2486572265625 19.298336029052734 5.926307678222656 13.372028350830078
3 261.0 16.152103424072266 13.036957740783691 19.325467586517334 5.778707981109619 13.546759605407715
3 262.0 16.176509857177734 12.886478424072266 19.251864433288574 5.605223655700684 13.64664077758789
3 263.0 16.142972946166992 12.755453109741211 19.183191776275635 5.449681758880615 13.73351001739502
3 264.0 16.09070587158203 12.610661506652832 19.083547115325928 5.264124393463135 13.819422721862793
3 265.0 16.080110549926758 12.417086601257324 19.053101062774658 5.095224857330322 13.957876205444336
3 266.0 16.112436294555664 12.23531436920166 19.043092250823975 4.971469402313232 14.071622848510742
3 267.0 16.0953369140625 12.06919002532959 19.110729217529297 4.859149932861328 14.251579284667969
3 268.0 16.11335563659668 11.935194969177246 19.121935844421387 4.735002517700195 14.386933326721191
3 269.0 16.160953521728516 11.835479736328125 19.145893096923828 4.622833251953125 14.523059844970703
3 270.0 16.177242279052734 11.725435256958008 19.106499671936035 4.488467216491699 14.618032455444336
3 271.0 16.2452449798584 11.613700866699219 19.085429668426514 4.377610683441162 14.707818984985352
3 272.0 16.320154190063477 11.51754379272461 19.125652313232422 4.255084991455078 14.870567321777344
3 273.0 16.3112735748291 11.434516906738281 19.051846504211426 4.109074592590332 14.942771911621094
3 274.0 16.279687881469727 11.354080200195312 18.984705686569214 3.928670644760132 15.056035041809082
3 275.0 16.245811462402344 11.289562225341797 18.907463312149048 3.7616522312164307 15.145811080932617
3 276.0 16.240694046020508 11.219362258911133 18.907445430755615 3.6219563484191895 15.285489082336426
3 277.0 16.248456954956055 11.165407180786133 18.95530366897583 3.5189108848571777 15.436392784118652
3 278.0 16.244213104248047 11.127442359924316 18.958723306655884 3.4068443775177 15.551878929138184
3 279.0 16.266231536865234 11.107563018798828 19.036956787109375 3.3318796157836914 15.705077171325684
3 280.0 16.38134002685547 11.10035228729248 19.127657890319824 3.281444549560547 15.846213340759277
3 281.0 16.471384048461914 11.077352523803711 19.189396381378174 3.2163453102111816 15.973051071166992
3 282.0 16.565114974975586 11.074868202209473 19.242045164108276 3.1256015300750732 16.116443634033203
3 283.0 16.59728240966797 11.094928741455078 19.26439118385315 3.0412943363189697 16.22309684753418
3 284.0 16.62364959716797 11.107702255249023 19.250207901000977 2.948843002319336 16.30136489868164
3 285.0 16.585243225097656 11.083062171936035 19.24024271965027 2.8886706829071045 16.351572036743164
3 286.0 16.555307388305664 11.043062210083008 19.264479875564575 2.8497536182403564 16.41472625732422
3 287.0 16.588834762573242 11.030754089355469 19.29933261871338 2.8069639205932617 16.492368698120117
3 288.0 16.63374137878418 11.043325424194336 19.34529209136963 2.7552385330200195 16.59005355834961
3 289.0 16.700132369995117 11.07467269897461 19.37783694267273 2.6873347759246826 16.690502166748047
3 290.0 16.747900009155273 11.112399101257324 19.34103536605835 2.6030001640319824 16.738035202026367
3 291.0 16.791343688964844 11.147521018981934 19.32279944419861 2.5287606716156006 16.794038772583008
3 292.0 16.814823150634766 11.171446800231934 19.345433473587036 2.4759933948516846 16.86944007873535
3 293.0 16.823190689086914 11.195487976074219 19.356486797332764 2.41353178024292 16.942955017089844
3 294.0 16.87129020690918 11.221034049987793 19.348397970199585 2.354448080062866 16.99394989013672
3 295.0 16.96604347229004 11.275875091552734 19.402822494506836 2.319253921508789 17.083568572998047
3 296.0 17.105857849121094 11.35249137878418 19.433425426483154 2.2899374961853027 17.14348793029785
3 297.0 17.21169662475586 11.438758850097656 19.48707938194275 2.2413346767425537 17.245744705200195
3 298.0 17.25998878479004 11.48592758178711 19.54248356819153 2.208531618118286 17.333951950073242
3 299.0 17.23938751220703 11.468133926391602 19.55221724510193 2.171403646469116 17.380813598632812
3 300.0 17.25587272644043 11.448251724243164 19.63765788078308 2.144495725631714 17.493162155151367
3 301.0 17.319721221923828 11.465109825134277 19.6940279006958 2.110091209411621 17.58393669128418
3 302.0 17.394887924194336 11.516010284423828 19.742899656295776 2.0838325023651123 17.659067153930664
3 303.0 17.438570022583008 11.565020561218262 19.805386066436768 2.0649991035461426 17.740386962890625
3 304.0 17.4495849609375 11.580204963684082 19.875271320343018 2.0627427101135254 17.812528610229492
3 305.0 17.459613800048828 11.598358154296875 19.89792013168335 2.064767360687256 17.833152770996094
3 306.0 17.50731658935547 11.687782287597656 19.928876399993896 2.0474390983581543 17.881437301635742
3 307.0 17.552350997924805 11.742024421691895 19.920599460601807 2.029663562774658 17.89093589782715
3 308.0 17.579757690429688 11.763047218322754 20.069629907608032 2.016449213027954 18.053180694580078
3 309.0 17.55999183654785 11.802948951721191 20.06236481666565 2.0014536380767822 18.060911178588867
3 310.0 17.522689819335938 11.85793685913086 20.05017077922821 1.980319857597351 18.06985092163086
3 311.0 17.482192993164062 11.900101661682129 19.985922694206238 1.9554013013839722 18.030521392822266
3 312.0 17.472049713134766 11.952716827392578 20.025761365890503 1.9326961040496826 18.09306526184082
3 313.0 17.48889923095703 12.086493492126465 20.023757100105286 1.9199877977371216 18.103769302368164
3 314.0 17.51195526123047 12.191842079162598 19.94353485107422 1.8914947509765625 18.052040100097656
3 315.0 17.56433868408203 12.258234977722168 19.98718512058258 1.892799973487854 18.094385147094727
3 316.0 17.582637786865234 12.323826789855957 19.950220584869385 1.8828186988830566 18.067401885986328
3 317.0 17.555971145629883 12.378801345825195 19.954285979270935 1.8742440938949585 18.080041885375977
3 318.0 17.53384780883789 12.40221881866455 19.93974792957306 1.8743067979812622 18.065441131591797
3 319.0 17.540267944335938 12.444425582885742 19.955514073371887 1.8903743028640747 18.065139770507812
3 320.0 17.580970764160156 12.520606994628906 20.009918689727783 1.8847260475158691 18.125192642211914
3 321.0 17.669557571411133 12.668597221374512 20.066758513450623 1.8993905782699585 18.167367935180664
3 322.0 17.770774841308594 12.844446182250977 20.15938365459442 1.9146002531051636 18.244783401489258
3 323.0 17.886150360107422 13.000953674316406 20.226279735565186 1.9191317558288574 18.307147979736328
3 324.0 18.055492401123047 13.128575325012207 20.335148572921753 1.970677137374878 18.364471435546875
3 325.0 18.226787567138672 13.283967971801758 20.428560256958008 2.0241146087646484 18.40444564819336
3 326.0 18.47473907470703 13.509572982788086 20.584948539733887 2.099581718444824 18.485366821289062
3 327.0 18.690303802490234 13.728204727172852 20.712962865829468 2.1772782802581787 18.53568458557129
3 328.0 18.81048011779785 13.8748779296875 20.79447340965271 2.2043492794036865 18.590124130249023
3 329.0 18.88608169555664 14.026580810546875 20.814098596572876 2.2322580814361572 18.58184051513672
3 330.0 18.976394653320312 14.188676834106445 20.846935033798218 2.251718282699585 18.595216751098633
3 331.0 19.026409149169922 14.313316345214844 20.951816082000732 2.276885509490967 18.674930572509766
3 332.0 19.014780044555664 14.400712966918945 20.968424320220947 2.3182854652404785 18.65013885498047
3 333.0 19.015121459960938 14.453847885131836 21.06789493560791 2.400528907775879 18.66736602783203
3 334.0 18.98668098449707 14.484986305236816 21.084832906723022 2.435930013656616 18.648902893066406
3 335.0 18.97300910949707 14.54075813293457 21.06594204902649 2.4557735919952393 18.61016845703125
3 336.0 19.034147262573242 14.643386840820312 21.09000277519226 2.4613864421844482 18.628616333007812
3 337.0 19.125877380371094 14.76209831237793 21.14483952522278 2.476701021194458 18.66813850402832
3 338.0 19.211925506591797 14.854917526245117 21.238033056259155 2.529142141342163 18.708890914916992
3 339.0 19.272157669067383 14.937746047973633 21.29649806022644 2.5838897228240967 18.712608337402344
3 340.0 19.29810905456543 15.014284133911133 21.334686756134033 2.6242737770080566 18.710412979125977
3 341.0 19.25002670288086 15.045686721801758 21.386029481887817 2.683673143386841 18.702356338500977
3 342.0 19.170671463012695 15.071699142456055 21.356921195983887 2.714898109436035 18.64202308654785
3 343.0 19.11490249633789 15.106552124023438 21.3502516746521 2.753821849822998 18.5964298248291
3 344.0 19.04656982421875 15.092089653015137 21.30598759651184 2.7768032550811768 18.529184341430664
3 345.0 18.9949951171875 15.070667266845703 21.341530323028564 2.8038182258605957 18.53771209716797
3 346.0 19.009958267211914 15.060962677001953 21.394206523895264 2.8603262901306152 18.53388023376465
3 347.0 19.06793212890625 15.099241256713867 21.426750659942627 2.9184155464172363 18.50833511352539
3 348.0 19.10472869873047 15.120211601257324 21.45536780357361 3.008399724960327 18.44696807861328
3 349.0 19.1563720703125 15.15986156463623 21.547924280166626 3.10054612159729 18.447378158569336
3 350.0 19.142681121826172 15.193475723266602 21.521374464035034 3.149548292160034 18.371826171875
3 351.0 19.12610626220703 15.249518394470215 21.550561666488647 3.2037007808685303 18.346860885620117
3 352.0 19.142200469970703 15.29355239868164 21.60051918029785 3.2603015899658203 18.34021759033203
3 353.0 19.166927337646484 15.29783821105957 21.63169527053833 3.299849033355713 18.331846237182617
3 354.0 19.2010498046875 15.296439170837402 21.71008849143982 3.366271734237671 18.34381675720215
3 355.0 19.186283111572266 15.267745018005371 21.750718593597412 3.418626308441162 18.33209228515625
3 356.0 19.301576614379883 15.294677734375 21.893720626831055 3.6045475006103516 18.289173126220703
3 357.0 19.511808395385742 15.39561653137207 22.11290979385376 3.8330044746398926 18.279905319213867
3 358.0 19.702714920043945 15.518270492553711 22.30106544494629 4.041767120361328 18.25929832458496
3 359.0 19.822357177734375 15.592944145202637 22.515896797180176 4.2687883377075195 18.247108459472656
3 360.0 19.930953979492188 15.65053653717041 22.663945198059082 4.444504737854004 18.219440460205078
3 361.0 20.007455825805664 15.654862403869629 22.805318355560303 4.6275763511657715 18.17774200439453
3 362.0 20.08391761779785 15.671558380126953 23.00565767288208 4.876156330108643 18.129501342773438
3 363.0 20.16132164001465 15.672752380371094 23.080870628356934 5.069167137145996 18.011703491210938
3 364.0 20.23186683654785 15.672470092773438 23.27824306488037 5.337967872619629 17.940275192260742
3 365.0 20.350431442260742 15.68356704711914 23.479196071624756 5.589231014251709 17.889965057373047
3 366.0 20.419570922851562 15.695747375488281 23.57602548599243 5.7733235359191895 17.802701950073242
4 1.0 20.848468780517578 25.732519149780273 24.849336624145508 8.205692291259766 16.643644332885742
4 2.0 20.80449867248535 25.436250686645508 24.943151473999023 8.341653823852539 16.601497650146484
4 3.0 20.816272735595703 25.167949676513672 25.115010261535645 8.561474800109863 16.55353546142578
4 4.0 20.880149841308594 24.966651916503906 25.24258518218994 8.76012897491455 16.48245620727539
4 5.0 20.900508880615234 24.756065368652344 25.38237953186035 8.921613693237305 16.460765838623047
4 6.0 20.808353424072266 24.51820945739746 25.39876651763916 9.048781394958496 16.349985122680664
4 7.0 20.67575454711914 24.283775329589844 25.388920783996582 9.167969703674316 16.220951080322266
4 8.0 20.514774322509766 24.076419830322266 25.30467987060547 9.219097137451172 16.085582733154297
4 9.0 20.32709503173828 23.846717834472656 25.1768798828125 9.235156059265137 15.941723823547363
4 10.0 20.159778594970703 23.619815826416016 25.136045455932617 9.308782577514648 15.827262878417969
4 11.0 19.990140914916992 23.378475189208984 25.116247177124023 9.434564590454102 15.681682586669922
4 12.0 19.807554244995117 23.138160705566406 25.088909149169922 9.518481254577637 15.570427894592285
4 13.0 19.57654571533203 22.884788513183594 24.985896110534668 9.56279182434082 15.423104286193848
4 14.0 19.324771881103516 22.64026641845703 24.86217212677002 9.586345672607422 15.275826454162598
4 15.0 19.131145477294922 22.414947509765625 24.75102710723877 9.600361824035645 15.150665283203125
4 16.0 18.94928741455078 22.14615249633789 24.67746925354004 9.686634063720703 14.990835189819336
4 17.0 18.745994567871094 21.81438446044922 24.57570743560791 9.758091926574707 14.817615509033203
4 18.0 18.56668472290039 21.55713653564453 24.42065143585205 9.792206764221191 14.62844467163086
4 19.0 18.360187530517578 21.340988159179688 24.19285011291504 9.830672264099121 14.362177848815918
4 20.0 18.162084579467773 21.112855911254883 24.066460609436035 9.902262687683105 14.16419792175293
4 21.0 17.997791290283203 20.866985321044922 23.974196434020996 10.01496410369873 13.959232330322266
4 22.0 17.799591064453125 20.60070037841797 23.825819969177246 10.09933853149414 13.726481437683105
4 23.0 17.513107299804688 20.25655174255371 23.555025100708008 10.17098331451416 13.384041786193848
4 24.0 17.235158920288086 19.882415771484375 23.256000518798828 10.258293151855469 12.99770736694336
4 25.0 16.986082077026367 19.614545822143555 22.759811401367188 10.33048152923584 12.429329872131348
4 26.0 16.701366424560547 19.391929626464844 22.27080726623535 10.386341094970703 11.884466171264648
4 27.0 16.377796173095703 19.162185668945312 21.701902389526367 10.3990478515625 11.302854537963867
4 28.0 16.08135223388672 18.924707412719727 21.143157958984375 10.435537338256836 10.707620620727539
4 29.0 15.813103675842285 18.716670989990234 20.625537872314453 10.487580299377441 10.137957572937012
4 30.0 15.566755294799805 18.563016891479492 20.25075912475586 10.538551330566406 9.712207794189453
4 31.0 15.303871154785156 18.390193939208984 19.775389671325684 10.590494155883789 9.184895515441895
4 32.0 14.979955673217773 18.16107749938965 19.113844871520996 10.613542556762695 8.5003023147583
4 33.0 14.658357620239258 17.976688385009766 18.459856510162354 10.592757225036621 7.867099285125732
4 34.0 14.44858455657959 17.864246368408203 17.976523399353027 10.622058868408203 7.354464530944824
4 35.0 14.258771896362305 17.748058319091797 17.507153511047363 10.700766563415527 6.806386947631836
4 36.0 14.020696640014648 17.58492088317871 16.737645626068115 10.788056373596191 5.949589252471924
4 37.0 13.810077667236328 17.43198585510254 16.096999645233154 10.872501373291016 5.224498271942139
4 38.0 13.608514785766602 17.303382873535156 15.677999496459961 10.990792274475098 4.687207221984863
4 39.0 13.468414306640625 17.207284927368164 15.314582347869873 11.105889320373535 4.208693027496338
4 40.0 13.429533958435059 17.165721893310547 15.135435342788696 11.279491424560547 3.8559439182281494
4 41.0 13.425535202026367 17.16952896118164 15.028029680252075 11.404169082641602 3.6238605976104736
4 42.0 13.364402770996094 17.162643432617188 14.938799858093262 11.484395980834961 3.454403877258301
4 43.0 13.284326553344727 17.15959930419922 14.785762071609497 11.528377532958984 3.2573845386505127
4 44.0 13.251368522644043 17.15627670288086 14.733852863311768 11.606976509094238 3.1268763542175293
4 45.0 13.156286239624023 17.114227294921875 14.546377182006836 11.636735916137695 2.9096412658691406
4 46.0 13.016779899597168 17.061155319213867 14.380849361419678 11.658831596374512 2.722017765045166
4 47.0 12.914875984191895 17.035673141479492 14.184992790222168 11.681821823120117 2.503170967102051
4 48.0 12.83000659942627 17.027053833007812 13.982776880264282 11.720166206359863 2.262610673904419
4 49.0 12.766900062561035 17.032909393310547 13.76067590713501 11.76917839050293 1.99149751663208
4 50.0 12.729902267456055 17.047386169433594 13.637644529342651 11.835774421691895 1.8018701076507568
4 51.0 12.714641571044922 17.102977752685547 13.54001772403717 11.898868560791016 1.6411491632461548
4 52.0 12.68494987487793 17.14801788330078 13.477354764938354 11.937232971191406 1.5401217937469482
4 53.0 12.627232551574707 17.17264747619629 13.429643869400024 11.964690208435059 1.4649536609649658
4 54.0 12.564621925354004 17.1785888671875 13.380504846572876 11.998991012573242 1.3815138339996338
4 55.0 12.52011775970459 17.189075469970703 13.311834692955017 12.06240177154541 1.249432921409607
4 56.0 12.507675170898438 17.216747283935547 13.246963739395142 12.110099792480469 1.1368639469146729
4 57.0 12.569263458251953 17.28730583190918 13.257705092430115 12.20435619354248 1.0533488988876343
4 58.0 12.630492210388184 17.387386322021484 13.259443700313568 12.282293319702148 0.9771503806114197
4 59.0 12.621716499328613 17.474157333374023 13.240064024925232 12.325359344482422 0.9147046804428101
4 60.0 12.626677513122559 17.563987731933594 13.218374907970428 12.358262062072754 0.8601128458976746
4 61.0 12.607831954956055 17.636255264282227 13.19623601436615 12.388343811035156 0.8078922033309937
4 62.0 12.574621200561523 17.68929672241211 13.16083562374115 12.402841567993164 0.7579940557479858
4 63.0 12.546732902526855 17.731563568115234 13.152953684329987 12.442355155944824 0.7105985283851624
4 64.0 12.524175643920898 17.77255630493164 13.121324956417084 12.494035720825195 0.6272892355918884
4 65.0 12.484760284423828 17.810932159423828 13.080429553985596 12.516495704650879 0.5639338493347168
4 66.0 12.470673561096191 17.85050392150879 13.102997899055481 12.597530364990234 0.5054675340652466
4 67.0 12.482280731201172 17.91033172607422 13.14814567565918 12.679981231689453 0.46816444396972656
4 68.0 12.518736839294434 17.997529983520508 13.190070152282715 12.767254829406738 0.42281532287597656
4 69.0 12.570594787597656 18.09794807434082 13.243883818387985 12.859227180480957 0.3846566379070282
4 70.0 12.638130187988281 18.212230682373047 13.28671145439148 12.92839527130127 0.35831618309020996
4 71.0 12.704878807067871 18.336210250854492 13.400659024715424 13.057559967041016 0.34309905767440796
4 72.0 12.714950561523438 18.45706558227539 13.380350321531296 13.05010986328125 0.3302404582500458
4 73.0 12.676101684570312 18.545713424682617 13.369099587202072 13.068814277648926 0.30028530955314636
4 74.0 12.59642219543457 18.541873931884766 13.374059528112411 13.090023040771484 0.2840364873409271
4 75.0 12.611802101135254 18.613515853881836 13.39971449971199 13.131904602050781 0.2678098976612091
4 76.0 12.674245834350586 18.7513484954834 13.456566125154495 13.197235107421875 0.25933101773262024
4 77.0 12.639338493347168 18.85196304321289 13.436010181903839 13.183694839477539 0.25231534242630005
4 78.0 12.642292976379395 18.94965362548828 13.43743759393692 13.192817687988281 0.24461990594863892
4 79.0 12.719259262084961 19.055160522460938 13.498738378286362 13.269119262695312 0.2296191155910492
4 80.0 12.798301696777344 19.158294677734375 13.597368255257607 13.382662773132324 0.2147054821252823
4 81.0 12.882920265197754 19.25700569152832 13.684931635856628 13.478678703308105 0.20625293254852295
4 82.0 12.959037780761719 19.34226417541504 13.753863036632538 13.553812026977539 0.20005100965499878
4 83.0 13.041522979736328 19.436161041259766 13.876471772789955 13.681114196777344 0.1953575760126114
4 84.0 13.138962745666504 19.53900718688965 13.96750059723854 13.772309303283691 0.19519129395484924
4 85.0 13.155296325683594 19.631948471069336 13.979843854904175 13.79781436920166 0.18202948570251465
4 86.0 13.152627944946289 19.728925704956055 13.946397319436073 13.7696533203125 0.1767439991235733
4 87.0 13.131820678710938 19.809219360351562 13.935712397098541 13.764689445495605 0.1710229516029358
4 88.0 13.080644607543945 19.87546730041504 13.904795676469803 13.739500045776367 0.16529563069343567
4 89.0 13.055973052978516 19.882251739501953 13.925181090831757 13.772295951843262 0.15288513898849487
4 90.0 13.059548377990723 19.91638946533203 13.933545306324959 13.785019874572754 0.1485254317522049
4 91.0 13.091965675354004 20.00819969177246 13.955077037215233 13.809704780578613 0.14537225663661957
4 92.0 13.174291610717773 20.125490188598633 14.055871158838272 13.91496753692627 0.14090362191200256
4 93.0 13.271078109741211 20.253555297851562 14.10924431681633 13.968971252441406 0.1402730643749237
4 94.0 13.30651569366455 20.369478225708008 14.14240911602974 14.009504318237305 0.1329047977924347
4 95.0 13.308012008666992 20.483320236206055 14.129056081175804 13.999263763427734 0.12979231774806976
4 96.0 13.315266609191895 20.5836181640625 14.135842435061932 14.011896133422852 0.12394630163908005
4 97.0 13.328344345092773 20.665565490722656 14.145989537239075 14.014187812805176 0.13180172443389893
4 98.0 13.323071479797363 20.746423721313477 14.166748329997063 14.037932395935059 0.1288159340620041
4 99.0 13.307944297790527 20.816726684570312 14.186037749052048 14.05807876586914 0.1279589831829071
4 100.0 13.266802787780762 20.88334846496582 14.134358450770378 14.00385570526123 0.13050274550914764
4 101.0 13.240474700927734 20.973236083984375 14.038991525769234 13.90882682800293 0.13016469776630402
4 102.0 13.247454643249512 21.085586547851562 14.040485605597496 13.919367790222168 0.12111781537532806
4 103.0 13.253644943237305 21.188974380493164 14.032429449260235 13.917245864868164 0.11518358439207077
4 104.0 13.287219047546387 21.303762435913086 14.07612743973732 13.96683120727539 0.10929623246192932
4 105.0 13.295676231384277 21.39903450012207 14.073323898017406 13.975674629211426 0.09764926880598068
4 106.0 13.260407447814941 21.45250129699707 14.10268272459507 14.00339126586914 0.09929145872592926
4 107.0 13.25650691986084 21.500553131103516 14.122027605772018 14.022692680358887 0.09933492541313171
4 108.0 13.32162857055664 21.581809997558594 14.16588381677866 14.06734848022461 0.09853533655405045
4 109.0 13.411611557006836 21.679855346679688 14.21953547745943 14.121910095214844 0.09762538224458694
4 110.0 13.489694595336914 21.77277374267578 14.312397941946983 14.215147018432617 0.09725092351436615
4 111.0 13.510724067687988 21.855012893676758 14.354011781513691 14.257930755615234 0.09608102589845657
4 112.0 13.529742240905762 21.93077278137207 14.355302400887012 14.257628440856934 0.09767396003007889
4 113.0 13.54853630065918 22.013463973999023 14.393898263573647 14.295394897460938 0.09850336611270905
4 114.0 13.572866439819336 22.09173583984375 14.409657299518585 14.314778327941895 0.09487897157669067
4 115.0 13.594427108764648 22.168039321899414 14.43611803650856 14.343294143676758 0.09282389283180237
4 116.0 13.624252319335938 22.260915756225586 14.432956524193287 14.339557647705078 0.09339887648820877
4 117.0 13.65274715423584 22.35933494567871 14.452945679426193 14.359386444091797 0.09355923533439636
4 118.0 13.66983413696289 22.430587768554688 14.477823331952095 14.382433891296387 0.09538944065570831
4 119.0 13.698877334594727 22.486289978027344 14.535354524850845 14.437117576599121 0.09823694825172424
4 120.0 13.706618309020996 22.49359893798828 14.569107472896576 14.466858863830566 0.10224860906600952
4 121.0 13.707212448120117 22.534658432006836 14.56807966530323 14.459063529968262 0.10901613533496857
4 122.0 13.701370239257812 22.587440490722656 14.584966942667961 14.47324275970459 0.11172418296337128
4 123.0 13.693670272827148 22.652450561523438 14.594785779714584 14.47924518585205 0.11554059386253357
4 124.0 13.698107719421387 22.748483657836914 14.60062138736248 14.477011680603027 0.12360970675945282
4 125.0 13.694933891296387 22.828670501708984 14.612030372023582 14.478946685791016 0.13308368623256683
4 126.0 13.701462745666504 22.90127944946289 14.616662740707397 14.47867202758789 0.13799071311950684
4 127.0 13.72237777709961 22.982616424560547 14.641775131225586 14.49052619934082 0.15124893188476562
4 128.0 13.715731620788574 23.047691345214844 14.648717895150185 14.488388061523438 0.16032983362674713
4 129.0 13.710084915161133 23.143630981445312 14.66398973762989 14.492368698120117 0.17162103950977325
4 130.0 13.646400451660156 23.16090965270996 14.585906401276588 14.414687156677246 0.17121924459934235
4 131.0 13.584327697753906 23.17363739013672 14.575865671038628 14.395776748657227 0.18008892238140106
4 132.0 13.523136138916016 23.16445541381836 14.55450239777565 14.36135196685791 0.19315043091773987
4 133.0 13.493627548217773 23.21847915649414 14.557498693466187 14.354208946228027 0.20328974723815918
4 134.0 13.477025032043457 23.286375045776367 14.523971542716026 14.321776390075684 0.2021951526403427
4 135.0 13.439239501953125 23.310726165771484 14.498480796813965 14.287513732910156 0.2109670639038086
4 136.0 13.407682418823242 23.355384826660156 14.460412248969078 14.248698234558105 0.2117140144109726
4 137.0 13.373796463012695 23.34527587890625 14.468119367957115 14.234589576721191 0.23352979123592377
4 138.0 13.347103118896484 23.291894912719727 14.474472969770432 14.206629753112793 0.26784321665763855
4 139.0 13.351507186889648 23.316085815429688 14.495030790567398 14.195250511169434 0.2997802793979645
4 140.0 13.359243392944336 23.40045738220215 14.503814607858658 14.176421165466309 0.32739344239234924
4 141.0 13.37707233428955 23.479007720947266 14.547122240066528 14.155929565429688 0.3911926746368408
4 142.0 13.398248672485352 23.556825637817383 14.57659438252449 14.12437915802002 0.4522152245044708
4 143.0 13.41982650756836 23.599746704101562 14.610750794410706 14.10242748260498 0.5083233118057251
4 144.0 13.463244438171387 23.659440994262695 14.652131617069244 14.093144416809082 0.5589872002601624
4 145.0 13.446389198303223 23.651525497436523 14.676314651966095 14.086867332458496 0.5894473195075989
4 146.0 13.429627418518066 23.649675369262695 14.621062576770782 14.013455390930176 0.6076071858406067
4 147.0 13.452363967895508 23.719703674316406 14.586304247379303 13.928821563720703 0.6574826836585999
4 148.0 13.481218338012695 23.81195831298828 14.553429543972015 13.841246604919434 0.7121829390525818
4 149.0 13.516530990600586 23.899179458618164 14.609165608882904 13.84041690826416 0.7687487006187439
4 150.0 13.551679611206055 23.9825496673584 14.65326327085495 13.832198143005371 0.8210651278495789
4 151.0 13.570832252502441 24.06170082092285 14.655908524990082 13.821209907531738 0.8346986174583435
4 152.0 13.589274406433105 24.092464447021484 14.701034128665924 13.842580795288086 0.8584533333778381
4 153.0 13.621965408325195 24.11194610595703 14.751846015453339 13.83566951751709 0.9161764979362488
4 154.0 13.67557144165039 24.178253173828125 14.802047669887543 13.837522506713867 0.9645251631736755
4 155.0 13.714130401611328 24.268962860107422 14.798004150390625 13.806015968322754 0.9919881820678711
4 156.0 13.742145538330078 24.32705307006836 14.830887079238892 13.80894947052002 1.021937608718872
4 157.0 13.753178596496582 24.330909729003906 14.883802652359009 13.802900314331055 1.080902338027954
4 158.0 13.739728927612305 24.318761825561523 14.909145593643188 13.801375389099121 1.1077702045440674
4 159.0 13.71687126159668 24.323686599731445 14.889162540435791 13.74307632446289 1.1460862159729004
4 160.0 13.71246337890625 24.34935760498047 14.909640431404114 13.729339599609375 1.1803008317947388
4 161.0 13.707497596740723 24.366050720214844 14.922193169593811 13.70601749420166 1.2161756753921509
4 162.0 13.689449310302734 24.396137237548828 14.857876777648926 13.600977897644043 1.2568988800048828
4 163.0 13.669925689697266 24.426361083984375 14.829388499259949 13.533649444580078 1.2957390546798706
4 164.0 13.622365951538086 24.422266006469727 14.796177744865417 13.469915390014648 1.326262354850769
4 165.0 13.590563774108887 24.43439292907715 14.800860166549683 13.424032211303711 1.3768279552459717
4 166.0 13.603032112121582 24.45248794555664 14.788662433624268 13.371687889099121 1.4169745445251465
4 167.0 13.645279884338379 24.48899269104004 14.83531630039215 13.338809967041016 1.4965063333511353
4 168.0 13.686502456665039 24.52789306640625 14.89994990825653 13.30492115020752 1.5950287580490112
4 169.0 13.732841491699219 24.563398361206055 14.939099311828613 13.250097274780273 1.6890020370483398
4 170.0 13.752289772033691 24.59984588623047 14.98857855796814 13.22540283203125 1.7631757259368896
4 171.0 13.779298782348633 24.623014450073242 15.068913102149963 13.19416618347168 1.8747469186782837
4 172.0 13.793956756591797 24.65923500061035 15.142189979553223 13.15896987915039 1.983220100402832
4 173.0 13.809808731079102 24.68304443359375 15.126784563064575 13.098634719848633 2.0281498432159424
4 174.0 13.859216690063477 24.703615188598633 15.18946123123169 13.059782981872559 2.129678249359131
4 175.0 13.875577926635742 24.72658348083496 15.22072982788086 13.009371757507324 2.211358070373535
4 176.0 13.878883361816406 24.727033615112305 15.222814083099365 12.95766830444336 2.265145778656006
4 177.0 13.911619186401367 24.689001083374023 15.271627187728882 12.8916654586792 2.3799617290496826
4 178.0 13.980241775512695 24.673425674438477 15.362727880477905 12.843363761901855 2.51936411857605
4 179.0 14.017131805419922 24.665681838989258 15.436894416809082 12.790030479431152 2.6468639373779297
4 180.0 14.036314010620117 24.662757873535156 15.451719284057617 12.746590614318848 2.7051286697387695
4 181.0 14.089680671691895 24.682300567626953 15.511030197143555 12.702657699584961 2.8083724975585938
4 182.0 14.14256477355957 24.689786911010742 15.601052284240723 12.682182312011719 2.918869972229004
4 183.0 14.203903198242188 24.700666427612305 15.691177606582642 12.646017074584961 3.0451605319976807
4 184.0 14.260700225830078 24.709285736083984 15.758965969085693 12.61013126373291 3.148834705352783
4 185.0 14.329080581665039 24.71433448791504 15.882221221923828 12.578948020935059 3.3032732009887695
4 186.0 14.399723052978516 24.715776443481445 15.999844789505005 12.543060302734375 3.45678448677063
4 187.0 14.4789457321167 24.71240234375 16.103538036346436 12.485273361206055 3.618264675140381
4 188.0 14.511537551879883 24.679597854614258 16.163671016693115 12.440969467163086 3.7227015495300293
4 189.0 14.532726287841797 24.622350692749023 16.221604347229004 12.392203330993652 3.8294010162353516
4 190.0 14.561602592468262 24.590131759643555 16.290582418441772 12.353899002075195 3.936683416366577
4 191.0 14.627781867980957 24.578378677368164 16.327935218811035 12.311712265014648 4.016222953796387
4 192.0 14.71017074584961 24.59461784362793 16.423155307769775 12.270468711853027 4.152686595916748
4 193.0 14.750810623168945 24.566904067993164 16.42661476135254 12.221975326538086 4.204639434814453
4 194.0 14.714044570922852 24.528888702392578 16.424705982208252 12.179076194763184 4.245629787445068
4 195.0 14.739721298217773 24.49558448791504 16.475032329559326 12.129680633544922 4.345351696014404
4 196.0 14.827667236328125 24.47657012939453 16.618959426879883 12.099882125854492 4.519077301025391
4 197.0 14.922094345092773 24.45218276977539 16.72304916381836 12.050267219543457 4.672781944274902
4 198.0 14.965620994567871 24.397361755371094 16.809086799621582 12.007627487182617 4.801459312438965
4 199.0 15.01807975769043 24.353374481201172 16.87648868560791 11.948129653930664 4.928359031677246
4 200.0 15.111597061157227 24.314531326293945 17.02004384994507 11.932945251464844 5.087098598480225
4 201.0 15.211892127990723 24.279644012451172 17.102393627166748 11.875493049621582 5.226900577545166
4 202.0 15.304557800292969 24.22772979736328 17.2323899269104 11.83259391784668 5.399796009063721
4 203.0 15.391096115112305 24.1632022857666 17.36423969268799 11.812280654907227 5.551959037780762
4 204.0 15.444883346557617 24.102083206176758 17.48739194869995 11.786356925964355 5.701035022735596
4 205.0 15.483482360839844 23.997941970825195 17.605037689208984 11.76992130279541 5.835116386413574
4 206.0 15.568361282348633 23.89603614807129 17.706907272338867 11.75156307220459 5.955344200134277
4 207.0 15.645983695983887 23.83173942565918 17.84471845626831 11.72263240814209 6.122086048126221
4 208.0 15.725255966186523 23.761735916137695 17.953247547149658 11.65809154510498 6.295156002044678
4 209.0 15.803807258605957 23.67966651916504 18.05040407180786 11.624799728393555 6.425604343414307
4 210.0 15.84710693359375 23.570392608642578 18.156434059143066 11.582354545593262 6.574079513549805
4 211.0 15.850204467773438 23.462156295776367 18.20360517501831 11.542913436889648 6.660691738128662
4 212.0 15.8841552734375 23.353553771972656 18.22935914993286 11.479034423828125 6.750324726104736
4 213.0 15.946273803710938 23.263103485107422 18.321776866912842 11.423007011413574 6.898769855499268
4 214.0 16.020572662353516 23.166032791137695 18.449938774108887 11.400334358215332 7.049604415893555
4 215.0 16.04957389831543 23.076244354248047 18.551044464111328 11.36479377746582 7.186250686645508
4 216.0 16.049196243286133 22.991714477539062 18.560272693634033 11.295745849609375 7.264526844024658
4 217.0 16.071582794189453 22.90108871459961 18.597750663757324 11.244997024536133 7.352753639221191
4 218.0 16.10043716430664 22.815397262573242 18.63747549057007 11.193496704101562 7.443978786468506
4 219.0 16.139192581176758 22.720888137817383 18.687514305114746 11.11795711517334 7.569557189941406
4 220.0 16.20277976989746 22.618263244628906 18.767446041107178 11.037788391113281 7.7296576499938965
4 221.0 16.258548736572266 22.505849838256836 18.790276527404785 10.902902603149414 7.887373924255371
4 222.0 16.337005615234375 22.365741729736328 18.863150596618652 10.826218605041504 8.036931991577148
4 223.0 16.41291046142578 22.22292709350586 19.00095558166504 10.722234725952148 8.27872085571289
4 224.0 16.46859359741211 22.079696655273438 19.0844783782959 10.640239715576172 8.444238662719727
4 225.0 16.52646827697754 21.944175720214844 19.169586181640625 10.527982711791992 8.641603469848633
4 226.0 16.513032913208008 21.75896453857422 19.170106887817383 10.415667533874512 8.754439353942871
4 227.0 16.456192016601562 21.5301456451416 19.179988861083984 10.321215629577637 8.858773231506348
4 228.0 16.411958694458008 21.31392478942871 19.238699913024902 10.239982604980469 8.998717308044434
4 229.0 16.380508422851562 21.116443634033203 19.24800682067871 10.1597261428833 9.08828067779541
4 230.0 16.377029418945312 20.889982223510742 19.37495231628418 10.128263473510742 9.246688842773438
4 231.0 16.42184829711914 20.6544189453125 19.421643257141113 10.03116226196289 9.390480995178223
4 232.0 16.448991775512695 20.42653465270996 19.439337730407715 9.946590423583984 9.49274730682373
4 233.0 16.49628448486328 20.2111873626709 19.56446647644043 9.831612586975098 9.732853889465332
4 234.0 16.61729621887207 20.001665115356445 19.65083122253418 9.706399917602539 9.94443130493164
4 235.0 16.76279640197754 19.798770904541016 19.794511795043945 9.565706253051758 10.228805541992188
4 236.0 16.863046646118164 19.602590560913086 19.877307891845703 9.443251609802246 10.434056282043457
4 237.0 17.01090431213379 19.40479850769043 20.002914428710938 9.27682113647461 10.726093292236328
4 238.0 17.128400802612305 19.226707458496094 20.067872047424316 9.125889778137207 10.94198226928711
4 239.0 17.254472732543945 19.046781539916992 20.222708702087402 8.973187446594238 11.249521255493164
4 240.0 17.393218994140625 18.847333908081055 20.364973068237305 8.84796142578125 11.517011642456055
4 241.0 17.420181274414062 18.629018783569336 20.451221466064453 8.744362831115723 11.70685863494873
4 242.0 17.406267166137695 18.36123275756836 20.45647144317627 8.632415771484375 11.824055671691895
4 243.0 17.424060821533203 18.07404899597168 20.463958740234375 8.521453857421875 11.9425048828125
4 244.0 17.51767349243164 17.78076171875 20.531818389892578 8.450242042541504 12.081576347351074
4 245.0 17.64435577392578 17.496662139892578 20.65443229675293 8.381037712097168 12.273394584655762
4 246.0 17.679580688476562 17.206207275390625 20.737634658813477 8.305885314941406 12.43174934387207
4 247.0 17.688007354736328 16.898021697998047 20.788013458251953 8.240447998046875 12.547565460205078
4 248.0 17.678133010864258 16.54379653930664 20.85393238067627 8.15482234954834 12.69911003112793
4 249.0 17.73843002319336 16.27066421508789 20.945597648620605 8.074858665466309 12.870738983154297
4 250.0 17.873863220214844 16.063152313232422 21.09948444366455 8.0001859664917 13.099298477172852
4 251.0 17.999526977539062 15.884593963623047 21.268868446350098 7.928746223449707 13.34012222290039
4 252.0 18.087127685546875 15.721059799194336 21.447847366333008 7.864060401916504 13.583786964416504
4 253.0 18.151397705078125 15.574002265930176 21.58223056793213 7.771871566772461 13.810359001159668
4 254.0 18.14508819580078 15.404901504516602 21.662203788757324 7.666007041931152 13.996196746826172
4 255.0 18.160261154174805 15.239690780639648 21.762598514556885 7.579916477203369 14.182682037353516
4 256.0 18.18749237060547 15.089117050170898 21.808629035949707 7.46864128112793 14.339987754821777
4 257.0 18.173431396484375 14.87444019317627 21.838690280914307 7.365543842315674 14.473146438598633
4 258.0 18.152257919311523 14.708135604858398 21.890564441680908 7.2660040855407715 14.624560356140137
4 259.0 18.161487579345703 14.588235855102539 21.898836135864258 7.1258392333984375 14.77299690246582
4 260.0 18.180418014526367 14.474974632263184 21.89077138900757 6.997879505157471 14.892891883850098
4 261.0 18.202539443969727 14.362524032592773 21.918478965759277 6.888277053833008 15.03020191192627
4 262.0 18.205673217773438 14.257349967956543 21.879475116729736 6.751226902008057 15.12824821472168
4 263.0 18.2056884765625 14.116758346557617 21.891077995300293 6.632480621337891 15.258597373962402
4 264.0 18.195093154907227 13.996875762939453 21.920934677124023 6.567363739013672 15.353570938110352
4 265.0 18.16564178466797 13.90162467956543 21.895323276519775 6.471487522125244 15.423835754394531
4 266.0 18.126501083374023 13.787113189697266 21.910326957702637 6.390044212341309 15.520282745361328
4 267.0 18.07642364501953 13.670307159423828 21.909744262695312 6.298585891723633 15.61115837097168
4 268.0 17.998188018798828 13.573683738708496 21.83147621154785 6.178025245666504 15.653450965881348
4 269.0 17.907642364501953 13.423544883728027 21.794126987457275 6.019744396209717 15.774382591247559
4 270.0 17.860734939575195 13.285109519958496 21.71948003768921 5.83856725692749 15.880912780761719
4 271.0 17.847110748291016 13.198324203491211 21.644543647766113 5.653454780578613 15.9910888671875
4 272.0 17.823745727539062 13.130496978759766 21.581973552703857 5.456590175628662 16.125383377075195
4 273.0 17.762386322021484 13.058771133422852 21.431034564971924 5.222641468048096 16.208393096923828
4 274.0 17.770151138305664 13.000967025756836 21.391793251037598 5.046198844909668 16.34559440612793
4 275.0 17.808887481689453 12.968215942382812 21.37533712387085 4.914559841156006 16.460777282714844
4 276.0 17.775882720947266 12.916717529296875 21.249016284942627 4.763424396514893 16.485591888427734
4 277.0 17.759057998657227 12.899408340454102 21.093998432159424 4.542263507843018 16.551734924316406
4 278.0 17.783784866333008 12.922574043273926 20.994377613067627 4.336832523345947 16.65754508972168
4 279.0 17.816118240356445 12.953014373779297 20.91270351409912 4.159537315368652 16.75316619873047
4 280.0 17.8270320892334 12.975503921508789 20.81463098526001 3.9962258338928223 16.818405151367188
4 281.0 17.827760696411133 12.995626449584961 20.740853786468506 3.8425917625427246 16.89826202392578
4 282.0 17.850257873535156 12.99947738647461 20.684545040130615 3.7030863761901855 16.98145866394043
4 283.0 17.86509895324707 12.985444068908691 20.697328805923462 3.583446741104126 17.113882064819336
4 284.0 17.891706466674805 12.991156578063965 20.65853500366211 3.4616546630859375 17.196880340576172
4 285.0 17.96476173400879 13.04348373413086 20.6118381023407 3.3195254802703857 17.292312622070312
4 286.0 18.064990997314453 13.109090805053711 20.614436626434326 3.169642925262451 17.444793701171875
4 287.0 18.087804794311523 13.153579711914062 20.602073192596436 3.021228313446045 17.58084487915039
4 288.0 18.0528564453125 13.170601844787598 20.57800316810608 2.881004571914673 17.696998596191406
4 289.0 18.00738525390625 13.178864479064941 20.481876134872437 2.724128484725952 17.757747650146484
4 290.0 18.002166748046875 13.19431209564209 20.41250705718994 2.5588769912719727 17.85363006591797
4 291.0 17.997398376464844 13.224716186523438 20.355944633483887 2.437556266784668 17.91838836669922
4 292.0 18.02366828918457 13.24307918548584 20.335482597351074 2.3364362716674805 17.999046325683594
4 293.0 18.091344833374023 13.274181365966797 20.317573308944702 2.1868131160736084 18.130760192871094
4 294.0 18.142175674438477 13.347530364990234 20.26958203315735 2.053828477859497 18.21575355529785
4 295.0 18.188222885131836 13.4321928024292 20.228159308433533 1.954809546470642 18.27334976196289
4 296.0 18.238752365112305 13.514342308044434 20.217471957206726 1.858707308769226 18.3587646484375
4 297.0 18.30088233947754 13.60216236114502 20.267759919166565 1.7878385782241821 18.479921340942383
4 298.0 18.3508358001709 13.657208442687988 20.304765343666077 1.736423134803772 18.568342208862305
4 299.0 18.439105987548828 13.706379890441895 20.402966141700745 1.6936804056167603 18.709285736083984
4 300.0 18.559558868408203 13.805218696594238 20.461666703224182 1.6561857461929321 18.80548095703125
4 301.0 18.6579647064209 13.934127807617188 20.499860525131226 1.601327657699585 18.89853286743164
4 302.0 18.721540451049805 14.0313081741333 20.489794850349426 1.5358821153640747 18.95391273498535
4 303.0 18.751863479614258 14.088264465332031 20.574588179588318 1.4994500875473022 19.075138092041016
4 304.0 18.767473220825195 14.116164207458496 20.657453775405884 1.4959681034088135 19.16148567199707
4 305.0 18.79766082763672 14.143386840820312 20.73436176776886 1.4906293153762817 19.243732452392578
4 306.0 18.80181312561035 14.147634506225586 20.805204272270203 1.4784621000289917 19.32674217224121
4 307.0 18.77158546447754 14.128679275512695 20.792015194892883 1.4791260957717896 19.312889099121094
4 308.0 18.71625328063965 14.168657302856445 20.787889003753662 1.4226431846618652 19.365245819091797
4 309.0 18.607147216796875 14.218145370483398 20.702319145202637 1.3572473526000977 19.34507179260254
4 310.0 18.606159210205078 14.277674674987793 20.703046560287476 1.3239057064056396 19.379140853881836
4 311.0 18.6485538482666 14.31401538848877 20.74802803993225 1.3089220523834229 19.439105987548828
4 312.0 18.73212432861328 14.381991386413574 20.850105047225952 1.305021047592163 19.54508399963379
4 313.0 18.77386474609375 14.463567733764648 20.861809372901917 1.3017469644546509 19.560062408447266
4 314.0 18.832149505615234 14.551002502441406 20.882492184638977 1.2957879304885864 19.58670425415039
4 315.0 18.947725296020508 14.632548332214355 20.920528292655945 1.2982443571090698 19.622283935546875
4 316.0 19.081077575683594 14.713081359863281 21.01017129421234 1.2906183004379272 19.719552993774414
4 317.0 19.183706283569336 14.774566650390625 21.095027804374695 1.2790297269821167 19.815998077392578
4 318.0 19.268295288085938 14.827564239501953 21.16066288948059 1.2605507373809814 19.90011215209961
4 319.0 19.313385009765625 14.903572082519531 21.164642214775085 1.268203616142273 19.896438598632812
4 320.0 19.33221435546875 15.001667022705078 21.187527894973755 1.2714874744415283 19.916040420532227
4 321.0 19.320199966430664 15.077768325805664 21.18188464641571 1.274804949760437 19.907079696655273
4 322.0 19.302385330200195 15.135090827941895 21.219749569892883 1.2992841005325317 19.92046546936035
4 323.0 19.364131927490234 15.197507858276367 21.30545151233673 1.324198842048645 19.981252670288086
4 324.0 19.485004425048828 15.266266822814941 21.489665627479553 1.4451576471328735 20.04450798034668
4 325.0 19.64805793762207 15.378145217895508 21.716877222061157 1.5911390781402588 20.1257381439209
4 326.0 19.76795196533203 15.496418952941895 21.80938160419464 1.6690274477005005 20.14035415649414
4 327.0 19.87278175354004 15.631429672241211 21.90706467628479 1.7479517459869385 20.15911293029785
4 328.0 19.96429443359375 15.798669815063477 21.9419664144516 1.8349450826644897 20.10702133178711
4 329.0 20.005876541137695 15.929265975952148 21.960957646369934 1.892314076423645 20.06864356994629
4 330.0 20.030778884887695 16.010452270507812 22.074915170669556 2.0051939487457275 20.069721221923828
4 331.0 20.04356575012207 16.056312561035156 22.105919122695923 2.064497232437134 20.04142189025879
4 332.0 20.048839569091797 16.106609344482422 22.113839149475098 2.058039665222168 20.05579948425293
4 333.0 20.05181884765625 16.19690704345703 22.01459288597107 2.0543153285980225 19.960277557373047
4 334.0 20.016420364379883 16.269906997680664 22.02181053161621 2.092906951904297 19.928903579711914
4 335.0 19.99144744873047 16.315134048461914 22.067596435546875 2.163524627685547 19.904071807861328
4 336.0 19.993520736694336 16.370769500732422 22.12665605545044 2.2708840370178223 19.855772018432617
4 337.0 20.023237228393555 16.4209041595459 22.20435380935669 2.3587441444396973 19.845609664916992
4 338.0 20.130964279174805 16.51068687438965 22.35412287712097 2.501225233078003 19.85289764404297
4 339.0 20.341449737548828 16.653804779052734 22.471335411071777 2.6792612075805664 19.79207420349121
4 340.0 20.519290924072266 16.791309356689453 22.646803855895996 2.881253242492676 19.76555061340332
4 341.0 20.684005737304688 16.931114196777344 22.84029269218445 3.0209929943084717 19.819299697875977
4 342.0 20.79659652709961 17.03472137451172 23.066086053848267 3.2028067111968994 19.863279342651367
4 343.0 20.87764549255371 17.072765350341797 23.191558122634888 3.3607418537139893 19.8308162689209
4 344.0 20.84241485595703 17.025283813476562 23.233290195465088 3.429882526397705 19.803407669067383
4 345.0 20.801395416259766 16.971529006958008 23.253531217575073 3.470503568649292 19.78302764892578
4 346.0 20.894817352294922 17.0972957611084 23.324421167373657 3.509004831314087 19.81541633605957
4 347.0 21.05290412902832 17.26540184020996 23.382594108581543 3.598719596862793 19.78387451171875
4 348.0 21.252483367919922 17.423938751220703 23.558228731155396 3.75066876411438 19.807559967041016
4 349.0 21.358598709106445 17.497377395629883 23.687334775924683 3.9481704235076904 19.739164352416992
4 350.0 21.41692352294922 17.558767318725586 23.834458827972412 4.183642864227295 19.650815963745117
4 351.0 21.487110137939453 17.629629135131836 24.05557870864868 4.462809085845947 19.592769622802734
4 352.0 21.65728187561035 17.70195198059082 24.36377191543579 4.839613437652588 19.524158477783203
4 353.0 21.775596618652344 17.754562377929688 24.46103572845459 5.016705513000488 19.4443302154541
4 354.0 21.768489837646484 17.75778579711914 24.494986057281494 5.081440448760986 19.413545608520508
4 355.0 21.775487899780273 17.779239654541016 24.483155250549316 5.116639137268066 19.36651611328125
4 356.0 21.795276641845703 17.852869033813477 24.49457359313965 5.195854187011719 19.29871940612793
4 357.0 21.887882232666016 17.95128631591797 24.706294536590576 5.446778774261475 19.2595157623291
4 358.0 22.03293228149414 17.991722106933594 24.95169496536255 5.737520694732666 19.214174270629883
4 359.0 22.274503707885742 18.079723358154297 25.162559509277344 6.018016815185547 19.144542694091797
4 360.0 22.629457473754883 18.261798858642578 25.59334087371826 6.466189384460449 19.127151489257812
4 361.0 22.944686889648438 18.406558990478516 25.790403842926025 6.755041599273682 19.035362243652344
4 362.0 23.070438385009766 18.492034912109375 25.880667686462402 6.961836814880371 18.91883087158203
4 363.0 23.170989990234375 18.56795310974121 26.01521110534668 7.165637969970703 18.849573135375977
4 364.0 23.246129989624023 18.621414184570312 26.14829683303833 7.385645389556885 18.762651443481445
4 365.0 23.33485984802246 18.660120010375977 26.239975452423096 7.545130252838135 18.69484519958496
4 366.0 23.386608123779297 18.70992088317871 26.312854766845703 7.6995849609375 18.613269805908203
5 1.0 20.84265899658203 25.712791442871094 24.87349510192871 8.236257553100586 16.637237548828125
5 2.0 20.86762237548828 25.44232940673828 25.047921180725098 8.441254615783691 16.606666564941406
5 3.0 20.955829620361328 25.198551177978516 25.2412109375 8.688962936401367 16.552248001098633
5 4.0 21.02385711669922 24.994400024414062 25.35962677001953 8.862878799438477 16.496747970581055
5 5.0 21.042646408081055 24.80115509033203 25.4905424118042 9.03865909576416 16.45188331604004
5 6.0 20.91531753540039 24.54519271850586 25.50186252593994 9.139790534973145 16.362071990966797
5 7.0 20.71588897705078 24.27507781982422 25.442262649536133 9.220407485961914 16.22185516357422
5 8.0 20.506282806396484 24.037906646728516 25.313629150390625 9.245712280273438 16.067916870117188
5 9.0 20.279539108276367 23.790369033813477 25.205288887023926 9.243874549865723 15.961414337158203
5 10.0 20.085575103759766 23.562740325927734 25.12542724609375 9.269091606140137 15.856335639953613
5 11.0 19.909774780273438 23.342727661132812 25.072165489196777 9.346529960632324 15.725635528564453
5 12.0 19.717626571655273 23.094608306884766 24.998297691345215 9.411438941955566 15.586858749389648
5 13.0 19.576499938964844 22.866443634033203 25.00995922088623 9.519445419311523 15.490513801574707
5 14.0 19.43837547302246 22.66027069091797 24.931429862976074 9.644558906555176 15.286870956420898
5 15.0 19.28592300415039 22.4315185546875 24.839247703552246 9.775840759277344 15.063406944274902
5 16.0 19.072965621948242 22.182769775390625 24.690940856933594 9.855522155761719 14.835418701171875
5 17.0 18.88205337524414 21.957027435302734 24.55139923095703 9.946819305419922 14.60457992553711
5 18.0 18.64703369140625 21.70270538330078 24.318812370300293 10.008639335632324 14.310173034667969
5 19.0 18.34987449645996 21.423959732055664 24.109265327453613 10.050803184509277 14.058462142944336
5 20.0 18.042970657348633 21.154207229614258 23.85649013519287 10.06381893157959 13.792671203613281
5 21.0 17.738025665283203 20.888233184814453 23.541208267211914 10.07468032836914 13.466527938842773
5 22.0 17.405712127685547 20.574167251586914 23.152277946472168 10.04334831237793 13.108929634094238
5 23.0 17.145374298095703 20.346834182739258 22.90666961669922 10.113036155700684 12.793633460998535
5 24.0 16.972496032714844 20.206323623657227 22.675803184509277 10.177241325378418 12.49856185913086
5 25.0 16.688941955566406 20.01427459716797 22.3134126663208 10.25654411315918 12.056868553161621
5 26.0 16.36830711364746 19.76504135131836 21.75733757019043 10.325079917907715 11.432257652282715
5 27.0 16.15096664428711 19.579395294189453 21.268227577209473 10.398823738098145 10.869403839111328
5 28.0 15.880842208862305 19.37372398376465 20.86246109008789 10.465375900268555 10.397085189819336
5 29.0 15.564432144165039 19.148733139038086 20.28386116027832 10.48574161529541 9.79811954498291
5 30.0 15.240827560424805 18.87411880493164 19.58236026763916 10.52705192565918 9.05530834197998
5 31.0 14.986247062683105 18.617027282714844 18.996871948242188 10.631649017333984 8.365222930908203
5 32.0 14.81823444366455 18.443973541259766 18.52448558807373 10.717385292053223 7.807100296020508
5 33.0 14.637152671813965 18.290542602539062 18.076334953308105 10.820984840393066 7.255350112915039
5 34.0 14.428969383239746 18.15578842163086 17.496481895446777 10.908227920532227 6.588253974914551
5 35.0 14.223587036132812 18.037017822265625 16.86362314224243 10.950783729553223 5.912839412689209
5 36.0 14.058436393737793 17.95070457458496 16.388070106506348 11.027462005615234 5.360608100891113
5 37.0 13.870298385620117 17.845653533935547 15.929730415344238 11.079954147338867 4.849776268005371
5 38.0 13.680610656738281 17.758037567138672 15.518167972564697 11.112687110900879 4.405480861663818
5 39.0 13.52275276184082 17.706363677978516 15.105437517166138 11.1793212890625 3.9261162281036377
5 40.0 13.404529571533203 17.661714553833008 14.891088962554932 11.236997604370117 3.6540913581848145
5 41.0 13.339868545532227 17.641937255859375 14.754433631896973 11.364686965942383 3.38974666595459
5 42.0 13.273322105407715 17.627552032470703 14.58467411994934 11.460783958435059 3.1238901615142822
5 43.0 13.179877281188965 17.62636947631836 14.358866453170776 11.518367767333984 2.840498685836792
5 44.0 13.077582359313965 17.634998321533203 14.178348302841187 11.608874320983887 2.5694739818573
5 45.0 12.918319702148438 17.619871139526367 13.92105484008789 11.619431495666504 2.3016233444213867
5 46.0 12.77340030670166 17.627233505249023 13.710367679595947 11.641992568969727 2.0683751106262207
5 47.0 12.639689445495605 17.640430450439453 13.483178615570068 11.647071838378906 1.836106777191162
5 48.0 12.550358772277832 17.645706176757812 13.309807181358337 11.664996147155762 1.6448110342025757
5 49.0 12.523741722106934 17.677398681640625 13.275277853012085 11.741124153137207 1.534153699874878
5 50.0 12.554780006408691 17.7285213470459 13.338084936141968 11.885628700256348 1.4524562358856201
5 51.0 12.583285331726074 17.814624786376953 13.355504035949707 11.971920013427734 1.3835840225219727
5 52.0 12.638354301452637 17.88975715637207 13.381935715675354 12.079524040222168 1.302411675453186
5 53.0 12.672139167785645 17.966144561767578 13.374027013778687 12.157703399658203 1.2163236141204834
5 54.0 12.649689674377441 18.033397674560547 13.355996131896973 12.248956680297852 1.107039451599121
5 55.0 12.63418960571289 18.11115837097168 13.29095458984375 12.296846389770508 0.9941082000732422
5 56.0 12.635978698730469 18.191503524780273 13.277712941169739 12.363001823425293 0.9147111177444458
5 57.0 12.650172233581543 18.254505157470703 13.33435720205307 12.46657943725586 0.8677777647972107
5 58.0 12.661514282226562 18.326385498046875 13.358161628246307 12.545400619506836 0.8127610087394714
5 59.0 12.674850463867188 18.4089412689209 13.338910102844238 12.565278053283691 0.7736320495605469
5 60.0 12.670653343200684 18.486867904663086 13.336722016334534 12.611143112182617 0.7255789041519165
5 61.0 12.68087100982666 18.571420669555664 13.325671911239624 12.628948211669922 0.6967236995697021
5 62.0 12.693195343017578 18.658905029296875 13.311895966529846 12.657964706420898 0.6539312601089478
5 63.0 12.713237762451172 18.754981994628906 13.322847545146942 12.712172508239746 0.610675036907196
5 64.0 12.7383394241333 18.830949783325195 13.369251549243927 12.781964302062988 0.5872872471809387
5 65.0 12.755731582641602 18.89206314086914 13.436103224754333 12.886658668518066 0.5494445562362671
5 66.0 12.768460273742676 18.96288299560547 13.47232848405838 12.954666137695312 0.5176623463630676
5 67.0 12.774819374084473 19.036602020263672 13.484855711460114 12.988964080810547 0.49589163064956665
5 68.0 12.779006004333496 19.115034103393555 13.472951233386993 12.996736526489258 0.4762147068977356
5 69.0 12.768555641174316 19.19866180419922 13.480811983346939 13.02584457397461 0.4549674093723297
5 70.0 12.754758834838867 19.28175163269043 13.479809731245041 13.051492691040039 0.42831704020500183
5 71.0 12.713491439819336 19.361759185791016 13.437695503234863 13.03377914428711 0.4039163589477539
5 72.0 12.702637672424316 19.433685302734375 13.432273536920547 13.044374465942383 0.3878990709781647
5 73.0 12.706924438476562 19.508745193481445 13.4642433822155 13.095915794372559 0.3683275878429413
5 74.0 12.766059875488281 19.582595825195312 13.551451414823532 13.197380065917969 0.35407134890556335
5 75.0 12.824006080627441 19.678966522216797 13.602337837219238 13.286166191101074 0.31617164611816406
5 76.0 12.87614917755127 19.775405883789062 13.611369401216507 13.342609405517578 0.26875999569892883
5 77.0 12.918852806091309 19.87091827392578 13.631723165512085 13.392926216125488 0.23879694938659668
5 78.0 12.961360931396484 20.001333236694336 13.625023022294044 13.405627250671387 0.21939577162265778
5 79.0 12.938186645507812 20.10739517211914 13.618550717830658 13.418720245361328 0.19983047246932983
5 80.0 12.832345008850098 20.158397674560547 13.580420285463333 13.396380424499512 0.1840398609638214
5 81.0 12.79784107208252 20.231279373168945 13.540448144078255 13.361231803894043 0.17921634018421173
5 82.0 12.820892333984375 20.320907592773438 13.550756111741066 13.387863159179688 0.16289295256137848
5 83.0 12.862385749816895 20.384687423706055 13.61585809290409 13.449909210205078 0.16594888269901276
5 84.0 12.977755546569824 20.490568161010742 13.696784377098083 13.541946411132812 0.154837965965271
5 85.0 13.072916984558105 20.59803581237793 13.77958869934082 13.629474639892578 0.1501140594482422
5 86.0 13.148865699768066 20.71893310546875 13.84930531680584 13.709101676940918 0.14020363986492157
5 87.0 13.166516304016113 20.831228256225586 13.89057482779026 13.768686294555664 0.12188853323459625
5 88.0 13.173412322998047 20.92572784423828 13.919546008110046 13.805816650390625 0.11372935771942139
5 89.0 13.19662094116211 20.994306564331055 13.97270779311657 13.858599662780762 0.1141081303358078
5 90.0 13.232747077941895 21.104293823242188 13.977937042713165 13.865288734436035 0.11264830827713013
5 91.0 13.255803108215332 21.200511932373047 14.012574270367622 13.90267276763916 0.10990150272846222
5 92.0 13.262481689453125 21.265785217285156 14.007085867226124 13.90182876586914 0.10525710135698318
5 93.0 13.262385368347168 21.322961807250977 14.078781507909298 13.97490119934082 0.10388030856847763
5 94.0 13.290002822875977 21.407678604125977 14.145949743688107 14.042069435119629 0.10388030856847763
5 95.0 13.36159610748291 21.52008628845215 14.20526334643364 14.103232383728027 0.10203096270561218
5 96.0 13.415578842163086 21.637680053710938 14.252347193658352 14.1485595703125 0.1037876233458519
5 97.0 13.40065860748291 21.744556427001953 14.246651388704777 14.141328811645508 0.10532257705926895
5 98.0 13.406502723693848 21.860355377197266 14.25080394744873 14.142380714416504 0.10842323303222656
5 99.0 13.419478416442871 21.965314865112305 14.237890265882015 14.131322860717773 0.10656740516424179
5 100.0 13.45175552368164 22.060155868530273 14.251663938164711 14.148093223571777 0.10357071459293365
5 101.0 13.50223445892334 22.14828109741211 14.31114912033081 14.208858489990234 0.10229063034057617
5 102.0 13.477255821228027 22.213367462158203 14.275230705738068 14.172050476074219 0.10318022966384888
5 103.0 13.448466300964355 22.285856246948242 14.263736337423325 14.162068367004395 0.10166797041893005
5 104.0 13.439249992370605 22.371862411499023 14.226677492260933 14.129653930664062 0.09702356159687042
5 105.0 13.466328620910645 22.45415687561035 14.278859727084637 14.182432174682617 0.0964275524020195
5 106.0 13.50961685180664 22.550931930541992 14.315356485545635 14.220550537109375 0.09480594843626022
5 107.0 13.512543678283691 22.631528854370117 14.299407161772251 14.207491874694824 0.09191528707742691
5 108.0 13.500475883483887 22.71924591064453 14.300466068089008 14.211050033569336 0.0894160345196724
5 109.0 13.495776176452637 22.806900024414062 14.257841944694519 14.168072700500488 0.08976924419403076
5 110.0 13.455406188964844 22.862213134765625 14.258284248411655 14.169159889221191 0.08912435919046402
5 111.0 13.412530899047852 22.895475387573242 14.250505968928337 14.153791427612305 0.09671454131603241
5 112.0 13.396053314208984 22.938451766967773 14.23678982257843 14.13843059539795 0.09835922718048096
5 113.0 13.394330978393555 23.02864646911621 14.186799943447113 14.092967987060547 0.09383195638656616
5 114.0 13.373119354248047 23.114505767822266 14.137691169977188 14.041690826416016 0.09600034356117249
5 115.0 13.29430103302002 23.154788970947266 14.060715176165104 13.964119911193848 0.09659526497125626
5 116.0 13.282405853271484 23.23619842529297 14.047142826020718 13.945905685424805 0.10123714059591293
5 117.0 13.273772239685059 23.306337356567383 14.018020667135715 13.912372589111328 0.10564807802438736
5 118.0 13.265902519226074 23.361438751220703 14.025801062583923 13.918630599975586 0.1071704626083374
5 119.0 13.282625198364258 23.412939071655273 14.042835287749767 13.933978080749512 0.10885720700025558
5 120.0 13.34040355682373 23.533720016479492 14.099900998175144 13.993143081665039 0.10675791651010513
5 121.0 13.347708702087402 23.63750648498535 14.10142783075571 13.994669914245605 0.10675791651010513
5 122.0 13.344751358032227 23.705429077148438 14.089930959045887 13.982006072998047 0.10792488604784012
5 123.0 13.3528413772583 23.790189743041992 14.145424589514732 14.038053512573242 0.10737107694149017
5 124.0 13.344815254211426 23.867074966430664 14.177574142813683 14.068642616271973 0.1089315265417099
5 125.0 13.359842300415039 23.94569206237793 14.219819702208042 14.107511520385742 0.11230818182229996
5 126.0 13.32664966583252 24.012527465820312 14.194151557981968 14.081843376159668 0.11230818182229996
5 127.0 13.294242858886719 24.04593276977539 14.190766870975494 14.072989463806152 0.11777740716934204
5 128.0 13.259038925170898 24.102214813232422 14.145270474255085 14.023552894592285 0.12171757966279984
5 129.0 13.218413352966309 24.125471115112305 14.097104147076607 13.96682071685791 0.1302834302186966
5 130.0 13.176701545715332 24.10175895690918 14.036249279975891 13.902390480041504 0.1338587999343872
5 131.0 13.138242721557617 24.078369140625 14.005533918738365 13.859617233276367 0.14591668546199799
5 132.0 13.139941215515137 24.130937576293945 14.04505968093872 13.884870529174805 0.16018915176391602
5 133.0 13.151768684387207 24.184614181518555 14.07071939110756 13.902728080749512 0.16799131035804749
5 134.0 13.193083763122559 24.267154693603516 14.107212647795677 13.92197322845459 0.18523941934108734
5 135.0 13.239025115966797 24.340845108032227 14.163582980632782 13.961695671081543 0.201887309551239
5 136.0 13.252243995666504 24.398056030273438 14.179492175579071 13.957984924316406 0.2215072512626648
5 137.0 13.233743667602539 24.43311882019043 14.158180370926857 13.927940368652344 0.23024000227451324
5 138.0 13.233642578125 24.485082626342773 14.149022579193115 13.897700309753418 0.25132226943969727
5 139.0 13.205085754394531 24.53628158569336 14.130046844482422 13.856646537780762 0.27340030670166016
5 140.0 13.158102035522461 24.564237594604492 14.092929095029831 13.805041313171387 0.2878877818584442
5 141.0 13.126700401306152 24.59485626220703 14.074359983205795 13.77774429321289 0.29661568999290466
5 142.0 13.11992359161377 24.61817741394043 14.084360599517822 13.780437469482422 0.3039231300354004
5 143.0 13.117240905761719 24.630151748657227 14.10884115099907 13.78213119506836 0.32670995593070984
5 144.0 13.150176048278809 24.739212036132812 14.119429588317871 13.772595405578613 0.3468341827392578
5 145.0 13.17589282989502 24.85540199279785 14.099680721759796 13.741498947143555 0.35818177461624146
5 146.0 13.153715133666992 24.928274154663086 14.086763560771942 13.72144603729248 0.36531752347946167
5 147.0 13.124624252319336 25.008960723876953 14.055905520915985 13.687963485717773 0.36794203519821167
5 148.0 13.109594345092773 25.091358184814453 14.030673265457153 13.653486251831055 0.37718701362609863
5 149.0 13.115432739257812 25.158912658691406 14.032000243663788 13.63518238067627 0.3968178629875183
5 150.0 13.156455993652344 25.228981018066406 14.058263927698135 13.620511054992676 0.4377528727054596
5 151.0 13.215079307556152 25.293827056884766 14.102761447429657 13.622600555419922 0.4801608920097351
5 152.0 13.26435375213623 25.368127822875977 14.165338575839996 13.65467357635498 0.5106649994850159
5 153.0 13.263510704040527 25.4252986907959 14.158561050891876 13.62212085723877 0.5364401936531067
5 154.0 13.247542381286621 25.450349807739258 14.171759605407715 13.60799789428711 0.5637617111206055
5 155.0 13.210119247436523 25.449798583984375 14.129027247428894 13.533509254455566 0.5955179929733276
5 156.0 13.171589851379395 25.453950881958008 14.111801445484161 13.470659255981445 0.6411421895027161
5 157.0 13.148674964904785 25.45430564880371 14.109008848667145 13.442131042480469 0.666877806186676
5 158.0 13.143266677856445 25.469356536865234 14.092117607593536 13.399347305297852 0.6927703022956848
5 159.0 13.17102336883545 25.535614013671875 14.101905107498169 13.381775856018066 0.7201292514801025
5 160.0 13.186534881591797 25.599815368652344 14.130698204040527 13.376236915588379 0.7544612884521484
5 161.0 13.16855239868164 25.614116668701172 14.088123798370361 13.314589500427246 0.7735342979431152
5 162.0 13.132828712463379 25.61476707458496 14.04020768404007 13.275763511657715 0.7644441723823547
5 163.0 13.109225273132324 25.639049530029297 14.026989102363586 13.24901008605957 0.7779790163040161
5 164.0 13.099419593811035 25.656442642211914 14.03897613286972 13.242040634155273 0.796935498714447
5 165.0 13.106895446777344 25.66557502746582 14.051574409008026 13.23011302947998 0.8214613795280457
5 166.0 13.101279258728027 25.664480209350586 14.035931468009949 13.190783500671387 0.845147967338562
5 167.0 13.090821266174316 25.694042205810547 14.019689857959747 13.148714065551758 0.8709757924079895
5 168.0 13.0859956741333 25.72849464416504 13.998451113700867 13.107741355895996 0.8907097578048706
5 169.0 13.08570384979248 25.776073455810547 13.984697997570038 13.08543586730957 0.8992621302604675
5 170.0 13.085190773010254 25.805158615112305 13.997763395309448 13.065350532531738 0.93241286277771
5 171.0 13.083166122436523 25.826061248779297 14.032561898231506 13.056352615356445 0.976209282875061
5 172.0 13.072184562683105 25.841997146606445 14.060818910598755 13.02489948272705 1.035919427871704
5 173.0 13.070350646972656 25.837678909301758 14.092803597450256 12.979174613952637 1.1136289834976196
5 174.0 13.069168090820312 25.841468811035156 14.131592035293579 12.959939002990723 1.1716530323028564
5 175.0 13.075089454650879 25.827051162719727 14.16999900341034 12.934943199157715 1.2350558042526245
5 176.0 13.076957702636719 25.789945602416992 14.211703062057495 12.902621269226074 1.309081792831421
5 177.0 13.061655044555664 25.754213333129883 14.2556232213974 12.867932319641113 1.3876909017562866
5 178.0 13.044301986694336 25.701080322265625 14.302834868431091 12.855367660522461 1.4474672079086304
5 179.0 13.052444458007812 25.656599044799805 14.358002066612244 12.822988510131836 1.5350135564804077
5 180.0 13.104408264160156 25.645524978637695 14.440874934196472 12.776930809020996 1.663944125175476
5 181.0 13.175834655761719 25.631580352783203 14.519320607185364 12.7495698928833 1.769750714302063
5 182.0 13.227544784545898 25.63056182861328 14.574694514274597 12.720620155334473 1.8540743589401245
5 183.0 13.241973876953125 25.609352111816406 14.61194121837616 12.703123092651367 1.9088181257247925
5 184.0 13.253414154052734 25.595319747924805 14.686893224716187 12.681455612182617 2.0054376125335693
5 185.0 13.260843276977539 25.579376220703125 14.679337501525879 12.607621192932129 2.07171630859375
5 186.0 13.24023723602295 25.53367042541504 14.686240911483765 12.56049633026123 2.125744581222534
5 187.0 13.235512733459473 25.476831436157227 14.70335054397583 12.507715225219727 2.1956353187561035
5 188.0 13.23789119720459 25.43551254272461 14.750023365020752 12.489287376403809 2.2607359886169434
5 189.0 13.233834266662598 25.399457931518555 14.762786865234375 12.432085037231445 2.3307018280029297
5 190.0 13.238500595092773 25.359481811523438 14.805890798568726 12.405888557434082 2.4000022411346436
5 191.0 13.208730697631836 25.29532241821289 14.83725380897522 12.365896224975586 2.471357583999634
5 192.0 13.150874137878418 25.235179901123047 14.824236154556274 12.307511329650879 2.5167248249053955
5 193.0 13.146187782287598 25.21518898010254 14.807525396347046 12.253419876098633 2.554105520248413
5 194.0 13.165761947631836 25.20235824584961 14.844336032867432 12.20451831817627 2.639817714691162
5 195.0 13.182272911071777 25.168888092041016 14.860477685928345 12.15557861328125 2.7048990726470947
5 196.0 13.222381591796875 25.121082305908203 14.9075186252594 12.117071151733398 2.790447473526001
5 197.0 13.287382125854492 25.0792179107666 15.013678073883057 12.084513664245605 2.929164409637451
5 198.0 13.323805809020996 25.03428077697754 15.098963975906372 12.032689094543457 3.066274881362915
5 199.0 13.34841537475586 24.97758674621582 15.192618131637573 11.975586891174316 3.217031240463257
5 200.0 13.402416229248047 24.896854400634766 15.285170316696167 11.92859172821045 3.3565785884857178
5 201.0 13.48547649383545 24.820554733276367 15.348278522491455 11.851696014404297 3.496582508087158
5 202.0 13.580080032348633 24.76081085205078 15.510731935501099 11.79783821105957 3.7128937244415283
5 203.0 13.717379570007324 24.712833404541016 15.662458419799805 11.731752395629883 3.930706024169922
5 204.0 13.825389862060547 24.66217613220215 15.785280227661133 11.687047004699707 4.098233222961426
5 205.0 13.938152313232422 24.606746673583984 15.920857429504395 11.648985862731934 4.271871566772461
5 206.0 14.107362747192383 24.541385650634766 16.161019325256348 11.600665092468262 4.560354232788086
5 207.0 14.1890869140625 24.480480194091797 16.259536743164062 11.568241119384766 4.691295623779297
5 208.0 14.198719024658203 24.388669967651367 16.326141834259033 11.522603034973145 4.803538799285889
5 209.0 14.328609466552734 24.28972053527832 16.54680347442627 11.513750076293945 5.033053398132324
5 210.0 14.49813175201416 24.1927490234375 16.783385276794434 11.503744125366211 5.279641151428223
5 211.0 14.621272087097168 24.079322814941406 16.984725952148438 11.490311622619629 5.494414329528809
5 212.0 14.626084327697754 23.94199562072754 17.03096914291382 11.452221870422363 5.578747272491455
5 213.0 14.68438720703125 23.821338653564453 17.150300979614258 11.417293548583984 5.733007431030273
5 214.0 14.735095977783203 23.70955467224121 17.198683261871338 11.357902526855469 5.840780735015869
5 215.0 14.777460098266602 23.596874237060547 17.285289764404297 11.310747146606445 5.974542617797852
5 216.0 14.805578231811523 23.459903717041016 17.342872142791748 11.245525360107422 6.097346782684326
5 217.0 14.85782241821289 23.314395904541016 17.448115825653076 11.20252799987793 6.2455878257751465
5 218.0 14.954936981201172 23.182615280151367 17.590042114257812 11.142067909240723 6.44797420501709
5 219.0 15.026052474975586 23.059608459472656 17.650071620941162 11.052757263183594 6.597314357757568
5 220.0 15.084047317504883 22.92986297607422 17.713640213012695 10.947763442993164 6.765876770019531
5 221.0 15.122421264648438 22.795005798339844 17.735790252685547 10.848603248596191 6.8871870040893555
5 222.0 15.18204402923584 22.653919219970703 17.776710987091064 10.74204158782959 7.034669399261475
5 223.0 15.219982147216797 22.485286712646484 17.82969045639038 10.645028114318848 7.184662342071533
5 224.0 15.265874862670898 22.321002960205078 17.863861083984375 10.579582214355469 7.284278869628906
5 225.0 15.287867546081543 22.149049758911133 17.85988426208496 10.495854377746582 7.364029884338379
5 226.0 15.3051176071167 21.9531192779541 17.956846237182617 10.440069198608398 7.516777038574219
5 227.0 15.335554122924805 21.737274169921875 18.03716230392456 10.364323616027832 7.6728386878967285
5 228.0 15.405830383300781 21.50412368774414 18.210881233215332 10.299728393554688 7.9111528396606445
5 229.0 15.424383163452148 21.283306121826172 18.26931858062744 10.18575382232666 8.083564758300781
5 230.0 15.461398124694824 21.061573028564453 18.391639709472656 10.089296340942383 8.302343368530273
5 231.0 15.573516845703125 20.811765670776367 18.48263454437256 10.01160717010498 8.471027374267578
5 232.0 15.606825828552246 20.514591217041016 18.51676082611084 9.940618515014648 8.576142311096191
5 233.0 15.719233512878418 20.21745491027832 18.604318618774414 9.887781143188477 8.716537475585938
5 234.0 15.791742324829102 19.951278686523438 18.688115119934082 9.819910049438477 8.868205070495605
5 235.0 15.824104309082031 19.689590454101562 18.747429847717285 9.7216157913208 9.025814056396484
5 236.0 15.809341430664062 19.453540802001953 18.756256103515625 9.605948448181152 9.150307655334473
5 237.0 15.793539047241211 19.22264862060547 18.816238403320312 9.518265724182129 9.297972679138184
5 238.0 15.82977294921875 18.9810848236084 18.91896915435791 9.458248138427734 9.460721015930176
5 239.0 15.88676929473877 18.754005432128906 19.01381206512451 9.379968643188477 9.633843421936035
5 240.0 15.912681579589844 18.489524841308594 19.085476875305176 9.302268028259277 9.783208847045898
5 241.0 15.853434562683105 18.21018409729004 19.11226463317871 9.218780517578125 9.893484115600586
5 242.0 15.861410140991211 17.986576080322266 19.161052703857422 9.09705638885498 10.063996315002441
5 243.0 15.927392959594727 17.794567108154297 19.1492280960083 8.95699691772461 10.192231178283691
5 244.0 15.977529525756836 17.58872413635254 19.18309497833252 8.859541893005371 10.323553085327148
5 245.0 15.986867904663086 17.35400390625 19.18799877166748 8.765098571777344 10.422900199890137
5 246.0 15.967194557189941 17.084104537963867 19.223140716552734 8.641273498535156 10.581867218017578
5 247.0 15.947064399719238 16.797130584716797 19.210801124572754 8.484341621398926 10.726459503173828
5 248.0 15.929267883300781 16.528614044189453 19.208251953125 8.340195655822754 10.868056297302246
5 249.0 15.90838623046875 16.28125 19.19356918334961 8.204780578613281 10.988788604736328
5 250.0 15.856344223022461 16.049314498901367 19.11339282989502 8.058923721313477 11.054469108581543
5 251.0 15.877442359924316 15.849761962890625 19.182175636291504 7.942324638366699 11.239850997924805
5 252.0 15.910865783691406 15.647692680358887 19.185702800750732 7.812022686004639 11.373680114746094
5 253.0 15.91920280456543 15.430961608886719 19.222005367279053 7.670743465423584 11.551261901855469
5 254.0 15.888164520263672 15.206045150756836 19.170437812805176 7.532236099243164 11.638201713562012
5 255.0 15.943147659301758 15.01133918762207 19.171919345855713 7.389559268951416 11.782360076904297
5 256.0 15.961791038513184 14.830936431884766 19.178715705871582 7.249945640563965 11.928770065307617
5 257.0 15.934514999389648 14.667211532592773 19.089130878448486 7.065392971038818 12.023737907409668
5 258.0 15.921310424804688 14.495073318481445 19.03064203262329 6.853586673736572 12.177055358886719
5 259.0 15.900250434875488 14.318608283996582 18.98742151260376 6.6588006019592285 12.328620910644531
5 260.0 15.888869285583496 14.12759780883789 18.98628854751587 6.499196529388428 12.487092018127441
5 261.0 15.812944412231445 13.921636581420898 19.02054262161255 6.3708930015563965 12.649649620056152
5 262.0 15.849166870117188 13.761934280395508 19.09161615371704 6.255764484405518 12.835851669311523
5 263.0 15.906360626220703 13.629951477050781 19.13197946548462 6.131439685821533 13.000539779663086
5 264.0 15.937966346740723 13.525602340698242 19.12919807434082 6.023819923400879 13.105378150939941
5 265.0 15.998584747314453 13.411781311035156 19.08387804031372 5.883778095245361 13.20009994506836
5 266.0 16.039920806884766 13.299744606018066 19.11431360244751 5.756893634796143 13.357419967651367
5 267.0 16.024024963378906 13.192712783813477 19.10041570663452 5.62113618850708 13.479279518127441
5 268.0 16.104921340942383 13.055675506591797 19.195674419403076 5.528459072113037 13.667215347290039
5 269.0 16.104904174804688 12.945920944213867 19.17190933227539 5.421339988708496 13.750569343566895
5 270.0 16.12356948852539 12.8540678024292 19.208515167236328 5.273002624511719 13.93551254272461
5 271.0 16.23212242126465 12.792434692382812 19.2254638671875 5.13912296295166 14.08634090423584
5 272.0 16.29674530029297 12.726123809814453 19.208090782165527 4.9282073974609375 14.27988338470459
5 273.0 16.34358024597168 12.66377067565918 19.180283069610596 4.770919322967529 14.409363746643066
5 274.0 16.4229736328125 12.606000900268555 19.19653558731079 4.627308368682861 14.56922721862793
5 275.0 16.51380157470703 12.5864896774292 19.20949363708496 4.486733436584473 14.722760200500488
5 276.0 16.57439422607422 12.577739715576172 19.20084238052368 4.374505519866943 14.826336860656738
5 277.0 16.5594482421875 12.512890815734863 19.16942024230957 4.269096374511719 14.900323867797852
5 278.0 16.508440017700195 12.4422607421875 19.144810676574707 4.151471138000488 14.993339538574219
5 279.0 16.44446563720703 12.36992359161377 19.06020212173462 3.9712319374084473 15.088970184326172
5 280.0 16.42538833618164 12.317293167114258 19.01953887939453 3.8491249084472656 15.170413970947266
5 281.0 16.50636863708496 12.281717300415039 19.09602952003479 3.7395031452178955 15.356526374816895
5 282.0 16.56592559814453 12.246197700500488 19.175601482391357 3.6774191856384277 15.49818229675293
5 283.0 16.56114959716797 12.176248550415039 19.20004367828369 3.6311216354370117 15.56892204284668
5 284.0 16.565265655517578 12.124653816223145 19.24071455001831 3.573911190032959 15.666803359985352
5 285.0 16.570297241210938 12.062808990478516 19.22674322128296 3.5178704261779785 15.70887279510498
5 286.0 16.58196449279785 12.025931358337402 19.19981026649475 3.4452669620513916 15.75454330444336
5 287.0 16.682390213012695 12.0370512008667 19.2214617729187 3.376892566680908 15.844569206237793
5 288.0 16.794097900390625 12.078714370727539 19.258554697036743 3.3190500736236572 15.939504623413086
5 289.0 16.844377517700195 12.09164810180664 19.33892846107483 3.273987054824829 16.06494140625
5 290.0 16.86876678466797 12.082155227661133 19.336021661758423 3.216535806655884 16.11948585510254
5 291.0 16.83882713317871 12.054725646972656 19.317129611968994 3.1625123023986816 16.154617309570312
5 292.0 16.84178352355957 12.013769149780273 19.3294997215271 3.100003719329834 16.229496002197266
5 293.0 16.92526626586914 11.988906860351562 19.379176139831543 3.017685890197754 16.36149024963379
5 294.0 16.996549606323242 11.979042053222656 19.41517949104309 2.940324068069458 16.474855422973633
5 295.0 16.995126724243164 11.991697311401367 19.384762287139893 2.8764138221740723 16.50834846496582
5 296.0 16.97984504699707 12.00977611541748 19.386439561843872 2.8403637409210205 16.54607582092285
5 297.0 16.993228912353516 12.039449691772461 19.496102809906006 2.8203577995300293 16.675745010375977
5 298.0 17.068578720092773 12.086858749389648 19.599079132080078 2.795156478881836 16.803922653198242
5 299.0 17.11739158630371 12.121061325073242 19.631155490875244 2.754732608795166 16.876422882080078
5 300.0 17.206445693969727 12.164876937866211 19.761651754379272 2.719594717025757 17.042057037353516
5 301.0 17.281856536865234 12.208222389221191 19.8558406829834 2.678447723388672 17.177392959594727
5 302.0 17.38376808166504 12.243865013122559 19.969680547714233 2.6454999446868896 17.324180603027344
5 303.0 17.472532272338867 12.250469207763672 20.08064031600952 2.6369223594665527 17.44371795654297
5 304.0 17.53643226623535 12.270954132080078 20.208961725234985 2.63228440284729 17.576677322387695
5 305.0 17.618518829345703 12.31955337524414 20.340008020401 2.637129068374634 17.702878952026367
5 306.0 17.636695861816406 12.372579574584961 20.342396020889282 2.622539758682251 17.71985626220703
5 307.0 17.637075424194336 12.39360523223877 20.37965226173401 2.598085641860962 17.781566619873047
5 308.0 17.675168991088867 12.446714401245117 20.427690505981445 2.5775089263916016 17.850181579589844
5 309.0 17.725893020629883 12.503815650939941 20.449020385742188 2.5403995513916016 17.908620834350586
5 310.0 17.792842864990234 12.52556037902832 20.543543577194214 2.5289275646209717 18.014616012573242
5 311.0 17.885107040405273 12.587469100952148 20.61868166923523 2.5265281200408936 18.092153549194336
5 312.0 17.960405349731445 12.666837692260742 20.673240900039673 2.5097525119781494 18.163488388061523
5 313.0 18.040592193603516 12.740608215332031 20.753446340560913 2.491544485092163 18.26190185546875
5 314.0 18.102258682250977 12.843894958496094 20.820667028427124 2.48423171043396 18.336435317993164
5 315.0 18.144329071044922 12.949880599975586 20.842300176620483 2.489366292953491 18.352933883666992
5 316.0 18.191892623901367 13.051374435424805 20.93414044380188 2.47131085395813 18.46282958984375
5 317.0 18.284015655517578 13.207260131835938 20.939344882965088 2.4411091804504395 18.49823570251465
5 318.0 18.357303619384766 13.375336647033691 20.912854433059692 2.408780336380005 18.504074096679688
5 319.0 18.50057601928711 13.6299467086792 21.01587414741516 2.423632860183716 18.592241287231445
5 320.0 18.72010040283203 13.962987899780273 21.199427604675293 2.55556583404541 18.643861770629883
5 321.0 18.908416748046875 14.25537395477295 21.299821615219116 2.661212682723999 18.638608932495117
5 322.0 19.001264572143555 14.436355590820312 21.363166332244873 2.6894583702087402 18.673707962036133
5 323.0 19.063074111938477 14.602251052856445 21.41948962211609 2.7297561168670654 18.689733505249023
5 324.0 19.180124282836914 14.77275276184082 21.555156707763672 2.8268489837646484 18.728307723999023
5 325.0 19.258363723754883 14.886177062988281 21.639920234680176 2.882328987121582 18.757591247558594
5 326.0 19.31900978088379 15.008105278015137 21.62428593635559 2.8810245990753174 18.743261337280273
5 327.0 19.403100967407227 15.154630661010742 21.686886072158813 2.8987925052642822 18.78809356689453
5 328.0 19.505823135375977 15.314541816711426 21.73170280456543 2.938577651977539 18.79312515258789
5 329.0 19.69642448425293 15.555063247680664 21.919705390930176 3.026890754699707 18.89281463623047
5 330.0 19.853334426879883 15.759729385375977 22.066181659698486 3.136507511138916 18.92967414855957
5 331.0 20.032068252563477 15.992813110351562 22.15840435028076 3.2301111221313477 18.928293228149414
5 332.0 20.241662979125977 16.224863052368164 22.32750129699707 3.3778114318847656 18.949689865112305
5 333.0 20.496379852294922 16.4625186920166 22.62685227394104 3.6747782230377197 18.95207405090332
5 334.0 20.728816986083984 16.62728500366211 22.794827461242676 3.781987190246582 19.012840270996094
5 335.0 20.90511703491211 16.768917083740234 22.945266246795654 3.8846182823181152 19.06064796447754
5 336.0 20.950565338134766 16.838428497314453 22.997484922409058 3.9157702922821045 19.081714630126953
5 337.0 20.958553314208984 16.88534164428711 23.02305269241333 3.9546799659729004 19.06837272644043
5 338.0 21.012069702148438 16.962188720703125 23.111855030059814 4.032768726348877 19.079086303710938
5 339.0 21.106550216674805 17.058074951171875 23.243657112121582 4.159550666809082 19.0841064453125
5 340.0 21.163339614868164 17.152469635009766 23.31811761856079 4.254810810089111 19.06330680847168
5 341.0 21.19287872314453 17.25076675415039 23.353504180908203 4.304948806762695 19.048555374145508
5 342.0 21.1704158782959 17.34394645690918 23.33191442489624 4.3441996574401855 18.987714767456055
5 343.0 21.212343215942383 17.502382278442383 23.355372428894043 4.3874006271362305 18.967971801757812
5 344.0 21.33043098449707 17.651405334472656 23.508390426635742 4.546592712402344 18.9617977142334
5 345.0 21.478059768676758 17.77560043334961 23.642727375030518 4.714012622833252 18.928714752197266
5 346.0 21.58203125 17.889589309692383 23.757951259613037 4.878188610076904 18.879762649536133
5 347.0 21.66135597229004 17.9788761138916 23.884644031524658 5.015339374542236 18.869304656982422
5 348.0 21.81191062927246 18.100648880004883 24.0721378326416 5.211359024047852 18.86077880859375
5 349.0 21.986982345581055 18.23096466064453 24.30209255218506 5.414364814758301 18.887727737426758
5 350.0 22.06983757019043 18.31857681274414 24.427232265472412 5.569779872894287 18.857452392578125
5 351.0 22.08595085144043 18.361309051513672 24.551196098327637 5.727387428283691 18.823808670043945
5 352.0 22.09642219543457 18.408367156982422 24.708853721618652 5.853148460388184 18.85570526123047
5 353.0 22.17510414123535 18.485271453857422 24.850533962249756 6.011926174163818 18.838607788085938
5 354.0 22.270893096923828 18.540164947509766 24.873061656951904 6.156230449676514 18.71683120727539
5 355.0 22.365036010742188 18.583627700805664 24.999786376953125 6.344949722290039 18.654836654663086
5 356.0 22.518192291259766 18.609102249145508 25.23457431793213 6.6072492599487305 18.6273250579834
5 357.0 22.649145126342773 18.60335922241211 25.37807273864746 6.810049057006836 18.568023681640625
5 358.0 22.76953125 18.613075256347656 25.563666820526123 7.042870998382568 18.520795822143555
5 359.0 22.890125274658203 18.723913192749023 25.690882205963135 7.25767183303833 18.433210372924805
5 360.0 22.950971603393555 18.802906036376953 25.739822387695312 7.417957305908203 18.32186508178711
5 361.0 22.998676300048828 18.828033447265625 25.838063716888428 7.59222936630249 18.245834350585938
5 362.0 23.087623596191406 18.898208618164062 25.917847633361816 7.777173042297363 18.140674591064453
5 363.0 23.1140079498291 18.960590362548828 25.927542209625244 7.889917850494385 18.03762435913086
5 364.0 23.128320693969727 18.987735748291016 25.973362922668457 8.017889976501465 17.955472946166992
5 365.0 23.176958084106445 18.990379333496094 26.043804168701172 8.19668960571289 17.84711456298828
5 366.0 23.13451385498047 18.977792739868164 26.077455520629883 8.2896728515625 17.787782669067383
6 1.0 20.85984230041504 25.729297637939453 24.86854648590088 8.227974891662598 16.64057159423828
6 2.0 20.84996223449707 25.444324493408203 25.02161979675293 8.421560287475586 16.600059509277344
6 3.0 20.89569091796875 25.20357322692871 25.150867462158203 8.618839263916016 16.532028198242188
6 4.0 21.00586700439453 25.035079956054688 25.316462516784668 8.820181846618652 16.496280670166016
6 5.0 21.077919006347656 24.855419158935547 25.474056243896484 9.023521423339844 16.45053482055664
6 6.0 20.954105377197266 24.590890884399414 25.507349014282227 9.132625579833984 16.374723434448242
6 7.0 20.804943084716797 24.341106414794922 25.50358295440674 9.239947319030762 16.263635635375977
6 8.0 20.605010986328125 24.10296630859375 25.418898582458496 9.278624534606934 16.140274047851562
6 9.0 20.35120391845703 23.884990692138672 25.28615665435791 9.253695487976074 16.032461166381836
6 10.0 20.137937545776367 23.68963623046875 25.145190238952637 9.259950637817383 15.885239601135254
6 11.0 19.94668960571289 23.473548889160156 25.072062492370605 9.284005165100098 15.788057327270508
6 12.0 19.72109603881836 23.23206901550293 24.9753999710083 9.30284309387207 15.67255687713623
6 13.0 19.56103515625 22.999889373779297 24.86174774169922 9.372575759887695 15.489171981811523
6 14.0 19.44615936279297 22.745929718017578 24.792137145996094 9.521084785461426 15.271052360534668
6 15.0 19.225223541259766 22.403797149658203 24.610371589660645 9.613540649414062 14.996830940246582
6 16.0 18.92806625366211 22.05930519104004 24.4089994430542 9.651325225830078 14.757674217224121
6 17.0 18.745220184326172 21.81456756591797 24.263007164001465 9.732029914855957 14.530977249145508
6 18.0 18.573823928833008 21.50355339050293 24.119059562683105 9.828702926635742 14.290356636047363
6 19.0 18.45706558227539 21.241661071777344 23.939841270446777 9.92520809173584 14.014633178710938
6 20.0 18.318187713623047 21.071605682373047 23.768678665161133 9.990518569946289 13.778160095214844
6 21.0 18.090185165405273 20.835201263427734 23.538734436035156 10.030698776245117 13.508035659790039
6 22.0 17.852760314941406 20.58493423461914 23.31360912322998 10.082192420959473 13.231416702270508
6 23.0 17.582914352416992 20.294334411621094 23.160518646240234 10.164776802062988 12.995741844177246
6 24.0 17.329303741455078 20.063806533813477 22.94001579284668 10.238055229187012 12.701960563659668
6 25.0 17.06991958618164 19.81695556640625 22.657155990600586 10.285426139831543 12.371729850769043
6 26.0 16.79296112060547 19.565044403076172 22.4258975982666 10.390179634094238 12.035717964172363
6 27.0 16.552597045898438 19.317657470703125 22.160244941711426 10.513240814208984 11.647004127502441
6 28.0 16.342893600463867 19.11147689819336 21.92594814300537 10.635721206665039 11.290226936340332
6 29.0 16.111555099487305 18.9179630279541 21.361132621765137 10.772632598876953 10.588500022888184
6 30.0 15.851324081420898 18.755050659179688 20.73391628265381 10.884599685668945 9.849316596984863
6 31.0 15.566303253173828 18.592771530151367 19.99268341064453 10.966597557067871 9.02608585357666
6 32.0 15.318888664245605 18.424556732177734 19.369434356689453 11.034459114074707 8.334975242614746
6 33.0 15.033527374267578 18.24294662475586 18.80544090270996 11.091276168823242 7.714164733886719
6 34.0 14.753971099853516 18.085613250732422 18.027536392211914 11.195682525634766 6.831853866577148
6 35.0 14.478006362915039 17.93258285522461 17.351577281951904 11.279053688049316 6.072523593902588
6 36.0 14.265314102172852 17.787797927856445 16.80931568145752 11.344226837158203 5.465088844299316
6 37.0 14.10328483581543 17.671733856201172 16.32320213317871 11.376954078674316 4.9462480545043945
6 38.0 13.961331367492676 17.588268280029297 16.035998821258545 11.443156242370605 4.5928425788879395
6 39.0 13.84042739868164 17.544395446777344 15.790960311889648 11.512198448181152 4.278761863708496
6 40.0 13.74756145477295 17.534425735473633 15.617429733276367 11.583785057067871 4.033644676208496
6 41.0 13.682000160217285 17.53045654296875 15.4066162109375 11.658367156982422 3.748249053955078
6 42.0 13.713533401489258 17.569122314453125 15.342121124267578 11.800156593322754 3.541964530944824
6 43.0 13.719101905822754 17.592849731445312 15.265400886535645 11.920061111450195 3.345339775085449
6 44.0 13.657176971435547 17.614334106445312 15.137902021408081 11.942225456237793 3.195676565170288
6 45.0 13.536484718322754 17.63109588623047 14.97561502456665 11.954907417297363 3.020707607269287
6 46.0 13.433929443359375 17.67699432373047 14.740714073181152 11.939613342285156 2.801100730895996
6 47.0 13.35439395904541 17.725357055664062 14.548157215118408 11.965927124023438 2.5822300910949707
6 48.0 13.286559104919434 17.75559425354004 14.460330486297607 12.019646644592285 2.4406838417053223
6 49.0 13.23477840423584 17.784528732299805 14.327837705612183 12.095703125 2.2321345806121826
6 50.0 13.194073677062988 17.812021255493164 14.219215631484985 12.189956665039062 2.029258966445923
6 51.0 13.133926391601562 17.825176239013672 14.0979163646698 12.283112525939941 1.8148038387298584
6 52.0 13.052160263061523 17.819286346435547 13.979287266731262 12.302191734313965 1.6770955324172974
6 53.0 12.986023902893066 17.811229705810547 13.8994699716568 12.34006404876709 1.5594059228897095
6 54.0 12.960952758789062 17.85198402404785 13.794926881790161 12.367549896240234 1.4273769855499268
6 55.0 12.958245277404785 17.894624710083008 13.79912006855011 12.456725120544434 1.3423949480056763
6 56.0 12.967484474182129 17.921642303466797 13.794495344161987 12.549596786499023 1.2448985576629639
6 57.0 12.943353652954102 17.944766998291016 13.767699360847473 12.587054252624512 1.1806451082229614
6 58.0 12.900540351867676 17.96558380126953 13.715230107307434 12.606084823608398 1.1091452836990356
6 59.0 12.899503707885742 18.019794464111328 13.716316938400269 12.658064842224121 1.0582520961761475
6 60.0 12.908138275146484 18.07538604736328 13.761452436447144 12.756184577941895 1.005267858505249
6 61.0 12.921025276184082 18.078651428222656 13.79750508069992 12.858177185058594 0.9393278956413269
6 62.0 12.874212265014648 18.072940826416016 13.724221885204315 12.8290376663208 0.8951842188835144
6 63.0 12.783343315124512 18.085390090942383 13.673975348472595 12.827045440673828 0.8469299077987671
6 64.0 12.768189430236816 18.175556182861328 13.662650227546692 12.854354858398438 0.8082953691482544
6 65.0 12.821065902709961 18.251680374145508 13.676892280578613 12.908716201782227 0.7681760787963867
6 66.0 12.930371284484863 18.345727920532227 13.698111414909363 12.967329978942871 0.7307814359664917
6 67.0 13.002164840698242 18.443347930908203 13.763375639915466 13.065997123718262 0.6973785161972046
6 68.0 13.043341636657715 18.52410316467285 13.791670978069305 13.130380630493164 0.6612903475761414
6 69.0 13.083688735961914 18.613082885742188 13.814113736152649 13.183002471923828 0.6311112642288208
6 70.0 13.114185333251953 18.703718185424805 13.80967265367508 13.2274751663208 0.5821974873542786
6 71.0 13.144588470458984 18.790353775024414 13.832734644412994 13.281624794006348 0.5511098504066467
6 72.0 13.12324047088623 18.848264694213867 13.87157815694809 13.339385032653809 0.532193124294281
6 73.0 13.067948341369629 18.902114868164062 13.825508564710617 13.33187198638916 0.4936365783214569
6 74.0 13.005460739135742 18.9598445892334 13.797599822282791 13.332293510437012 0.4653063118457794
6 75.0 12.968494415283203 19.01742172241211 13.756160497665405 13.32358455657959 0.43257594108581543
6 76.0 12.964591026306152 19.052833557128906 13.753557473421097 13.373414039611816 0.3801434338092804
6 77.0 12.97711181640625 19.115127563476562 13.759196877479553 13.427239418029785 0.33195745944976807
6 78.0 12.975814819335938 19.209346771240234 13.825286865234375 13.528557777404785 0.29672908782958984
6 79.0 12.930018424987793 19.316667556762695 13.789493650197983 13.520288467407227 0.2692051827907562
6 80.0 12.92265796661377 19.38892364501953 13.826588988304138 13.570176124572754 0.2564128637313843
6 81.0 12.958417892456055 19.478923797607422 13.857045695185661 13.617111206054688 0.23993448913097382
6 82.0 12.947284698486328 19.560876846313477 13.821515768766403 13.59036636352539 0.23114940524101257
6 83.0 12.918499946594238 19.668357849121094 13.774009600281715 13.55256175994873 0.22144784033298492
6 84.0 12.924284934997559 19.790555953979492 13.776701778173447 13.567492485046387 0.20920929312705994
6 85.0 12.963912963867188 19.878419876098633 13.766695693135262 13.561781883239746 0.20491380989551544
6 86.0 12.998444557189941 19.981897354125977 13.745640978217125 13.548314094543457 0.1973268836736679
6 87.0 13.032517433166504 20.11940574645996 13.754983142018318 13.559103965759277 0.19587917625904083
6 88.0 13.084196090698242 20.25569725036621 13.772313684225082 13.582367897033691 0.189945787191391
6 89.0 13.120609283447266 20.3825626373291 13.772846028208733 13.586167335510254 0.1866786926984787
6 90.0 13.149629592895508 20.50982093811035 13.802736550569534 13.61896800994873 0.18376854062080383
6 91.0 13.182624816894531 20.63640594482422 13.81527803838253 13.636571884155273 0.17870615422725677
6 92.0 13.223613739013672 20.741477966308594 13.878181144595146 13.7079496383667 0.17023150622844696
6 93.0 13.281460762023926 20.823345184326172 13.94501319527626 13.774466514587402 0.17054668068885803
6 94.0 13.325421333312988 20.91471290588379 14.013036966323853 13.847835540771484 0.16520142555236816
6 95.0 13.369582176208496 21.019258499145508 14.109600126743317 13.950926780700684 0.15867334604263306
6 96.0 13.440422058105469 21.134450912475586 14.195249482989311 14.037525177001953 0.1577243059873581
6 97.0 13.503273010253906 21.255664825439453 14.278982564806938 14.12218189239502 0.15680067241191864
6 98.0 13.563006401062012 21.378803253173828 14.360837697982788 14.205024719238281 0.15581297874450684
6 99.0 13.627949714660645 21.502351760864258 14.419306576251984 14.267416954040527 0.1518896222114563
6 100.0 13.669624328613281 21.620792388916016 14.480730846524239 14.331666946411133 0.14906390011310577
6 101.0 13.69212818145752 21.723384857177734 14.515624538064003 14.37191104888916 0.14371348917484283
6 102.0 13.693614959716797 21.81917381286621 14.503565013408661 14.372669219970703 0.13089579343795776
6 103.0 13.695940971374512 21.89878273010254 14.532509937882423 14.403200149536133 0.1293097883462906
6 104.0 13.700017929077148 21.98632049560547 14.538881406188011 14.41585922241211 0.1230221837759018
6 105.0 13.678677558898926 22.08146858215332 14.521116696298122 14.405760765075684 0.11535593122243881
6 106.0 13.669252395629883 22.18317985534668 14.485829830169678 14.376364707946777 0.10946512222290039
6 107.0 13.673798561096191 22.287885665893555 14.466474920511246 14.361000061035156 0.10547485947608948
6 108.0 13.653010368347168 22.384302139282227 14.444852143526077 14.34410285949707 0.10074928402900696
6 109.0 13.632523536682129 22.47747039794922 14.423666998744011 14.322820663452148 0.10084633529186249
6 110.0 13.62200927734375 22.567813873291016 14.43823392689228 14.338894844055176 0.0993390828371048
6 111.0 13.58963394165039 22.640583038330078 14.400694109499454 14.299300193786621 0.1013939157128334
6 112.0 13.569332122802734 22.698326110839844 14.351154565811157 14.249798774719238 0.10135579109191895
6 113.0 13.533790588378906 22.787912368774414 14.311273135244846 14.20849609375 0.10277704149484634
6 114.0 13.49965763092041 22.88793182373047 14.308783322572708 14.204669952392578 0.10411337018013
6 115.0 13.475839614868164 22.958391189575195 14.313615933060646 14.208722114562988 0.10489381849765778
6 116.0 13.4729585647583 23.04242706298828 14.305793195962906 14.19961929321289 0.10617390275001526
6 117.0 13.490884780883789 23.15410804748535 14.308065362274647 14.200936317443848 0.1071290448307991
6 118.0 13.487940788269043 23.25144386291504 14.291682176291943 14.181343078613281 0.11033909767866135
6 119.0 13.432049751281738 23.327713012695312 14.210328623652458 14.096513748168945 0.11381487548351288
6 120.0 13.38792896270752 23.399234771728516 14.164195448160172 14.049288749694824 0.11490669846534729
6 121.0 13.378328323364258 23.481517791748047 14.13386956602335 14.023149490356445 0.11072007566690445
6 122.0 13.385329246520996 23.553422927856445 14.159339718520641 14.050215721130371 0.10912399739027023
6 123.0 13.399415016174316 23.639205932617188 14.180752016603947 14.066710472106934 0.11404154449701309
6 124.0 13.426375389099121 23.72199058532715 14.211846813559532 14.097212791442871 0.11463402211666107
6 125.0 13.454720497131348 23.783767700195312 14.254992254078388 14.137165069580078 0.11782718449831009
6 126.0 13.503827095031738 23.845888137817383 14.324742503464222 14.201602935791016 0.12313956767320633
6 127.0 13.517243385314941 23.888885498046875 14.37545531988144 14.24123477935791 0.13422054052352905
6 128.0 13.519601821899414 23.931631088256836 14.407071471214294 14.263463973999023 0.143607497215271
6 129.0 13.519411087036133 23.986608505249023 14.421825781464577 14.272882461547852 0.14894331991672516
6 130.0 13.514374732971191 24.026775360107422 14.464632093906403 14.305286407470703 0.15934568643569946
6 131.0 13.524246215820312 24.085853576660156 14.507048770785332 14.341764450073242 0.16528432071208954
6 132.0 13.543437957763672 24.145641326904297 14.5084657818079 14.327643394470215 0.18082238733768463
6 133.0 13.540884017944336 24.184648513793945 14.498574063181877 14.313729286193848 0.18484477698802948
6 134.0 13.530874252319336 24.228628158569336 14.483334362506866 14.297928810119629 0.18540555238723755
6 135.0 13.51656723022461 24.281192779541016 14.485172986984253 14.299050331115723 0.18612265586853027
6 136.0 13.527912139892578 24.341135025024414 14.516041412949562 14.324433326721191 0.19160808622837067
6 137.0 13.557302474975586 24.42401885986328 14.581040769815445 14.38027572631836 0.20076504349708557
6 138.0 13.569971084594727 24.490358352661133 14.574520274996758 14.361506462097168 0.21301381289958954
6 139.0 13.529399871826172 24.522130966186523 14.60450741648674 14.386405944824219 0.21810147166252136
6 140.0 13.466217041015625 24.52556800842285 14.537795141339302 14.322565078735352 0.2152300626039505
6 141.0 13.42268180847168 24.489351272583008 14.534907639026642 14.310885429382324 0.22402220964431763
6 142.0 13.436814308166504 24.498653411865234 14.56197290122509 14.320366859436035 0.24160604178905487
6 143.0 13.465142250061035 24.58464241027832 14.572320491075516 14.307168006896973 0.2651524841785431
6 144.0 13.455081939697266 24.685850143432617 14.514913767576218 14.231721878051758 0.28319188952445984
6 145.0 13.426553726196289 24.7820987701416 14.464885622262955 14.159652709960938 0.3052329123020172
6 146.0 13.410484313964844 24.859264373779297 14.437568664550781 14.104455947875977 0.3331127166748047
6 147.0 13.433365821838379 24.955366134643555 14.444437861442566 14.06545639038086 0.37898147106170654
6 148.0 13.467793464660645 25.0537166595459 14.454082787036896 14.027021408081055 0.42706137895584106
6 149.0 13.50011157989502 25.136417388916016 14.471985310316086 13.992802619934082 0.4791826903820038
6 150.0 13.539551734924316 25.225069046020508 14.484938025474548 13.954203605651855 0.5307344198226929
6 151.0 13.550814628601074 25.30283546447754 14.47192895412445 13.92399787902832 0.5479310750961304
6 152.0 13.54621696472168 25.3535213470459 14.479962646961212 13.913421630859375 0.5665410161018372
6 153.0 13.497978210449219 25.345829010009766 14.441909730434418 13.868073463439941 0.5738362669944763
6 154.0 13.459511756896973 25.328758239746094 14.44604766368866 13.834210395812988 0.6118372678756714
6 155.0 13.466781616210938 25.355661392211914 14.44994056224823 13.823802947998047 0.6261376142501831
6 156.0 13.472772598266602 25.420915603637695 14.425049185752869 13.788290023803711 0.6367591619491577
6 157.0 13.480422019958496 25.47026252746582 14.437421023845673 13.761876106262207 0.6755449175834656
6 158.0 13.48363208770752 25.496707916259766 14.444003880023956 13.716131210327148 0.7278726696968079
6 159.0 13.489472389221191 25.55004119873047 14.46509051322937 13.69723129272461 0.7678592205047607
6 160.0 13.489192008972168 25.62358283996582 14.435270965099335 13.62385368347168 0.811417281627655
6 161.0 13.473434448242188 25.640859603881836 14.374824702739716 13.536005020141602 0.838819682598114
6 162.0 13.452692985534668 25.639692306518555 14.39519888162613 13.530933380126953 0.864265501499176
6 163.0 13.475537300109863 25.680095672607422 14.423196196556091 13.498437881469727 0.9247583150863647
6 164.0 13.510187149047852 25.736223220825195 14.428922355175018 13.447288513183594 0.9816338419914246
6 165.0 13.523256301879883 25.77654266357422 14.430853843688965 13.41061782836914 1.0202360153198242
6 166.0 13.540288925170898 25.7971248626709 14.476893186569214 13.397562980651855 1.0793302059173584
6 167.0 13.559704780578613 25.8284912109375 14.544700145721436 13.405682563781738 1.1390175819396973
6 168.0 13.591425895690918 25.875473022460938 14.60154402256012 13.390052795410156 1.2114912271499634
6 169.0 13.59933853149414 25.87349510192871 14.63471782207489 13.371694564819336 1.2630232572555542
6 170.0 13.573859214782715 25.857425689697266 14.636142373085022 13.357013702392578 1.2791286706924438
6 171.0 13.549847602844238 25.840438842773438 14.664095044136047 13.335907936096191 1.328187108039856
6 172.0 13.566690444946289 25.846254348754883 14.680812358856201 13.279277801513672 1.4015345573425293
6 173.0 13.601866722106934 25.851903915405273 14.738641858100891 13.261730194091797 1.4769116640090942
6 174.0 13.622992515563965 25.861722946166992 14.797906875610352 13.23286247253418 1.5650444030761719
6 175.0 13.655781745910645 25.854703903198242 14.872057437896729 13.221101760864258 1.6509556770324707
6 176.0 13.694329261779785 25.8194522857666 14.970236539840698 13.213791847229004 1.7564446926116943
6 177.0 13.711051940917969 25.813838958740234 14.981434345245361 13.1943941116333 1.7870402336120605
6 178.0 13.721124649047852 25.84117317199707 15.013663649559021 13.196353912353516 1.8173097372055054
6 179.0 13.741104125976562 25.854570388793945 15.039893865585327 13.177956581115723 1.8619372844696045
6 180.0 13.778512954711914 25.8389949798584 15.109998345375061 13.171085357666016 1.9389129877090454
6 181.0 13.843053817749023 25.842512130737305 15.17647099494934 13.138646125793457 2.037824869155884
6 182.0 13.875422477722168 25.79500389099121 15.278690338134766 13.133935928344727 2.144754409790039
6 183.0 13.895493507385254 25.73670196533203 15.374855756759644 13.116539001464844 2.2583167552948
6 184.0 13.927047729492188 25.701526641845703 15.464010000228882 13.098183631896973 2.365826368331909
6 185.0 13.970763206481934 25.72100830078125 15.521710872650146 13.059085845947266 2.462625026702881
6 186.0 14.022528648376465 25.760957717895508 15.59090256690979 13.01346492767334 2.57743763923645
6 187.0 14.092150688171387 25.786067962646484 15.674816846847534 12.977876663208008 2.6969401836395264
6 188.0 14.201651573181152 25.792043685913086 15.829061269760132 12.934118270874023 2.8949429988861084
6 189.0 14.264410018920898 25.794921875 15.912089586257935 12.884317398071289 3.0277721881866455
6 190.0 14.29388427734375 25.796064376831055 15.965769529342651 12.826148986816406 3.139620542526245
6 191.0 14.291181564331055 25.777523040771484 16.064862489700317 12.785222053527832 3.2796404361724854
6 192.0 14.303728103637695 25.752742767333984 16.134031534194946 12.709983825683594 3.4240477085113525
6 193.0 14.356668472290039 25.733680725097656 16.229369640350342 12.615036010742188 3.6143336296081543
6 194.0 14.411004066467285 25.704517364501953 16.307647466659546 12.549213409423828 3.7584340572357178
6 195.0 14.55373477935791 25.68134117126465 16.493079900741577 12.534956932067871 3.958122968673706
6 196.0 14.743337631225586 25.684511184692383 16.696717262268066 12.496936798095703 4.199780464172363
6 197.0 14.893257141113281 25.697826385498047 16.813406467437744 12.433337211608887 4.380069255828857
6 198.0 14.985767364501953 25.685989379882812 16.891493320465088 12.34777545928955 4.543717861175537
6 199.0 15.069772720336914 25.659374237060547 17.004490852355957 12.300232887268066 4.704257965087891
6 200.0 15.205709457397461 25.632831573486328 17.191462993621826 12.248634338378906 4.94282865524292
6 201.0 15.329373359680176 25.572307586669922 17.3317608833313 12.204334259033203 5.127426624298096
6 202.0 15.480873107910156 25.502704620361328 17.510459423065186 12.148283958435059 5.362175464630127
6 203.0 15.681802749633789 25.467912673950195 17.719179153442383 12.100823402404785 5.618355751037598
6 204.0 15.883201599121094 25.432842254638672 17.94587469100952 12.073465347290039 5.872409343719482
6 205.0 15.999717712402344 25.37193489074707 18.08449697494507 12.029570579528809 6.05492639541626
6 206.0 16.061508178710938 25.303117752075195 18.183624744415283 11.97230052947998 6.211324214935303
6 207.0 16.089584350585938 25.188413619995117 18.305684566497803 11.944405555725098 6.361279010772705
6 208.0 16.076461791992188 25.07646369934082 18.39597177505493 11.936178207397461 6.459793567657471
6 209.0 16.08671760559082 24.96849822998047 18.440114498138428 11.907145500183105 6.532968997955322
6 210.0 16.131214141845703 24.863651275634766 18.50552988052368 11.86367416381836 6.641855716705322
6 211.0 16.216644287109375 24.76447296142578 18.59589195251465 11.793862342834473 6.802029609680176
6 212.0 16.338655471801758 24.65140151977539 18.66050100326538 11.744662284851074 6.915838718414307
6 213.0 16.415294647216797 24.53847885131836 18.80364418029785 11.743896484375 7.059747695922852
6 214.0 16.440637588500977 24.414934158325195 18.907456874847412 11.705232620239258 7.202224254608154
6 215.0 16.491352081298828 24.292869567871094 19.039425373077393 11.68358325958252 7.355842113494873
6 216.0 16.60134506225586 24.16683006286621 19.187739849090576 11.64319896697998 7.544540882110596
6 217.0 16.701194763183594 24.036617279052734 19.349689483642578 11.614127159118652 7.735562324523926
6 218.0 16.803939819335938 23.89068603515625 19.52356243133545 11.592905044555664 7.930657386779785
6 219.0 16.899368286132812 23.76104164123535 19.672210693359375 11.5327787399292 8.139431953430176
6 220.0 16.874038696289062 23.625171661376953 19.733283042907715 11.462523460388184 8.270759582519531
6 221.0 16.880615234375 23.483440399169922 19.783599853515625 11.374719619750977 8.408880233764648
6 222.0 16.940954208374023 23.34343147277832 19.853927612304688 11.291057586669922 8.562870025634766
6 223.0 16.99217987060547 23.20032501220703 19.858837127685547 11.160816192626953 8.698020935058594
6 224.0 17.038015365600586 23.01305389404297 19.902250289916992 11.026851654052734 8.875398635864258
6 225.0 17.07870101928711 22.810302734375 19.953133583068848 10.912419319152832 9.040714263916016
6 226.0 17.14407730102539 22.61467170715332 19.978779792785645 10.785088539123535 9.19369125366211
6 227.0 17.180078506469727 22.413185119628906 19.963674545288086 10.6436767578125 9.319997787475586
6 228.0 17.256305694580078 22.220932006835938 20.074830055236816 10.552066802978516 9.5227632522583
6 229.0 17.259368896484375 22.021249771118164 20.104421615600586 10.432007789611816 9.67241382598877
6 230.0 17.192535400390625 21.773197174072266 20.07945156097412 10.285061836242676 9.794389724731445
6 231.0 17.192577362060547 21.53937530517578 20.040852546691895 10.15021800994873 9.890634536743164
6 232.0 17.216968536376953 21.303367614746094 20.02971363067627 10.020647048950195 10.009066581726074
6 233.0 17.27338218688965 21.044620513916016 20.02262592315674 9.85893726348877 10.163688659667969
6 234.0 17.352760314941406 20.77937126159668 20.08094596862793 9.704937934875488 10.376008033752441
6 235.0 17.438072204589844 20.496978759765625 20.126575469970703 9.561284065246582 10.565291404724121
6 236.0 17.535594940185547 20.231000900268555 20.31402015686035 9.483728408813477 10.830291748046875
6 237.0 17.7164306640625 19.980209350585938 20.533486366271973 9.396784782409668 11.136701583862305
6 238.0 17.901491165161133 19.717653274536133 20.726902961730957 9.293112754821777 11.43379020690918
6 239.0 18.040494918823242 19.459394454956055 20.873257637023926 9.168363571166992 11.704894065856934
6 240.0 18.159042358398438 19.241708755493164 20.974316596984863 9.030035972595215 11.944280624389648
6 241.0 18.25607681274414 19.010826110839844 21.046175956726074 8.922637939453125 12.12353801727295
6 242.0 18.248872756958008 18.761398315429688 21.11134147644043 8.808597564697266 12.302743911743164
6 243.0 18.201087951660156 18.487823486328125 21.14238166809082 8.749520301818848 12.392861366271973
6 244.0 18.232275009155273 18.22091293334961 21.292834281921387 8.671941757202148 12.620892524719238
6 245.0 18.315418243408203 17.939132690429688 21.360015869140625 8.586902618408203 12.773113250732422
6 246.0 18.43111228942871 17.67795753479004 21.47079086303711 8.49856185913086 12.97222900390625
6 247.0 18.538745880126953 17.419673919677734 21.5719633102417 8.413288116455078 13.158675193786621
6 248.0 18.59724998474121 17.19035530090332 21.616655349731445 8.309837341308594 13.306818008422852
6 249.0 18.589902877807617 16.9595890045166 21.66575050354004 8.196685791015625 13.469064712524414
6 250.0 18.59580421447754 16.7617130279541 21.67878818511963 8.029419898986816 13.649368286132812
6 251.0 18.641979217529297 16.586101531982422 21.663099765777588 7.906132221221924 13.756967544555664
6 252.0 18.70591926574707 16.400129318237305 21.744654178619385 7.805692195892334 13.93896198272705
6 253.0 18.76788330078125 16.16811752319336 21.8274564743042 7.727130889892578 14.100325584411621
6 254.0 18.84857177734375 15.967569351196289 21.983069896697998 7.622482776641846 14.360587120056152
6 255.0 18.952550888061523 15.77334213256836 22.09159755706787 7.5352373123168945 14.556360244750977
6 256.0 19.078445434570312 15.563278198242188 22.26098394393921 7.456118106842041 14.804865837097168
6 257.0 19.08997344970703 15.33293628692627 22.38766860961914 7.378622055053711 15.00904655456543
6 258.0 19.05068016052246 15.06995677947998 22.449976921081543 7.308626174926758 15.141350746154785
6 259.0 18.940196990966797 14.778960227966309 22.44258975982666 7.246912002563477 15.195677757263184
6 260.0 18.777748107910156 14.461525917053223 22.438365936279297 7.184788703918457 15.25357723236084
6 261.0 18.694435119628906 14.182254791259766 22.42049217224121 7.109543800354004 15.310948371887207
6 262.0 18.586519241333008 13.916348457336426 22.48826313018799 7.077662467956543 15.410600662231445
6 263.0 18.473119735717773 13.68944263458252 22.459052085876465 7.006641387939453 15.452410697937012
6 264.0 18.36579132080078 13.467351913452148 22.457646369934082 6.941861152648926 15.515785217285156
6 265.0 18.281774520874023 13.24465274810791 22.525746822357178 6.888204097747803 15.637542724609375
6 266.0 18.21771812438965 13.046345710754395 22.576063632965088 6.797108173370361 15.778955459594727
6 267.0 18.153841018676758 12.832243919372559 22.5414776802063 6.674169063568115 15.867308616638184
6 268.0 18.132505416870117 12.638989448547363 22.588218688964844 6.562675476074219 16.025543212890625
6 269.0 18.156543731689453 12.45977783203125 22.571264266967773 6.467845916748047 16.103418350219727
6 270.0 18.186527252197266 12.29649829864502 22.531023502349854 6.369205951690674 16.16181755065918
6 271.0 18.272579193115234 12.163909912109375 22.586138248443604 6.276089191436768 16.310049057006836
6 272.0 18.361896514892578 12.078727722167969 22.70893907546997 6.171970844268799 16.536968231201172
6 273.0 18.4185848236084 11.939810752868652 22.797205924987793 6.055544853210449 16.741661071777344
6 274.0 18.45966148376465 11.801651000976562 22.97640895843506 5.962922096252441 17.013486862182617
6 275.0 18.481563568115234 11.715309143066406 23.012537002563477 5.805429458618164 17.207107543945312
6 276.0 18.516632080078125 11.654573440551758 22.99226713180542 5.603524684906006 17.388742446899414
6 277.0 18.556495666503906 11.601783752441406 22.9229474067688 5.386850833892822 17.536096572875977
6 278.0 18.582319259643555 11.567401885986328 22.855658054351807 5.213715076446533 17.641942977905273
6 279.0 18.581031799316406 11.534207344055176 22.789877891540527 5.016600608825684 17.773277282714844
6 280.0 18.56661605834961 11.490321159362793 22.627864837646484 4.831371307373047 17.796493530273438
6 281.0 18.51326560974121 11.440923690795898 22.464674949645996 4.6445817947387695 17.820093154907227
6 282.0 18.44246482849121 11.3985013961792 22.301820278167725 4.411941051483154 17.88987922668457
6 283.0 18.365270614624023 11.349543571472168 22.003095149993896 4.108449459075928 17.89464569091797
6 284.0 18.367061614990234 11.275510787963867 21.730327367782593 3.765458822250366 17.964868545532227
6 285.0 18.48392677307129 11.224494934082031 21.617383241653442 3.563037157058716 18.054346084594727
6 286.0 18.57316017150879 11.190193176269531 21.518524885177612 3.3639724254608154 18.154552459716797
6 287.0 18.54747200012207 11.16257381439209 21.43648052215576 3.176114082336426 18.260366439819336
6 288.0 18.54936981201172 11.133064270019531 21.393219232559204 3.005850076675415 18.38736915588379
6 289.0 18.63445472717285 11.14277458190918 21.398388385772705 2.868032932281494 18.53035545349121
6 290.0 18.659914016723633 11.174272537231445 21.41275715827942 2.7631847858428955 18.649572372436523
6 291.0 18.65534782409668 11.208751678466797 21.40477156639099 2.6665151119232178 18.738256454467773
6 292.0 18.61667823791504 11.245205879211426 21.361231327056885 2.5590291023254395 18.802202224731445
6 293.0 18.58743667602539 11.245726585388184 21.269371271133423 2.4374430179595947 18.831928253173828
6 294.0 18.574045181274414 11.259441375732422 21.168090343475342 2.3296751976013184 18.838415145874023
6 295.0 18.598876953125 11.318174362182617 21.062223434448242 2.1898574829101562 18.872365951538086
6 296.0 18.660491943359375 11.36961555480957 21.012115478515625 2.113544464111328 18.898571014404297
6 297.0 18.72513198852539 11.416349411010742 21.024699211120605 2.061854362487793 18.962844848632812
6 298.0 18.757781982421875 11.45718002319336 21.066136956214905 1.9944301843643188 19.071706771850586
6 299.0 18.742128372192383 11.468339920043945 21.09016227722168 1.9510231018066406 19.13913917541504
6 300.0 18.784500122070312 11.50890827178955 21.206278920173645 1.9170981645584106 19.289180755615234
6 301.0 18.867355346679688 11.574334144592285 21.234099507331848 1.8844252824783325 19.349674224853516
6 302.0 18.913400650024414 11.630494117736816 21.265888571739197 1.8499091863632202 19.415979385375977
6 303.0 18.87948226928711 11.644043922424316 21.306864976882935 1.8318989276885986 19.474966049194336
6 304.0 18.88896942138672 11.666998863220215 21.304811239242554 1.7954061031341553 19.5094051361084
6 305.0 18.899221420288086 11.700920104980469 21.34874975681305 1.7702127695083618 19.578536987304688
6 306.0 18.910802841186523 11.768472671508789 21.40859591960907 1.734359622001648 19.674236297607422
6 307.0 18.945375442504883 11.841938018798828 21.44332194328308 1.7105624675750732 19.732759475708008
6 308.0 18.996870040893555 11.923296928405762 21.473040103912354 1.6819329261779785 19.791107177734375
6 309.0 19.025936126708984 12.011007308959961 21.47459316253662 1.629582405090332 19.84501075744629
6 310.0 19.0435791015625 12.107884407043457 21.53503155708313 1.593674898147583 19.941356658935547
6 311.0 19.020328521728516 12.16844654083252 21.45948624610901 1.5112268924713135 19.948259353637695
6 312.0 18.913724899291992 12.188876152038574 21.337186455726624 1.392560601234436 19.944625854492188
6 313.0 18.894319534301758 12.231493949890137 21.218085885047913 1.290582299232483 19.92750358581543
6 314.0 18.861255645751953 12.279698371887207 21.195643067359924 1.2410589456558228 19.9545841217041
6 315.0 18.78961181640625 12.324679374694824 21.11460256576538 1.2146449089050293 19.89995765686035
6 316.0 18.77303695678711 12.34692096710205 21.083102345466614 1.1999446153640747 19.88315773010254
6 317.0 18.79442024230957 12.395069122314453 21.080471515655518 1.1809086799621582 19.89956283569336
6 318.0 18.838241577148438 12.510583877563477 21.058488488197327 1.1620861291885376 19.89640235900879
6 319.0 18.88419532775879 12.638995170593262 21.00220477581024 1.1527918577194214 19.84941291809082
6 320.0 18.91845703125 12.728151321411133 21.00623595714569 1.1449307203292847 19.861305236816406
6 321.0 18.922590255737305 12.728934288024902 21.06656587123871 1.1687310934066772 19.89783477783203
6 322.0 18.942604064941406 12.801104545593262 21.17434549331665 1.292372226715088 19.881973266601562
6 323.0 19.040346145629883 12.946666717529297 21.206731915473938 1.3800545930862427 19.826677322387695
6 324.0 19.206439971923828 13.085444450378418 21.333768486976624 1.4662758111953735 19.86749267578125
6 325.0 19.374778747558594 13.257684707641602 21.43353307247162 1.535683035850525 19.897850036621094
6 326.0 19.483861923217773 13.469319343566895 21.521762251853943 1.59787118434906 19.923891067504883
6 327.0 19.561996459960938 13.598461151123047 21.612411856651306 1.6920303106307983 19.920381546020508
6 328.0 19.709253311157227 13.741364479064941 21.7381534576416 1.7916393280029297 19.946514129638672
6 329.0 19.92717742919922 13.906415939331055 22.056344270706177 2.0587151050567627 19.997629165649414
6 330.0 20.25275421142578 14.184889793395996 22.548285722732544 2.5166733264923096 20.031612396240234
6 331.0 20.46998405456543 14.400472640991211 22.79298710823059 2.7507164478302 20.04227066040039
6 332.0 20.68233299255371 14.624930381774902 23.011045694351196 2.9246199131011963 20.08642578125
6 333.0 20.88274574279785 14.859606742858887 23.136478185653687 3.077583074569702 20.058895111083984
6 334.0 21.041576385498047 15.066705703735352 23.282551765441895 3.191704750061035 20.09084701538086
6 335.0 21.08815574645996 15.209415435791016 23.324233055114746 3.321591377258301 20.002641677856445
6 336.0 21.124996185302734 15.324088096618652 23.439798831939697 3.4603734016418457 19.97942543029785
6 337.0 21.204856872558594 15.436909675598145 23.567089557647705 3.6333489418029785 19.933740615844727
6 338.0 21.273488998413086 15.616581916809082 23.674939393997192 3.8143723011016846 19.860567092895508
6 339.0 21.343097686767578 15.769905090332031 23.818216800689697 4.03068208694458 19.787534713745117
6 340.0 21.349775314331055 15.853174209594727 23.878253936767578 4.151506423950195 19.726747512817383
6 341.0 21.390422821044922 15.948136329650879 23.978012084960938 4.258302688598633 19.719709396362305
6 342.0 21.487199783325195 16.078035354614258 24.092360973358154 4.423678874969482 19.668682098388672
6 343.0 21.685260772705078 16.244800567626953 24.27544403076172 4.591459274291992 19.683984756469727
6 344.0 21.895891189575195 16.406478881835938 24.403055667877197 4.717226505279541 19.685829162597656
6 345.0 22.050294876098633 16.518295288085938 24.552557945251465 4.878169059753418 19.674388885498047
6 346.0 22.20916175842285 16.6082763671875 24.75447177886963 5.09079647064209 19.66367530822754
6 347.0 22.415742874145508 16.75869369506836 24.934189796447754 5.249407768249512 19.684782028198242
6 348.0 22.615116119384766 16.935848236083984 25.097198486328125 5.40812873840332 19.689069747924805
6 349.0 22.713550567626953 17.04694175720215 25.151443481445312 5.506208419799805 19.645235061645508
6 350.0 22.7340145111084 17.117645263671875 25.22925090789795 5.586630821228027 19.642620086669922
6 351.0 22.721633911132812 17.151290893554688 25.2733154296875 5.665937423706055 19.607378005981445
6 352.0 22.759437561035156 17.170236587524414 25.389326095581055 5.799196243286133 19.590129852294922
6 353.0 22.870439529418945 17.19510841369629 25.546381950378418 5.988814353942871 19.557567596435547
6 354.0 23.0023250579834 17.255285263061523 25.72998809814453 6.17559814453125 19.55438995361328
6 355.0 23.031108856201172 17.288557052612305 25.818039417266846 6.31943941116333 19.498600006103516
6 356.0 23.066951751708984 17.339529037475586 25.843865394592285 6.424544334411621 19.419321060180664
6 357.0 23.129138946533203 17.426513671875 25.87291669845581 6.540191173553467 19.332725524902344
6 358.0 23.162845611572266 17.479032516479492 25.969468593597412 6.682952404022217 19.286516189575195
6 359.0 23.152854919433594 17.53375244140625 25.984403610229492 6.820705413818359 19.163698196411133
6 360.0 23.125722885131836 17.56551742553711 26.05142068862915 6.996227741241455 19.055192947387695
6 361.0 23.124385833740234 17.577682495117188 26.21015214920044 7.207403659820557 19.002748489379883
6 362.0 23.142066955566406 17.5794620513916 26.328857898712158 7.44144868850708 18.887409210205078
6 363.0 23.163740158081055 17.602680206298828 26.367085456848145 7.604159355163574 18.76292610168457
6 364.0 23.154260635375977 17.63335609436035 26.36065673828125 7.696313858032227 18.664342880249023
6 365.0 23.14406394958496 17.656539916992188 26.353702545166016 7.776865005493164 18.57683753967285
6 366.0 23.116458892822266 17.65961456298828 26.333784580230713 7.8638081550598145 18.4699764251709
7 1.0 20.89336395263672 25.773412704467773 24.867374420166016 8.218217849731445 16.64915657043457
7 2.0 20.898681640625 25.48974609375 24.969308853149414 8.381658554077148 16.587650299072266
7 3.0 20.951053619384766 25.240083694458008 25.150341987609863 8.62963581085205 16.520706176757812
7 4.0 21.036731719970703 25.063831329345703 25.27127742767334 8.808051109313965 16.463226318359375
7 5.0 21.075687408447266 24.88792610168457 25.373804092407227 9.002958297729492 16.370845794677734
7 6.0 20.960880279541016 24.656082153320312 25.427077293395996 9.133973121643066 16.29310417175293
7 7.0 20.803325653076172 24.426929473876953 25.408196449279785 9.232256889343262 16.175939559936523
7 8.0 20.658443450927734 24.203271865844727 25.379642486572266 9.31587028503418 16.063772201538086
7 9.0 20.459327697753906 23.950332641601562 25.303415298461914 9.346196174621582 15.957219123840332
7 10.0 20.254375457763672 23.696964263916016 25.219420433044434 9.377017974853516 15.842402458190918
7 11.0 20.088443756103516 23.465351104736328 25.176621437072754 9.458491325378418 15.718130111694336
7 12.0 19.925813674926758 23.240840911865234 25.106558799743652 9.536504745483398 15.570054054260254
7 13.0 19.71364402770996 22.994108200073242 24.997779846191406 9.62099838256836 15.376781463623047
7 14.0 19.465248107910156 22.67607307434082 24.916770935058594 9.671420097351074 15.24535083770752
7 15.0 19.317279815673828 22.401315689086914 24.80474090576172 9.725780487060547 15.078960418701172
7 16.0 19.230337142944336 22.18505859375 24.734384536743164 9.842878341674805 14.89150619506836
7 17.0 19.096477508544922 21.98564910888672 24.65001392364502 9.949125289916992 14.700888633728027
7 18.0 18.876480102539062 21.731306076049805 24.537693977355957 10.020659446716309 14.517034530639648
7 19.0 18.630210876464844 21.433855056762695 24.379850387573242 10.073464393615723 14.30638599395752
7 20.0 18.379364013671875 21.188705444335938 24.149721145629883 10.093994140625 14.055727005004883
7 21.0 18.121826171875 20.94995880126953 23.868287086486816 10.126577377319336 13.74170970916748
7 22.0 17.83858871459961 20.67125701904297 23.704594612121582 10.15574836730957 13.548846244812012
7 23.0 17.582645416259766 20.393768310546875 23.516230583190918 10.205431938171387 13.310798645019531
7 24.0 17.288808822631836 20.098278045654297 23.27339458465576 10.257099151611328 13.016295433044434
7 25.0 16.997875213623047 19.803110122680664 23.08036708831787 10.324200630187988 12.756166458129883
7 26.0 16.743375778198242 19.559711456298828 22.704090118408203 10.380776405334473 12.32331371307373
7 27.0 16.46839141845703 19.327194213867188 22.277366638183594 10.459259986877441 11.818106651306152
7 28.0 16.129268646240234 19.036460876464844 21.691569328308105 10.502297401428223 11.189271926879883
7 29.0 15.834667205810547 18.774372100830078 21.184975624084473 10.637062072753906 10.547913551330566
7 30.0 15.598982810974121 18.536226272583008 20.623448371887207 10.786782264709473 9.836666107177734
7 31.0 15.335284233093262 18.310871124267578 20.027271270751953 10.918485641479492 9.108785629272461
7 32.0 15.089426040649414 18.14653205871582 19.51479434967041 10.988521575927734 8.526272773742676
7 33.0 14.815521240234375 17.913238525390625 18.902967929840088 11.109691619873047 7.793276309967041
7 34.0 14.596574783325195 17.723533630371094 18.40101194381714 11.227954864501953 7.1730570793151855
7 35.0 14.486775398254395 17.659648895263672 17.96161985397339 11.323492050170898 6.63812780380249
7 36.0 14.341469764709473 17.601322174072266 17.563457489013672 11.429086685180664 6.134370803833008
7 37.0 14.14903736114502 17.48178482055664 16.95406436920166 11.533952713012695 5.420111656188965
7 38.0 13.941021919250488 17.343320846557617 16.22220468521118 11.629380226135254 4.592824459075928
7 39.0 13.757270812988281 17.240150451660156 15.686184406280518 11.747969627380371 3.9382147789001465
7 40.0 13.647651672363281 17.21782875061035 15.321264743804932 11.848584175109863 3.4726805686950684
7 41.0 13.594738006591797 17.233074188232422 15.06925654411316 11.939626693725586 3.1296298503875732
7 42.0 13.552172660827637 17.25339126586914 14.92112684249878 12.052242279052734 2.868884563446045
7 43.0 13.50190258026123 17.29412078857422 14.72769045829773 12.134416580200195 2.593273878097534
7 44.0 13.422262191772461 17.342844009399414 14.545111894607544 12.157026290893555 2.3880856037139893
7 45.0 13.335258483886719 17.38081932067871 14.386312246322632 12.154001235961914 2.2323110103607178
7 46.0 13.300145149230957 17.441753387451172 14.19855809211731 12.180756568908691 2.017801523208618
7 47.0 13.315910339355469 17.523351669311523 14.1131511926651 12.251482009887695 1.8616691827774048
7 48.0 13.35572624206543 17.60851287841797 14.092501878738403 12.323859214782715 1.7686426639556885
7 49.0 13.368268966674805 17.683761596679688 14.096436500549316 12.415875434875488 1.6805610656738281
7 50.0 13.384113311767578 17.78166961669922 14.025966882705688 12.4535493850708 1.5724174976348877
7 51.0 13.331107139587402 17.84854507446289 13.962345719337463 12.510505676269531 1.4518400430679321
7 52.0 13.271471977233887 17.915544509887695 13.907901644706726 12.550926208496094 1.3569754362106323
7 53.0 13.203938484191895 17.96477508544922 13.782671332359314 12.537336349487305 1.2453349828720093
7 54.0 13.174311637878418 18.044618606567383 13.730194330215454 12.5895357131958 1.1406586170196533
7 55.0 13.149077415466309 18.143959045410156 13.726406455039978 12.67921257019043 1.0471938848495483
7 56.0 13.106074333190918 18.221059799194336 13.69103467464447 12.738764762878418 0.9522699117660522
7 57.0 13.02332878112793 18.254993438720703 13.652591288089752 12.74318790435791 0.909403383731842
7 58.0 12.912893295288086 18.25844383239746 13.600144624710083 12.736618995666504 0.8635256290435791
7 59.0 12.79780101776123 18.264923095703125 13.538977444171906 12.715099334716797 0.8238781094551086
7 60.0 12.726436614990234 18.35225486755371 13.466844141483307 12.68426513671875 0.7825790047645569
7 61.0 12.74386978149414 18.47406578063965 13.440547168254852 12.702191352844238 0.738355815410614
7 62.0 12.798498153686523 18.596708297729492 13.493807017803192 12.770139694213867 0.723667323589325
7 63.0 12.878982543945312 18.691823959350586 13.57706356048584 12.872415542602539 0.7046480178833008
7 64.0 12.968226432800293 18.76103401184082 13.677441716194153 12.992064476013184 0.6853772401809692
7 65.0 13.039766311645508 18.836557388305664 13.744396269321442 13.074090003967285 0.6703062653541565
7 66.0 13.03822135925293 18.913148880004883 13.76020872592926 13.123437881469727 0.6367708444595337
7 67.0 12.968506813049316 18.92125129699707 13.761772334575653 13.160642623901367 0.6011297106742859
7 68.0 12.838616371154785 18.9188232421875 13.687156677246094 13.125266075134277 0.5618906021118164
7 69.0 12.747198104858398 18.95469093322754 13.590784132480621 13.058904647827148 0.5318794846534729
7 70.0 12.75131607055664 19.029308319091797 13.601836264133453 13.085187911987305 0.5166483521461487
7 71.0 12.849127769470215 19.12213897705078 13.62660837173462 13.125264167785645 0.5013442039489746
7 72.0 12.983583450317383 19.222278594970703 13.702867776155472 13.216270446777344 0.48659732937812805
7 73.0 13.101496696472168 19.342763900756836 13.83692952990532 13.372332572937012 0.4645969569683075
7 74.0 13.143747329711914 19.451032638549805 13.90368327498436 13.465875625610352 0.4378076493740082
7 75.0 13.183451652526855 19.55757713317871 13.932756245136261 13.5244722366333 0.4082840085029602
7 76.0 13.218847274780273 19.66126823425293 13.96087858080864 13.573545455932617 0.38733312487602234
7 77.0 13.221480369567871 19.735071182250977 13.986973941326141 13.622836112976074 0.36413782835006714
7 78.0 13.217463493347168 19.795284271240234 13.973936706781387 13.62392807006836 0.35000863671302795
7 79.0 13.2263822555542 19.87389373779297 13.94942221045494 13.619136810302734 0.3302854001522064
7 80.0 13.261825561523438 19.9681339263916 13.965282052755356 13.648578643798828 0.3167034089565277
7 81.0 13.262189865112305 20.051227569580078 13.978330910205841 13.68386459350586 0.2944663166999817
7 82.0 13.239489555358887 20.137802124023438 13.990546584129333 13.718746185302734 0.2718003988265991
7 83.0 13.227497100830078 20.197288513183594 14.027529776096344 13.770063400268555 0.2574663758277893
7 84.0 13.243849754333496 20.2490291595459 14.0755914747715 13.826583862304688 0.24900761246681213
7 85.0 13.291933059692383 20.295154571533203 14.159934639930725 13.91604995727539 0.24388468265533447
7 86.0 13.375031471252441 20.368959426879883 14.240168184041977 13.999357223510742 0.24081096053123474
7 87.0 13.435819625854492 20.43885612487793 14.268269926309586 14.026597023010254 0.24167290329933167
7 88.0 13.403604507446289 20.472360610961914 14.281859993934631 14.038804054260254 0.24305593967437744
7 89.0 13.322965621948242 20.472366333007812 14.17690360546112 13.93218994140625 0.2447136640548706
7 90.0 13.29265308380127 20.538469314575195 14.158761367201805 13.911685943603516 0.2470754235982895
7 91.0 13.262288093566895 20.63051986694336 14.08883322775364 13.844311714172363 0.24452151358127594
7 92.0 13.235036849975586 20.715312957763672 14.091408401727676 13.848367691040039 0.24304071068763733
7 93.0 13.240192413330078 20.818187713623047 14.099442273378372 13.861095428466797 0.23834684491157532
7 94.0 13.241026878356934 20.910402297973633 14.096274018287659 13.863408088684082 0.23286592960357666
7 95.0 13.268220901489258 21.020397186279297 14.154682487249374 13.926950454711914 0.22773203253746033
7 96.0 13.252128601074219 21.109838485717773 14.187514781951904 13.961750984191895 0.22576379776000977
7 97.0 13.169454574584961 21.154510498046875 14.10860189795494 13.88979721069336 0.21880468726158142
7 98.0 13.121122360229492 21.190242767333984 14.040205031633377 13.832808494567871 0.20739653706550598
7 99.0 13.099202156066895 21.262088775634766 14.01018412411213 13.824522018432617 0.18566210567951202
7 100.0 13.084822654724121 21.35215187072754 14.02676036953926 13.850318908691406 0.17644146084785461
7 101.0 13.131406784057617 21.447235107421875 14.038503021001816 13.86217975616455 0.17632326483726501
7 102.0 13.175674438476562 21.551057815551758 14.07805123925209 13.904601097106934 0.17345014214515686
7 103.0 13.198685646057129 21.639841079711914 14.071279227733612 13.902054786682129 0.16922444105148315
7 104.0 13.22816276550293 21.719425201416016 14.063300460577011 13.896060943603516 0.16723951697349548
7 105.0 13.27730941772461 21.833009719848633 14.057243704795837 13.899477005004883 0.1577666997909546
7 106.0 13.307418823242188 21.927207946777344 14.087573394179344 13.931499481201172 0.1560739129781723
7 107.0 13.281490325927734 21.996673583984375 14.107028678059578 13.955000877380371 0.15202780067920685
7 108.0 13.295486450195312 22.104406356811523 14.09278216958046 13.949472427368164 0.14330974221229553
7 109.0 13.329122543334961 22.206356048583984 14.101233184337616 13.962431907653809 0.13880127668380737
7 110.0 13.326544761657715 22.280231475830078 14.165839523077011 14.023904800415039 0.14193472266197205
7 111.0 13.307609558105469 22.336971282958984 14.192191675305367 14.048830032348633 0.1433616429567337
7 112.0 13.313760757446289 22.403345108032227 14.226963341236115 14.08600902557373 0.14095431566238403
7 113.0 13.376237869262695 22.480356216430664 14.280375003814697 14.140015602111816 0.14035940170288086
7 114.0 13.46438217163086 22.565994262695312 14.349726423621178 14.210514068603516 0.13921235501766205
7 115.0 13.525856018066406 22.639333724975586 14.3872632086277 14.246570587158203 0.14069262146949768
7 116.0 13.56130599975586 22.718374252319336 14.443070709705353 14.301360130310059 0.1417105793952942
7 117.0 13.595757484436035 22.795900344848633 14.515861168503761 14.372352600097656 0.14350856840610504
7 118.0 13.651019096374512 22.876508712768555 14.592627137899399 14.449691772460938 0.1429353654384613
7 119.0 13.678831100463867 22.935466766357422 14.65362548828125 14.511985778808594 0.14163970947265625
7 120.0 13.723353385925293 23.007680892944336 14.696252450346947 14.555825233459473 0.14042721688747406
7 121.0 13.713077545166016 23.03322982788086 14.676834478974342 14.53139591217041 0.1454385668039322
7 122.0 13.69596004486084 23.08138084411621 14.6078792065382 14.456433296203613 0.1514459103345871
7 123.0 13.71535587310791 23.17979621887207 14.60170502960682 14.443439483642578 0.15826554596424103
7 124.0 13.739521980285645 23.271772384643555 14.611448809504509 14.448568344116211 0.16288046538829803
7 125.0 13.750798225402832 23.36016273498535 14.620002418756485 14.449810028076172 0.1701923906803131
7 126.0 13.728996276855469 23.40829849243164 14.623956054449081 14.45080852508545 0.1731475293636322
7 127.0 13.719383239746094 23.449649810791016 14.663974359631538 14.483874320983887 0.18010003864765167
7 128.0 13.729618072509766 23.494606018066406 14.720850706100464 14.530680656433105 0.1901700496673584
7 129.0 13.749306678771973 23.560853958129883 14.793972730636597 14.596896171569824 0.19707655906677246
7 130.0 13.731536865234375 23.604177474975586 14.761828765273094 14.560627937316895 0.20120082795619965
7 131.0 13.687920570373535 23.661163330078125 14.732517778873444 14.532648086547852 0.19986969232559204
7 132.0 13.63084602355957 23.6798038482666 14.701275676488876 14.492616653442383 0.20865902304649353
7 133.0 13.568398475646973 23.691143035888672 14.607910722494125 14.394057273864746 0.21385344862937927
7 134.0 13.525863647460938 23.73674201965332 14.519968032836914 14.305292129516602 0.2146759033203125
7 135.0 13.491668701171875 23.79801368713379 14.483466178178787 14.27097225189209 0.2124939262866974
7 136.0 13.442126274108887 23.813495635986328 14.41902357339859 14.190937042236328 0.22808653116226196
7 137.0 13.378010749816895 23.823410034179688 14.342266157269478 14.10927963256836 0.23298652470111847
7 138.0 13.343902587890625 23.854812622070312 14.295600354671478 14.05831527709961 0.2372850775718689
7 139.0 13.333304405212402 23.894174575805664 14.297122985124588 14.046643257141113 0.25047972798347473
7 140.0 13.330700874328613 23.955995559692383 14.294578522443771 14.026936531066895 0.26764199137687683
7 141.0 13.304248809814453 24.014986038208008 14.296951442956924 14.009641647338867 0.28730979561805725
7 142.0 13.262285232543945 24.02341651916504 14.238074392080307 13.93600845336914 0.3020659387111664
7 143.0 13.258641242980957 24.03341293334961 14.218739330768585 13.890178680419922 0.32856065034866333
7 144.0 13.298738479614258 24.0905704498291 14.24378752708435 13.89289379119873 0.3508937358856201
7 145.0 13.314159393310547 24.16420555114746 14.250165581703186 13.882852554321289 0.367313027381897
7 146.0 13.2601318359375 24.188840866088867 14.215929925441742 13.822084426879883 0.39384549856185913
7 147.0 13.191651344299316 24.209148406982422 14.207995235919952 13.799463272094727 0.40853196382522583
7 148.0 13.15329647064209 24.26990509033203 14.179448693990707 13.768373489379883 0.4110752046108246
7 149.0 13.104537010192871 24.319026947021484 14.116762846708298 13.70178508758545 0.4149777591228485
7 150.0 13.057395935058594 24.35679817199707 14.087312042713165 13.674182891845703 0.41312915086746216
7 151.0 13.057331085205078 24.401256561279297 14.096875786781311 13.665101051330566 0.43177473545074463
7 152.0 13.068873405456543 24.460540771484375 14.100652515888214 13.635163307189941 0.4654892086982727
7 153.0 13.103618621826172 24.536128997802734 14.100513756275177 13.591469764709473 0.5090439915657043
7 154.0 13.148514747619629 24.610498428344727 14.099400401115417 13.532829284667969 0.5665711164474487
7 155.0 13.148933410644531 24.65988540649414 14.101704239845276 13.485383987426758 0.6163202524185181
7 156.0 13.110857009887695 24.670536041259766 14.068793296813965 13.392420768737793 0.6763725280761719
7 157.0 13.107019424438477 24.691789627075195 14.0406973361969 13.301931381225586 0.7387659549713135
7 158.0 13.132988929748535 24.741714477539062 14.04549241065979 13.210983276367188 0.8345091342926025
7 159.0 13.157047271728516 24.794105529785156 14.076660692691803 13.154011726379395 0.9226489663124084
7 160.0 13.155054092407227 24.83224868774414 14.106599926948547 13.119933128356934 0.9866667985916138
7 161.0 13.137935638427734 24.848270416259766 14.097047209739685 13.0809965133667 1.0160506963729858
7 162.0 13.114843368530273 24.8492488861084 14.114945888519287 13.04570484161377 1.0692410469055176
7 163.0 13.110925674438477 24.834508895874023 14.134316205978394 13.027047157287598 1.107269048690796
7 164.0 13.119122505187988 24.836156845092773 14.191615343093872 13.045148849487305 1.1464664936065674
7 165.0 13.114950180053711 24.867748260498047 14.229140400886536 13.052685737609863 1.1764546632766724
7 166.0 13.110980987548828 24.913257598876953 14.208634614944458 12.9874267578125 1.221207857131958
7 167.0 13.076839447021484 24.94720458984375 14.160858273506165 12.899946212768555 1.2609120607376099
7 168.0 13.047759056091309 24.97530746459961 14.052397966384888 12.79045581817627 1.2619421482086182
7 169.0 13.031030654907227 25.00369644165039 14.019749402999878 12.733241081237793 1.286508321762085
7 170.0 13.030326843261719 25.03790283203125 14.019669771194458 12.710750579833984 1.3089191913604736
7 171.0 13.022006034851074 25.032800674438477 14.020556211471558 12.685942649841309 1.334613561630249
7 172.0 13.0011625289917 25.033145904541016 14.032961964607239 12.692729949951172 1.340232014656067
7 173.0 12.947446823120117 25.01099967956543 13.986179828643799 12.652076721191406 1.3341031074523926
7 174.0 12.910089492797852 24.978784561157227 13.965734124183655 12.5918550491333 1.373879075050354
7 175.0 12.884998321533203 24.959081649780273 13.96169662475586 12.525914192199707 1.4357824325561523
7 176.0 12.87959098815918 24.944421768188477 13.986252665519714 12.475919723510742 1.5103329420089722
7 177.0 12.908268928527832 24.944137573242188 14.03425657749176 12.433161735534668 1.6010948419570923
7 178.0 12.940794944763184 24.969505310058594 14.05118453502655 12.342670440673828 1.7085140943527222
7 179.0 12.969621658325195 24.99262809753418 14.074356079101562 12.278773307800293 1.7955827713012695
7 180.0 13.00002384185791 24.997562408447266 14.049178719520569 12.211528778076172 1.837649941444397
7 181.0 13.015398979187012 24.99783706665039 14.065418481826782 12.183438301086426 1.8819801807403564
7 182.0 13.061721801757812 25.01929473876953 14.157101392745972 12.176003456115723 1.981097936630249
7 183.0 13.102197647094727 25.002864837646484 14.202690601348877 12.132760047912598 2.0699305534362793
7 184.0 13.133466720581055 24.971132278442383 14.287668228149414 12.137186050415039 2.150482177734375
7 185.0 13.150232315063477 24.921260833740234 14.352159023284912 12.114826202392578 2.237332820892334
7 186.0 13.1873779296875 24.89133644104004 14.386892557144165 12.07117748260498 2.3157150745391846
7 187.0 13.254127502441406 24.864253997802734 14.502032279968262 12.045027732849121 2.4570045471191406
7 188.0 13.299186706542969 24.829259872436523 14.623237371444702 12.003223419189453 2.620013952255249
7 189.0 13.324787139892578 24.784805297851562 14.705849170684814 11.98460578918457 2.721243381500244
7 190.0 13.394787788391113 24.774559020996094 14.793000936508179 11.92573356628418 2.867267370223999
7 191.0 13.415675163269043 24.74976921081543 14.83628511428833 11.89124870300293 2.9450364112854004
7 192.0 13.412640571594238 24.690019607543945 14.895812749862671 11.882628440856934 3.0131843090057373
7 193.0 13.430229187011719 24.60131072998047 15.005781888961792 11.88511848449707 3.1206634044647217
7 194.0 13.413610458374023 24.544614791870117 15.031291007995605 11.852760314941406 3.178530693054199
7 195.0 13.42915153503418 24.49517059326172 15.077280521392822 11.802386283874512 3.2748942375183105
7 196.0 13.468640327453613 24.433326721191406 15.138036489486694 11.781968116760254 3.3560683727264404
7 197.0 13.5230073928833 24.370973587036133 15.184784889221191 11.734197616577148 3.450587272644043
7 198.0 13.609771728515625 24.30756187438965 15.256262302398682 11.714605331420898 3.541656970977783
7 199.0 13.672834396362305 24.255435943603516 15.320728302001953 11.693860054016113 3.62686824798584
7 200.0 13.690939903259277 24.192520141601562 15.391698837280273 11.669105529785156 3.722593307495117
7 201.0 13.648255348205566 24.10212516784668 15.40855860710144 11.619681358337402 3.788877248764038
7 202.0 13.594161033630371 24.014266967773438 15.387052536010742 11.580243110656738 3.806809425354004
7 203.0 13.549519538879395 23.949905395507812 15.384989261627197 11.5541410446167 3.830848217010498
7 204.0 13.576234817504883 23.898317337036133 15.465874433517456 11.524706840515137 3.9411675930023193
7 205.0 13.684417724609375 23.8348445892334 15.576250076293945 11.485976219177246 4.090273857116699
7 206.0 13.782875061035156 23.756494522094727 15.708987712860107 11.442948341369629 4.2660393714904785
7 207.0 13.841829299926758 23.681976318359375 15.802263259887695 11.399218559265137 4.403044700622559
7 208.0 13.875381469726562 23.608142852783203 15.878268241882324 11.352204322814941 4.526063919067383
7 209.0 13.926609992980957 23.525766372680664 16.003539562225342 11.32357120513916 4.679968357086182
7 210.0 13.998906135559082 23.423555374145508 16.167048454284668 11.303812026977539 4.863236427307129
7 211.0 14.149829864501953 23.322725296020508 16.349793910980225 11.282846450805664 5.0669474601745605
7 212.0 14.245359420776367 23.211036682128906 16.465057373046875 11.2647705078125 5.200286865234375
7 213.0 14.304496765136719 23.11997413635254 16.58372735977173 11.231176376342773 5.352550983428955
7 214.0 14.40378475189209 23.036298751831055 16.681780338287354 11.183978080749512 5.497802257537842
7 215.0 14.433978080749512 22.926013946533203 16.781291484832764 11.140920639038086 5.640370845794678
7 216.0 14.43740177154541 22.817298889160156 16.86377763748169 11.084829330444336 5.7789483070373535
7 217.0 14.50460433959961 22.71863555908203 16.93605375289917 11.021926879882812 5.914126873016357
7 218.0 14.54889965057373 22.608089447021484 17.019567012786865 10.965578079223633 6.053988933563232
7 219.0 14.542098045349121 22.464988708496094 17.054363250732422 10.875847816467285 6.178515434265137
7 220.0 14.575661659240723 22.329322814941406 17.053336143493652 10.742888450622559 6.310447692871094
7 221.0 14.618231773376465 22.200925827026367 17.103684902191162 10.661982536315918 6.441702365875244
7 222.0 14.666288375854492 22.053627014160156 17.065956592559814 10.551326751708984 6.51462984085083
7 223.0 14.683025360107422 21.884960174560547 17.10417366027832 10.448726654052734 6.655447006225586
7 224.0 14.766074180603027 21.67585563659668 17.1979718208313 10.388800621032715 6.809171199798584
7 225.0 14.883207321166992 21.41310691833496 17.31323766708374 10.317744255065918 6.995493412017822
7 226.0 14.968501091003418 21.147632598876953 17.446075439453125 10.2673978805542 7.178677558898926
7 227.0 15.018308639526367 20.8870792388916 17.488142013549805 10.192300796508789 7.295841217041016
7 228.0 15.068771362304688 20.637434005737305 17.56715202331543 10.1032075881958 7.463944435119629
7 229.0 15.131884574890137 20.37041473388672 17.68621253967285 10.041415214538574 7.644797325134277
7 230.0 15.18930435180664 20.074445724487305 17.823294162750244 9.98281478881836 7.840479373931885
7 231.0 15.27717399597168 19.795974731445312 17.93105697631836 9.890442848205566 8.040614128112793
7 232.0 15.35422134399414 19.48931312561035 18.06576633453369 9.830740928649902 8.235025405883789
7 233.0 15.425040245056152 19.165761947631836 18.210686683654785 9.76433277130127 8.446353912353516
7 234.0 15.500273704528809 18.854408264160156 18.40710163116455 9.732284545898438 8.674817085266113
7 235.0 15.630060195922852 18.573333740234375 18.57975482940674 9.662641525268555 8.917113304138184
7 236.0 15.740901947021484 18.263736724853516 18.690417289733887 9.594511985778809 9.095905303955078
7 237.0 15.808055877685547 17.953134536743164 18.853708267211914 9.508731842041016 9.344976425170898
7 238.0 15.793560981750488 17.681560516357422 18.907282829284668 9.398877143859863 9.508405685424805
7 239.0 15.787652969360352 17.40992546081543 18.980649948120117 9.319808959960938 9.66084098815918
7 240.0 15.850214958190918 17.128313064575195 19.05365562438965 9.239266395568848 9.8143892288208
7 241.0 15.829967498779297 16.787126541137695 19.09584617614746 9.14013957977295 9.955706596374512
7 242.0 15.707439422607422 16.41750717163086 19.140121459960938 9.040714263916016 10.099407196044922
7 243.0 15.590944290161133 16.076923370361328 19.093116760253906 8.902030944824219 10.191085815429688
7 244.0 15.530315399169922 15.739574432373047 19.15334129333496 8.745219230651855 10.408122062683105
7 245.0 15.529016494750977 15.396303176879883 19.18896770477295 8.610108375549316 10.578859329223633
7 246.0 15.546917915344238 15.063531875610352 19.219998359680176 8.457998275756836 10.76200008392334
7 247.0 15.592246055603027 14.725454330444336 19.213075637817383 8.310275077819824 10.902800559997559
7 248.0 15.703853607177734 14.414186477661133 19.307758331298828 8.145095825195312 11.162662506103516
7 249.0 15.80152416229248 14.140827178955078 19.399757862091064 7.99850606918335 11.401251792907715
7 250.0 15.792019844055176 13.900386810302734 19.458167552947998 7.845811367034912 11.612356185913086
7 251.0 15.71528434753418 13.625194549560547 19.423030853271484 7.677384376525879 11.745646476745605
7 252.0 15.595765113830566 13.348443031311035 19.42906379699707 7.498455047607422 11.930608749389648
7 253.0 15.609903335571289 13.122092247009277 19.414248943328857 7.307534694671631 12.106714248657227
7 254.0 15.607894897460938 12.920158386230469 19.388373851776123 7.133072376251221 12.255301475524902
7 255.0 15.63785171508789 12.72439956665039 19.415430068969727 6.919578552246094 12.495851516723633
7 256.0 15.699751853942871 12.524288177490234 19.470877170562744 6.700737476348877 12.770139694213867
7 257.0 15.778717041015625 12.328573226928711 19.544391632080078 6.550173759460449 12.994217872619629
7 258.0 15.841537475585938 12.186092376708984 19.491100788116455 6.356114864349365 13.13498592376709
7 259.0 15.874757766723633 12.043354034423828 19.46390724182129 6.177728652954102 13.286178588867188
7 260.0 15.851183891296387 11.885051727294922 19.358222484588623 5.962413311004639 13.395809173583984
7 261.0 15.81254768371582 11.707135200500488 19.28194236755371 5.748862266540527 13.533080101013184
7 262.0 15.779054641723633 11.535480499267578 19.245151042938232 5.529503345489502 13.71564769744873
7 263.0 15.820367813110352 11.387714385986328 19.281527996063232 5.3699049949646 13.911623001098633
7 264.0 15.831430435180664 11.234235763549805 19.253886222839355 5.161552429199219 14.092333793640137
7 265.0 15.849859237670898 11.128922462463379 19.220198154449463 4.9973368644714355 14.222861289978027
7 266.0 15.87452220916748 11.052785873413086 19.190239429473877 4.831231594085693 14.359007835388184
7 267.0 15.855809211730957 10.967506408691406 19.15215492248535 4.661901473999023 14.490253448486328
7 268.0 15.879220962524414 10.895303726196289 19.136316776275635 4.5154852867126465 14.620831489562988
7 269.0 15.961849212646484 10.826376914978027 19.18851375579834 4.406130790710449 14.78238296508789
7 270.0 16.056015014648438 10.764389038085938 19.18415355682373 4.303327560424805 14.880825996398926
7 271.0 16.095626831054688 10.69063949584961 19.17698097229004 4.174177169799805 15.002803802490234
7 272.0 16.1407527923584 10.663475036621094 19.206241130828857 4.069559574127197 15.13668155670166
7 273.0 16.22543716430664 10.646831512451172 19.24433135986328 3.9483375549316406 15.29599380493164
7 274.0 16.319190979003906 10.589978218078613 19.30659532546997 3.86454439163208 15.44205093383789
7 275.0 16.372175216674805 10.523382186889648 19.283902645111084 3.788618564605713 15.495284080505371
7 276.0 16.429027557373047 10.457454681396484 19.343048334121704 3.6906321048736572 15.652416229248047
7 277.0 16.508512496948242 10.443099021911621 19.32828712463379 3.527740478515625 15.800546646118164
7 278.0 16.585002899169922 10.442163467407227 19.355947017669678 3.3973116874694824 15.958635330200195
7 279.0 16.571636199951172 10.427300453186035 19.302553176879883 3.2439041137695312 16.05864906311035
7 280.0 16.61024284362793 10.42265510559082 19.259838581085205 3.128624439239502 16.131214141845703
7 281.0 16.70819854736328 10.425248146057129 19.262816667556763 3.0125973224639893 16.250219345092773
7 282.0 16.76619529724121 10.405936241149902 19.307461261749268 2.899405002593994 16.408056259155273
7 283.0 16.689611434936523 10.290886878967285 19.378831148147583 2.809863328933716 16.568967819213867
7 284.0 16.61019515991211 10.240766525268555 19.28589177131653 2.705735445022583 16.580156326293945
7 285.0 16.60363006591797 10.239212036132812 19.282586336135864 2.6151249408721924 16.667461395263672
7 286.0 16.64447784423828 10.257976531982422 19.302383422851562 2.5388412475585938 16.76354217529297
7 287.0 16.5589599609375 10.214170455932617 19.23112678527832 2.4436111450195312 16.78751564025879
7 288.0 16.503469467163086 10.166507720947266 19.17530059814453 2.3612537384033203 16.81404685974121
7 289.0 16.529529571533203 10.149908065795898 19.189960479736328 2.2998409271240234 16.890119552612305
7 290.0 16.624500274658203 10.178865432739258 19.250112295150757 2.2350499629974365 17.01506233215332
7 291.0 16.73423957824707 10.235091209411621 19.30542802810669 2.1916661262512207 17.11376190185547
7 292.0 16.814651489257812 10.302528381347656 19.411555528640747 2.1646358966827393 17.246919631958008
7 293.0 16.859790802001953 10.363008499145508 19.43937921524048 2.1355557441711426 17.303823471069336
7 294.0 16.85346794128418 10.400985717773438 19.446900367736816 2.078577995300293 17.368322372436523
7 295.0 16.898502349853516 10.442142486572266 19.529624938964844 2.0382118225097656 17.491413116455078
7 296.0 17.00141143798828 10.517501831054688 19.625490188598633 2.0051918029785156 17.620298385620117
7 297.0 17.133047103881836 10.617501258850098 19.732882261276245 1.9667575359344482 17.766124725341797
7 298.0 17.286998748779297 10.741989135742188 19.76330292224884 1.9099379777908325 17.853364944458008
7 299.0 17.397432327270508 10.826797485351562 19.888422966003418 1.875502586364746 18.012920379638672
7 300.0 17.521095275878906 10.868184089660645 20.00521957874298 1.8602534532546997 18.14496612548828
7 301.0 17.65163230895996 10.91491985321045 20.136188745498657 1.85634446144104 18.279844284057617
7 302.0 17.80576515197754 10.998395919799805 20.222843885421753 1.8413493633270264 18.381494522094727
7 303.0 17.91791534423828 11.095841407775879 20.33331859111786 1.8173693418502808 18.515949249267578
7 304.0 17.95990562438965 11.219770431518555 20.382577180862427 1.788661241531372 18.593915939331055
7 305.0 17.957210540771484 11.30535888671875 20.377060651779175 1.751438856124878 18.625621795654297
7 306.0 17.979679107666016 11.371648788452148 20.39030647277832 1.746358871459961 18.64394760131836
7 307.0 18.021142959594727 11.431793212890625 20.427377939224243 1.7410528659820557 18.686325073242188
7 308.0 18.04563331604004 11.489380836486816 20.45831573009491 1.7271775007247925 18.731138229370117
7 309.0 18.069049835205078 11.510427474975586 20.48277497291565 1.7197363376617432 18.763038635253906
7 310.0 18.1386661529541 11.587288856506348 20.482064604759216 1.686606764793396 18.79545783996582
7 311.0 18.227319717407227 11.695487022399902 20.435943245887756 1.651145577430725 18.78479766845703
7 312.0 18.298696517944336 11.791204452514648 20.470165014266968 1.6241605281829834 18.846004486083984
7 313.0 18.31313705444336 11.870219230651855 20.52853500843048 1.593464970588684 18.935070037841797
7 314.0 18.31378173828125 11.949403762817383 20.52391743659973 1.5517723560333252 18.972145080566406
7 315.0 18.315961837768555 12.077508926391602 20.5713369846344 1.5076334476470947 19.063703536987305
7 316.0 18.312252044677734 12.218034744262695 20.57677936553955 1.4725656509399414 19.10421371459961
7 317.0 18.302658081054688 12.337383270263672 20.56207549571991 1.443825602531433 19.118249893188477
7 318.0 18.270732879638672 12.41241455078125 20.58277463912964 1.4419760704040527 19.140798568725586
7 319.0 18.208829879760742 12.478143692016602 20.664759278297424 1.4710718393325806 19.193687438964844
7 320.0 18.187305450439453 12.590235710144043 20.730336546897888 1.5293859243392944 19.200950622558594
7 321.0 18.319150924682617 12.862899780273438 20.811460852622986 1.5941203832626343 19.21734046936035
7 322.0 18.435270309448242 13.162500381469727 20.873764634132385 1.6571470499038696 19.216617584228516
7 323.0 18.563547134399414 13.380881309509277 20.998949646949768 1.7876707315444946 19.211278915405273
7 324.0 18.672199249267578 13.586087226867676 21.13587749004364 1.9341009855270386 19.2017765045166
7 325.0 18.73914337158203 13.778434753417969 21.248038291931152 2.1173219680786133 19.13071632385254
7 326.0 18.830747604370117 13.970662117004395 21.349433660507202 2.2621381282806396 19.087295532226562
7 327.0 18.886993408203125 14.115543365478516 21.434210062026978 2.4033796787261963 19.03083038330078
7 328.0 18.898086547851562 14.21151065826416 21.481398820877075 2.489670991897583 18.991727828979492
7 329.0 18.92189598083496 14.317837715148926 21.486876726150513 2.566899538040161 18.91997718811035
7 330.0 18.97602653503418 14.414238929748535 21.4746572971344 2.6691324710845947 18.805524826049805
7 331.0 19.057384490966797 14.529108047485352 21.5599205493927 2.7815544605255127 18.778366088867188
7 332.0 19.195676803588867 14.700835227966309 21.657705068588257 2.8718373775482178 18.78586769104004
7 333.0 19.27787208557129 14.849140167236328 21.712252616882324 2.9124555587768555 18.79979705810547
7 334.0 19.264381408691406 14.9306640625 21.741701126098633 2.945566177368164 18.79613494873047
7 335.0 19.301023483276367 15.048881530761719 21.775012254714966 2.9872982501983643 18.7877140045166
7 336.0 19.36761474609375 15.207242965698242 21.765509843826294 3.033381700515747 18.732128143310547
7 337.0 19.563030242919922 15.349457740783691 21.88009214401245 3.114428997039795 18.765663146972656
7 338.0 19.779644012451172 15.488136291503906 21.984433889389038 3.2397706508636475 18.74466323852539
7 339.0 19.902427673339844 15.638997077941895 22.076711416244507 3.3519341945648193 18.724777221679688
7 340.0 19.95048713684082 15.747137069702148 22.109174251556396 3.4162020683288574 18.69297218322754
7 341.0 19.963817596435547 15.81100845336914 22.11793541908264 3.441110849380493 18.67682456970215
7 342.0 19.95705223083496 15.808586120605469 22.2199490070343 3.471219301223755 18.748729705810547
7 343.0 20.076749801635742 15.89548110961914 22.35779905319214 3.5941271781921387 18.763671875
7 344.0 20.2335205078125 16.013858795166016 22.552237033843994 3.7581963539123535 18.79404067993164
7 345.0 20.362274169921875 16.155174255371094 22.70971655845642 3.952991247177124 18.756725311279297
7 346.0 20.4718074798584 16.319700241088867 22.85352849960327 4.104617595672607 18.748910903930664
7 347.0 20.60491943359375 16.439437866210938 22.926571369171143 4.236019611358643 18.6905517578125
7 348.0 20.748205184936523 16.54131507873535 23.117274284362793 4.4183549880981445 18.69891929626465
7 349.0 20.902790069580078 16.63657569885254 23.305485248565674 4.62572717666626 18.679758071899414
7 350.0 21.009031295776367 16.718856811523438 23.5345458984375 4.820589065551758 18.713956832885742
7 351.0 21.047161102294922 16.775829315185547 23.572469234466553 4.919929027557373 18.65254020690918
7 352.0 21.0447998046875 16.798572540283203 23.66389226913452 4.9870734214782715 18.67681884765625
7 353.0 21.040422439575195 16.824533462524414 23.680981636047363 5.024579048156738 18.656402587890625
7 354.0 20.964900970458984 16.8376522064209 23.687748432159424 5.068567752838135 18.61918067932129
7 355.0 20.91390609741211 16.780582427978516 23.723167419433594 5.135654449462891 18.587512969970703
7 356.0 20.90889549255371 16.729663848876953 23.732847213745117 5.229618072509766 18.50322914123535
7 357.0 20.96477508544922 16.755640029907227 23.774353504180908 5.358715534210205 18.415637969970703
7 358.0 21.105300903320312 16.839435577392578 23.909770965576172 5.536771774291992 18.37299919128418
7 359.0 21.337642669677734 16.967538833618164 24.183412075042725 5.851027965545654 18.33238410949707
7 360.0 21.52190399169922 17.020456314086914 24.35224676132202 6.070006847381592 18.28223991394043
7 361.0 21.641189575195312 17.013654708862305 24.464558601379395 6.276659965515137 18.187898635864258
7 362.0 21.781185150146484 17.104862213134766 24.685842037200928 6.511159420013428 18.1746826171875
7 363.0 21.886600494384766 17.158559799194336 24.78666591644287 6.708025932312012 18.07863998413086
7 364.0 21.98910903930664 17.206371307373047 24.896165370941162 6.889161586761475 18.007003784179688
7 365.0 22.123477935791016 17.2526912689209 25.10819149017334 7.147496223449707 17.960695266723633
7 366.0 22.253597259521484 17.297237396240234 25.21935749053955 7.34999942779541 17.86935806274414
8 1.0 20.880937576293945 25.77591323852539 24.862601280212402 8.220637321472168 16.641963958740234
8 2.0 20.867095947265625 25.495819091796875 24.97260284423828 8.390727996826172 16.58187484741211
8 3.0 20.911983489990234 25.24458885192871 25.15350914001465 8.619209289550781 16.534299850463867
8 4.0 21.003868103027344 25.05276870727539 25.281702995300293 8.817078590393066 16.464624404907227
8 5.0 21.05685043334961 24.870361328125 25.431519508361816 9.010031700134277 16.42148780822754
8 6.0 20.933870315551758 24.63890838623047 25.435935974121094 9.10971450805664 16.326221466064453
8 7.0 20.75645637512207 24.416080474853516 25.43211078643799 9.19023609161377 16.24187469482422
8 8.0 20.575275421142578 24.207714080810547 25.370391845703125 9.237100601196289 16.133291244506836
8 9.0 20.384849548339844 23.974544525146484 25.31367015838623 9.273394584655762 16.04027557373047
8 10.0 20.190692901611328 23.70440101623535 25.30261516571045 9.349055290222168 15.953559875488281
8 11.0 20.033039093017578 23.436527252197266 25.204362869262695 9.434669494628906 15.769693374633789
8 12.0 19.842411041259766 23.184833526611328 25.1787748336792 9.497027397155762 15.681747436523438
8 13.0 19.70626449584961 22.90703582763672 25.145630836486816 9.606192588806152 15.539438247680664
8 14.0 19.5347957611084 22.65207862854004 25.063514709472656 9.672679901123047 15.39083480834961
8 15.0 19.288206100463867 22.364408493041992 24.881736755371094 9.695439338684082 15.186297416687012
8 16.0 19.088783264160156 22.114425659179688 24.768218994140625 9.764978408813477 15.003240585327148
8 17.0 18.881099700927734 21.891578674316406 24.650431632995605 9.815918922424316 14.834512710571289
8 18.0 18.735923767089844 21.684978485107422 24.536434173583984 9.899855613708496 14.636578559875488
8 19.0 18.58683204650879 21.50304412841797 24.35056209564209 9.984661102294922 14.365900993347168
8 20.0 18.375137329101562 21.309839248657227 24.208426475524902 10.078338623046875 14.130087852478027
8 21.0 18.16556167602539 21.110286712646484 24.048480987548828 10.149889945983887 13.898591041564941
8 22.0 17.980098724365234 20.88778305053711 23.83543586730957 10.286499977111816 13.548935890197754
8 23.0 17.748016357421875 20.624534606933594 23.592183113098145 10.421747207641602 13.170435905456543
8 24.0 17.509963989257812 20.361915588378906 23.357507705688477 10.56131649017334 12.796191215515137
8 25.0 17.226852416992188 20.06879997253418 23.109017372131348 10.654975891113281 12.454041481018066
8 26.0 16.953235626220703 19.822776794433594 22.697021484375 10.72256088256836 11.97446060180664
8 27.0 16.713117599487305 19.61623191833496 22.378376960754395 10.802383422851562 11.575993537902832
8 28.0 16.46291160583496 19.390886306762695 21.870322227478027 10.850666999816895 11.019655227661133
8 29.0 16.209531784057617 19.166383743286133 21.358962059020996 10.943115234375 10.415846824645996
8 30.0 15.919384002685547 18.914628982543945 20.822799682617188 10.994430541992188 9.828369140625
8 31.0 15.659075736999512 18.707427978515625 20.239994049072266 11.102144241333008 9.137849807739258
8 32.0 15.415977478027344 18.555675506591797 19.621992111206055 11.148777961730957 8.473214149475098
8 33.0 15.20238971710205 18.40134048461914 19.038599491119385 11.212265968322754 7.826333522796631
8 34.0 15.032794952392578 18.267187118530273 18.416820526123047 11.318673133850098 7.098147392272949
8 35.0 14.884012222290039 18.149097442626953 17.83926010131836 11.39307689666748 6.446183204650879
8 36.0 14.71188735961914 18.05253791809082 17.403080463409424 11.501102447509766 5.901978015899658
8 37.0 14.574243545532227 18.00376319885254 16.99115514755249 11.570481300354004 5.420673847198486
8 38.0 14.413078308105469 17.907630920410156 16.633151531219482 11.624165534973145 5.008985996246338
8 39.0 14.1895170211792 17.78131675720215 16.247562885284424 11.655755043029785 4.591807842254639
8 40.0 14.017618179321289 17.695537567138672 15.953575134277344 11.707328796386719 4.246246337890625
8 41.0 13.884130477905273 17.629377365112305 15.706872701644897 11.73737621307373 3.969496488571167
8 42.0 13.759908676147461 17.570262908935547 15.518691778182983 11.80409049987793 3.7146012783050537
8 43.0 13.696130752563477 17.532224655151367 15.40731167793274 11.91739273071289 3.4899189472198486
8 44.0 13.63360595703125 17.506481170654297 15.302959442138672 12.007452011108398 3.2955074310302734
8 45.0 13.567758560180664 17.5074462890625 15.159331798553467 12.080995559692383 3.078336238861084
8 46.0 13.519981384277344 17.54326820373535 15.047130346298218 12.154513359069824 2.8926169872283936
8 47.0 13.452750205993652 17.552478790283203 14.863517999649048 12.233107566833496 2.6304104328155518
8 48.0 13.354140281677246 17.52640724182129 14.570075035095215 12.284346580505371 2.2857284545898438
8 49.0 13.26440143585205 17.495609283447266 14.390738248825073 12.349793434143066 2.040944814682007
8 50.0 13.191697120666504 17.521202087402344 14.175652384757996 12.370553016662598 1.805099368095398
8 51.0 13.093955039978027 17.57425880432129 14.032097816467285 12.371050834655762 1.6610469818115234
8 52.0 12.983844757080078 17.568252563476562 13.901382327079773 12.360991477966309 1.5403908491134644
8 53.0 12.943097114562988 17.616107940673828 13.791027903556824 12.388348579406738 1.4026793241500854
8 54.0 12.9132719039917 17.69210433959961 13.683031797409058 12.412903785705566 1.2701280117034912
8 55.0 12.878209114074707 17.75107192993164 13.55892038345337 12.41805648803711 1.1408638954162598
8 56.0 12.851675987243652 17.796733856201172 13.527504444122314 12.449237823486328 1.0782666206359863
8 57.0 12.857311248779297 17.859203338623047 13.535936951637268 12.496686935424805 1.0392500162124634
8 58.0 12.851856231689453 17.920412063598633 13.468323647975922 12.509092330932617 0.9592313170433044
8 59.0 12.829671859741211 17.981077194213867 13.404819250106812 12.534379005432129 0.8704402446746826
8 60.0 12.818134307861328 18.056381225585938 13.427162110805511 12.61294174194336 0.8142203688621521
8 61.0 12.809249877929688 18.129419326782227 13.448731660842896 12.681072235107422 0.7676594257354736
8 62.0 12.810373306274414 18.187301635742188 13.45598429441452 12.742107391357422 0.7138769030570984
8 63.0 12.838448524475098 18.27068328857422 13.453183829784393 12.788473129272461 0.6647107005119324
8 64.0 12.91317081451416 18.368377685546875 13.500944197177887 12.896120071411133 0.6048241257667542
8 65.0 12.974085807800293 18.487260818481445 13.550955533981323 12.983213424682617 0.567742109298706
8 66.0 13.027604103088379 18.610393524169922 13.6076021194458 13.088322639465332 0.5192794799804688
8 67.0 13.103835105895996 18.732145309448242 13.687699794769287 13.190394401550293 0.49730539321899414
8 68.0 13.169449806213379 18.848405838012695 13.770856589078903 13.299683570861816 0.4711730182170868
8 69.0 13.194573402404785 18.942251205444336 13.786044001579285 13.356016159057617 0.4300278425216675
8 70.0 13.201495170593262 19.015960693359375 13.825087785720825 13.433677673339844 0.39141011238098145
8 71.0 13.206727981567383 19.091190338134766 13.857881098985672 13.489129066467285 0.36875203251838684
8 72.0 13.175677299499512 19.150705337524414 13.875724256038666 13.521153450012207 0.35457080602645874
8 73.0 13.159332275390625 19.234121322631836 13.850165843963623 13.518438339233398 0.3317275047302246
8 74.0 13.162371635437012 19.323801040649414 13.82365819811821 13.518341064453125 0.30531713366508484
8 75.0 13.141548156738281 19.40791130065918 13.825192779302597 13.534119606018066 0.29107317328453064
8 76.0 13.130553245544434 19.490333557128906 13.816403299570084 13.535710334777832 0.2806929647922516
8 77.0 13.109640121459961 19.574941635131836 13.785480678081512 13.51932430267334 0.2661563754081726
8 78.0 13.078393936157227 19.64352798461914 13.744302332401276 13.488158226013184 0.25614410638809204
8 79.0 13.062054634094238 19.714805603027344 13.73946899175644 13.494009017944336 0.24545997381210327
8 80.0 13.062613487243652 19.809938430786133 13.716081902384758 13.487862586975098 0.22821931540966034
8 81.0 13.067744255065918 19.901676177978516 13.697020962834358 13.475974082946777 0.22104687988758087
8 82.0 13.04375171661377 19.983623504638672 13.697632074356079 13.487257957458496 0.210374116897583
8 83.0 13.022244453430176 20.016693115234375 13.733545079827309 13.5361909866333 0.19735409319400787
8 84.0 13.006072044372559 20.04496192932129 13.748377099633217 13.557592391967773 0.19078470766544342
8 85.0 13.011361122131348 20.134349822998047 13.747954726219177 13.564290046691895 0.18366467952728271
8 86.0 13.02553939819336 20.224384307861328 13.78035444021225 13.601001739501953 0.17935270071029663
8 87.0 13.06035327911377 20.31122589111328 13.811473280191422 13.640470504760742 0.17100277543067932
8 88.0 13.099457740783691 20.39501190185547 13.813836127519608 13.643301963806152 0.1705341637134552
8 89.0 13.124692916870117 20.4942684173584 13.84455144405365 13.675335884094238 0.16921555995941162
8 90.0 13.118465423583984 20.587446212768555 13.814693227410316 13.64785099029541 0.1668422371149063
8 91.0 13.098408699035645 20.668577194213867 13.831202775239944 13.671284675598145 0.15991809964179993
8 92.0 13.096541404724121 20.775264739990234 13.86290828883648 13.704151153564453 0.15875713527202606
8 93.0 13.123356819152832 20.89925193786621 13.884060949087143 13.725898742675781 0.1581622064113617
8 94.0 13.155869483947754 21.00295639038086 13.949721068143845 13.797690391540527 0.15203067660331726
8 95.0 13.18885612487793 21.09798240661621 13.961133807897568 13.811201095581055 0.14993271231651306
8 96.0 13.232857704162598 21.181489944458008 14.001044169068336 13.85473918914795 0.14630497992038727
8 97.0 13.302878379821777 21.254194259643555 14.074986472725868 13.93033218383789 0.1446542888879776
8 98.0 13.358734130859375 21.343460083007812 14.0978674441576 13.955317497253418 0.14254994690418243
8 99.0 13.386922836303711 21.43389320373535 14.124240353703499 13.981690406799316 0.14254994690418243
8 100.0 13.377474784851074 21.531543731689453 14.108941599726677 13.975200653076172 0.13374094665050507
8 101.0 13.32613754272461 21.61611557006836 14.05899977684021 13.933952331542969 0.1250474452972412
8 102.0 13.311579704284668 21.708818435668945 14.063531950116158 13.939861297607422 0.12367065250873566
8 103.0 13.340863227844238 21.80314826965332 14.084196858108044 13.963427543640137 0.12076931446790695
8 104.0 13.390846252441406 21.91183090209961 14.129364296793938 14.007522583007812 0.12184171378612518
8 105.0 13.423582077026367 21.999671936035156 14.158642739057541 14.043816566467285 0.11482617259025574
8 106.0 13.429730415344238 22.070219039916992 14.164711192250252 14.052428245544434 0.11228294670581818
8 107.0 13.43605899810791 22.134899139404297 14.171474173665047 14.061030387878418 0.11044378578662872
8 108.0 13.436100006103516 22.19477653503418 14.233875557780266 14.12024974822998 0.11362580955028534
8 109.0 13.446578979492188 22.257600784301758 14.261351436376572 14.152342796325684 0.10900864005088806
8 110.0 13.470094680786133 22.352691650390625 14.286212220788002 14.182317733764648 0.10389448702335358
8 111.0 13.477765083312988 22.419443130493164 14.304054446518421 14.200848579406738 0.10320586711168289
8 112.0 13.5020170211792 22.478191375732422 14.302418626844883 14.199896812438965 0.10252181440591812
8 113.0 13.542537689208984 22.552814483642578 14.374970056116581 14.271766662597656 0.10320339351892471
8 114.0 13.609222412109375 22.672334671020508 14.453997410833836 14.353734016418457 0.10026339441537857
8 115.0 13.671672821044922 22.779401779174805 14.49733141809702 14.39706802368164 0.10026339441537857
8 116.0 13.71439266204834 22.86688804626465 14.530164122581482 14.435124397277832 0.0950397253036499
8 117.0 13.737468719482422 22.947025299072266 14.561845056712627 14.469980239868164 0.09186481684446335
8 118.0 13.770021438598633 23.0502986907959 14.601379044353962 14.511689186096191 0.08968985825777054
8 119.0 13.783066749572754 23.152694702148438 14.62502284348011 14.535438537597656 0.08958430588245392
8 120.0 13.778782844543457 23.236101150512695 14.617508359253407 14.527030944824219 0.09047741442918777
8 121.0 13.786869049072266 23.303232192993164 14.612151980400085 14.522461891174316 0.08969008922576904
8 122.0 13.779582023620605 23.348657608032227 14.645275555551052 14.554289817810059 0.0909857377409935
8 123.0 13.76674747467041 23.384422302246094 14.655746139585972 14.560590744018555 0.09515539556741714
8 124.0 13.75020980834961 23.455352783203125 14.681714586913586 14.578948020935059 0.10276656597852707
8 125.0 13.746734619140625 23.54172706604004 14.666797995567322 14.563436508178711 0.10336148738861084
8 126.0 13.756058692932129 23.633974075317383 14.67451935261488 14.571446418762207 0.10307293385267258
8 127.0 13.73781681060791 23.70717430114746 14.64660432189703 14.548884391784668 0.09771993011236191
8 128.0 13.723809242248535 23.797727584838867 14.644978702068329 14.549593925476074 0.09538477659225464
8 129.0 13.723217010498047 23.875648498535156 14.616360291838646 14.520539283752441 0.09582100808620453
8 130.0 13.720890045166016 23.949031829833984 14.605628825724125 14.505770683288574 0.09985814243555069
8 131.0 13.729109764099121 24.051008224487305 14.645647294819355 14.53515911102295 0.11048818379640579
8 132.0 13.704510688781738 24.1224365234375 14.640484303236008 14.524311065673828 0.11617323756217957
8 133.0 13.672529220581055 24.165735244750977 14.624627515673637 14.501636505126953 0.12299101054668427
8 134.0 13.63603687286377 24.164344787597656 14.579518988728523 14.448063850402832 0.13145513832569122
8 135.0 13.579609870910645 24.139860153198242 14.544461891055107 14.401531219482422 0.14293067157268524
8 136.0 13.53602409362793 24.167158126831055 14.497410073876381 14.345672607421875 0.15173746645450592
8 137.0 13.490007400512695 24.242156982421875 14.434688121080399 14.272364616394043 0.1623235046863556
8 138.0 13.45416259765625 24.308563232421875 14.379537582397461 14.215629577636719 0.1639080047607422
8 139.0 13.431976318359375 24.373687744140625 14.36113229393959 14.195427894592285 0.1657043993473053
8 140.0 13.4099702835083 24.463224411010742 14.315983220934868 14.144394874572754 0.17158834636211395
8 141.0 13.388542175292969 24.51865005493164 14.31978553533554 14.136908531188965 0.18287700414657593
8 142.0 13.359476089477539 24.546113967895508 14.293019235134125 14.090916633605957 0.20210260152816772
8 143.0 13.35151195526123 24.60172462463379 14.297598704695702 14.077876091003418 0.21972261369228363
8 144.0 13.35689926147461 24.650449752807617 14.323645815253258 14.08907413482666 0.2345716804265976
8 145.0 13.340548515319824 24.653573989868164 14.338630735874176 14.082437515258789 0.25619322061538696
8 146.0 13.319001197814941 24.65699577331543 14.319302588701248 14.046734809875488 0.2725677788257599
8 147.0 13.326770782470703 24.69967269897461 14.333898216485977 14.04214096069336 0.2917572557926178
8 148.0 13.320435523986816 24.767614364624023 14.30015143752098 13.991900444030762 0.3082509934902191
8 149.0 13.312186241149902 24.818767547607422 14.290851205587387 13.963184356689453 0.32766684889793396
8 150.0 13.296823501586914 24.861482620239258 14.267578095197678 13.92839527130127 0.3391828238964081
8 151.0 13.284482955932617 24.884641647338867 14.279765605926514 13.919677734375 0.36008787155151367
8 152.0 13.260387420654297 24.92447280883789 14.257226824760437 13.883222579956055 0.3740042448043823
8 153.0 13.25181770324707 24.96260643005371 14.249170452356339 13.845248222351074 0.4039222300052643
8 154.0 13.238261222839355 24.996339797973633 14.243287682533264 13.808575630187988 0.4347120523452759
8 155.0 13.226983070373535 25.03319549560547 14.235488712787628 13.76603889465332 0.46944981813430786
8 156.0 13.23774242401123 25.088354110717773 14.258390128612518 13.741729736328125 0.5166603922843933
8 157.0 13.2600736618042 25.153461456298828 14.293675005435944 13.72192096710205 0.5717540383338928
8 158.0 13.279481887817383 25.218521118164062 14.291770994663239 13.686585426330566 0.6051855683326721
8 159.0 13.26800537109375 25.24468994140625 14.282118797302246 13.643360137939453 0.638758659362793
8 160.0 13.26524829864502 25.254112243652344 14.287591993808746 13.601512908935547 0.6860790848731995
8 161.0 13.269597053527832 25.288497924804688 14.264085173606873 13.542645454406738 0.7214397192001343
8 162.0 13.252338409423828 25.320669174194336 14.251918494701385 13.497041702270508 0.7548767924308777
8 163.0 13.226615905761719 25.342788696289062 14.197434902191162 13.396533966064453 0.800900936126709
8 164.0 13.196075439453125 25.357711791992188 14.157546758651733 13.324749946594238 0.8327968120574951
8 165.0 13.194291114807129 25.395376205444336 14.160389602184296 13.295214653015137 0.8651749491691589
8 166.0 13.194066047668457 25.38216209411621 14.158218681812286 13.251688957214355 0.9065297245979309
8 167.0 13.188597679138184 25.37006378173828 14.199107468128204 13.257967948913574 0.9411395192146301
8 168.0 13.174529075622559 25.376726150512695 14.169535160064697 13.224501609802246 0.9450335502624512
8 169.0 13.156352996826172 25.360002517700195 14.141600728034973 13.193647384643555 0.9479533433914185
8 170.0 13.147137641906738 25.381446838378906 14.117875754833221 13.170697212219238 0.9471785426139832
8 171.0 13.135411262512207 25.416793823242188 14.089794993400574 13.125672340393066 0.9641226530075073
8 172.0 13.147594451904297 25.40559959411621 14.082343220710754 13.074337005615234 1.00800621509552
8 173.0 13.15267562866211 25.382465362548828 14.10632610321045 13.050558090209961 1.0557680130004883
8 174.0 13.169658660888672 25.379549026489258 14.160917162895203 13.036974906921387 1.123942255973816
8 175.0 13.208799362182617 25.402042388916016 14.263696432113647 13.054038047790527 1.2096583843231201
8 176.0 13.225732803344727 25.416120529174805 14.317826867103577 13.054593086242676 1.2632337808609009
8 177.0 13.21803092956543 25.403966903686523 14.342917203903198 13.023075103759766 1.3198421001434326
8 178.0 13.219566345214844 25.401775360107422 14.364940643310547 12.99882698059082 1.3661136627197266
8 179.0 13.219368934631348 25.387128829956055 14.429277658462524 13.01819133758545 1.4110863208770752
8 180.0 13.220579147338867 25.369348526000977 14.480273246765137 12.998825073242188 1.4814481735229492
8 181.0 13.227690696716309 25.36145782470703 14.517077207565308 12.94491958618164 1.572157621383667
8 182.0 13.210111618041992 25.315959930419922 14.600543022155762 12.907672882080078 1.6928701400756836
8 183.0 13.18632698059082 25.275157928466797 14.593831777572632 12.875130653381348 1.7187011241912842
8 184.0 13.178894996643066 25.24909019470215 14.645822882652283 12.827911376953125 1.8179115056991577
8 185.0 13.174251556396484 25.23825454711914 14.661475539207458 12.781499862670898 1.87997567653656
8 186.0 13.173468589782715 25.214763641357422 14.698537826538086 12.750256538391113 1.9482812881469727
8 187.0 13.21037483215332 25.18408966064453 14.796438455581665 12.712498664855957 2.083939790725708
8 188.0 13.272176742553711 25.16025161743164 14.856236457824707 12.659533500671387 2.1967029571533203
8 189.0 13.276444435119629 25.138893127441406 14.837440252304077 12.59067153930664 2.2467687129974365
8 190.0 13.222831726074219 25.1036434173584 14.791796445846558 12.537246704101562 2.254549741744995
8 191.0 13.172080993652344 25.065879821777344 14.773666143417358 12.498461723327637 2.2752044200897217
8 192.0 13.154069900512695 25.020532608032227 14.800840616226196 12.450074195861816 2.35076642036438
8 193.0 13.164693832397461 24.973112106323242 14.873456954956055 12.413202285766602 2.460254669189453
8 194.0 13.189695358276367 24.9354248046875 14.852925539016724 12.352812767028809 2.500112771987915
8 195.0 13.208480834960938 24.879798889160156 14.85706639289856 12.317076683044434 2.539989709854126
8 196.0 13.252187728881836 24.804805755615234 14.908632516860962 12.282737731933594 2.625894784927368
8 197.0 13.323214530944824 24.737049102783203 15.044001817703247 12.254871368408203 2.789130449295044
8 198.0 13.374753952026367 24.663108825683594 15.165851593017578 12.221831321716309 2.9440202713012695
8 199.0 13.431510925292969 24.60582733154297 15.255725145339966 12.183070182800293 3.072654962539673
8 200.0 13.469070434570312 24.55073356628418 15.296500205993652 12.124300956726074 3.172199249267578
8 201.0 13.501035690307617 24.480304718017578 15.386619329452515 12.083490371704102 3.303128957748413
8 202.0 13.492518424987793 24.393247604370117 15.417558193206787 12.023025512695312 3.3945326805114746
8 203.0 13.473772048950195 24.289852142333984 15.48047924041748 11.994656562805176 3.4858226776123047
8 204.0 13.534698486328125 24.19704246520996 15.582142353057861 11.928279876708984 3.653862476348877
8 205.0 13.656697273254395 24.11984634399414 15.741934061050415 11.843518257141113 3.8984158039093018
8 206.0 13.729663848876953 24.03437042236328 15.74972677230835 11.74094295501709 4.00878381729126
8 207.0 13.722500801086426 23.93162727355957 15.763725757598877 11.67697525024414 4.086750507354736
8 208.0 13.750959396362305 23.82982063293457 15.799594402313232 11.61240005493164 4.187194347381592
8 209.0 13.831884384155273 23.736948013305664 15.889989376068115 11.553576469421387 4.3364129066467285
8 210.0 13.970142364501953 23.64776611328125 16.032089233398438 11.483811378479004 4.548277854919434
8 211.0 14.064352035522461 23.5413818359375 16.149887561798096 11.439642906188965 4.710244655609131
8 212.0 14.16506576538086 23.42894744873047 16.291234016418457 11.398659706115723 4.892574310302734
8 213.0 14.299999237060547 23.322608947753906 16.42802858352661 11.32602596282959 5.1020026206970215
8 214.0 14.46200180053711 23.227214813232422 16.586576461791992 11.272594451904297 5.313982009887695
8 215.0 14.572294235229492 23.12034797668457 16.71994924545288 11.207417488098145 5.512531757354736
8 216.0 14.638635635375977 23.01921844482422 16.820651531219482 11.134944915771484 5.685706615447998
8 217.0 14.681628227233887 22.908998489379883 16.91815757751465 11.085251808166504 5.8329057693481445
8 218.0 14.70309829711914 22.7843074798584 16.96834897994995 11.030552864074707 5.937796115875244
8 219.0 14.683095932006836 22.647441864013672 16.957441806793213 10.973938941955566 5.9835028648376465
8 220.0 14.685640335083008 22.519763946533203 17.001317024230957 10.91553020477295 6.085786819458008
8 221.0 14.741658210754395 22.381805419921875 17.050406455993652 10.871223449707031 6.179183006286621
8 222.0 14.83696174621582 22.251737594604492 17.21260690689087 10.831132888793945 6.381474018096924
8 223.0 14.92194938659668 22.135520935058594 17.30861759185791 10.745034217834473 6.5635833740234375
8 224.0 14.961080551147461 22.005828857421875 17.374440670013428 10.675028800964355 6.699411869049072
8 225.0 14.968058586120605 21.853042602539062 17.42937660217285 10.600027084350586 6.829349517822266
8 226.0 15.006904602050781 21.683189392089844 17.4683780670166 10.50368595123291 6.964692115783691
8 227.0 15.106197357177734 21.47442054748535 17.578149795532227 10.43505859375 7.143091201782227
8 228.0 15.268133163452148 21.257335662841797 17.811785221099854 10.364130020141602 7.447655200958252
8 229.0 15.356670379638672 21.038728713989258 17.923861980438232 10.311354637145996 7.612507343292236
8 230.0 15.373383522033691 20.792667388916016 18.040235996246338 10.259854316711426 7.780381679534912
8 231.0 15.417189598083496 20.499948501586914 18.16508197784424 10.173844337463379 7.991237640380859
8 232.0 15.489001274108887 20.239458084106445 18.302624702453613 10.093385696411133 8.20923900604248
8 233.0 15.574554443359375 19.98527717590332 18.488727569580078 10.050719261169434 8.438008308410645
8 234.0 15.680826187133789 19.7448673248291 18.65855598449707 9.989562034606934 8.668993949890137
8 235.0 15.791276931762695 19.516437530517578 18.797527313232422 9.91547966003418 8.882047653198242
8 236.0 15.933319091796875 19.29982566833496 18.877763748168945 9.827986717224121 9.049777030944824
8 237.0 15.96992015838623 19.060949325561523 18.921873092651367 9.708580017089844 9.213293075561523
8 238.0 16.027950286865234 18.831472396850586 18.990160942077637 9.56195068359375 9.428210258483887
8 239.0 16.060644149780273 18.614362716674805 19.022987365722656 9.408019065856934 9.614968299865723
8 240.0 16.05933952331543 18.405223846435547 18.97797393798828 9.27519702911377 9.702776908874512
8 241.0 16.064664840698242 18.174762725830078 18.967473030090332 9.11652946472168 9.850943565368652
8 242.0 16.08917808532715 17.938777923583984 18.89508628845215 8.941394805908203 9.953691482543945
8 243.0 16.088350296020508 17.719558715820312 18.870858192443848 8.771047592163086 10.099810600280762
8 244.0 16.064924240112305 17.508085250854492 18.854839324951172 8.640064239501953 10.214775085449219
8 245.0 16.030452728271484 17.282272338867188 18.905756950378418 8.505559921264648 10.40019702911377
8 246.0 15.97709846496582 17.03521156311035 18.890976905822754 8.374701499938965 10.516275405883789
8 247.0 16.009607315063477 16.811614990234375 18.981600761413574 8.271621704101562 10.709979057312012
8 248.0 16.061260223388672 16.59803581237793 18.989794731140137 8.127755165100098 10.862039566040039
8 249.0 16.06454086303711 16.388999938964844 19.04867935180664 7.964829444885254 11.083849906921387
8 250.0 16.109790802001953 16.173524856567383 19.10155487060547 7.8115339279174805 11.290020942687988
8 251.0 16.237009048461914 15.991654396057129 19.259998321533203 7.711310386657715 11.548687934875488
8 252.0 16.42707633972168 15.830582618713379 19.405972957611084 7.612674236297607 11.793298721313477
8 253.0 16.65060806274414 15.677461624145508 19.561283111572266 7.504005432128906 12.05727767944336
8 254.0 16.80727767944336 15.507218360900879 19.719438076019287 7.401122570037842 12.318315505981445
8 255.0 16.927196502685547 15.344444274902344 19.85016107559204 7.301275730133057 12.548885345458984
8 256.0 16.991487503051758 15.21461009979248 19.975306034088135 7.207797527313232 12.767508506774902
8 257.0 17.038625717163086 15.080486297607422 20.062578678131104 7.089676380157471 12.972902297973633
8 258.0 17.13492774963379 14.92060375213623 20.194611072540283 6.974559307098389 13.220051765441895
8 259.0 17.17635154724121 14.756877899169922 20.332531929016113 6.909855842590332 13.422676086425781
8 260.0 17.22565460205078 14.601902961730957 20.41062879562378 6.839558124542236 13.571070671081543
8 261.0 17.256555557250977 14.412952423095703 20.515767097473145 6.759574890136719 13.756192207336426
8 262.0 17.210050582885742 14.203736305236816 20.564201831817627 6.683373928070068 13.880827903747559
8 263.0 17.17711639404297 14.022676467895508 20.59975528717041 6.600013732910156 13.999741554260254
8 264.0 17.20993995666504 13.888107299804688 20.64728355407715 6.494670867919922 14.152612686157227
8 265.0 17.31646728515625 13.806547164916992 20.688251972198486 6.378053188323975 14.310198783874512
8 266.0 17.45926856994629 13.70435905456543 20.790084838867188 6.304729461669922 14.485355377197266
8 267.0 17.503860473632812 13.565420150756836 20.88319444656372 6.224307537078857 14.658886909484863
8 268.0 17.482290267944336 13.477124214172363 20.897078037261963 6.127865314483643 14.76921272277832
8 269.0 17.51824188232422 13.403270721435547 20.942452430725098 6.032179832458496 14.910272598266602
8 270.0 17.617292404174805 13.325428009033203 21.031064987182617 5.926004409790039 15.105060577392578
8 271.0 17.727441787719727 13.264556884765625 21.152483463287354 5.835891246795654 15.3165922164917
8 272.0 17.840469360351562 13.230047225952148 21.21627378463745 5.7319817543029785 15.484292030334473
8 273.0 17.911481857299805 13.192750930786133 21.172375202178955 5.583143711090088 15.589231491088867
8 274.0 17.95395278930664 13.134880065917969 21.15873384475708 5.400516033172607 15.758217811584473
8 275.0 17.957027435302734 13.069847106933594 21.100204467773438 5.212804794311523 15.887399673461914
8 276.0 17.962234497070312 13.014411926269531 21.104692459106445 5.055418014526367 16.049274444580078
8 277.0 17.987476348876953 12.969030380249023 21.0724778175354 4.92118501663208 16.15129280090332
8 278.0 17.987567901611328 12.938613891601562 21.09584379196167 4.806251049041748 16.289592742919922
8 279.0 18.023305892944336 12.922924041748047 21.105775356292725 4.716611385345459 16.389163970947266
8 280.0 18.063358306884766 12.881219863891602 21.14728021621704 4.615990161895752 16.53129005432129
8 281.0 18.06266975402832 12.84622573852539 21.104464530944824 4.46298885345459 16.641475677490234
8 282.0 18.034704208374023 12.813211441040039 21.047893524169922 4.329214096069336 16.718679428100586
8 283.0 18.074243545532227 12.769359588623047 21.02143621444702 4.21394681930542 16.8074893951416
8 284.0 18.177230834960938 12.745626449584961 21.094443321228027 4.087708473205566 17.00673484802246
8 285.0 18.231868743896484 12.72999095916748 21.04093098640442 3.9563992023468018 17.084531784057617
8 286.0 18.280485153198242 12.69804573059082 21.095478534698486 3.8340821266174316 17.261396408081055
8 287.0 18.376535415649414 12.69349479675293 21.168535709381104 3.7553353309631348 17.41320037841797
8 288.0 18.407958984375 12.664665222167969 21.210880279541016 3.648832321166992 17.562047958374023
8 289.0 18.405799865722656 12.650585174560547 21.233767986297607 3.5875983238220215 17.646169662475586
8 290.0 18.48464584350586 12.65406322479248 21.232207775115967 3.5230631828308105 17.709144592285156
8 291.0 18.616554260253906 12.671849250793457 21.31485891342163 3.4884886741638184 17.826370239257812
8 292.0 18.732879638671875 12.69481086730957 21.407634735107422 3.4534568786621094 17.954177856445312
8 293.0 18.801361083984375 12.704240798950195 21.473716497421265 3.428924322128296 18.04479217529297
8 294.0 18.81683349609375 12.691583633422852 21.494887828826904 3.398507595062256 18.09638023376465
8 295.0 18.780405044555664 12.679750442504883 21.49029302597046 3.352202892303467 18.138090133666992
8 296.0 18.789480209350586 12.67670726776123 21.54595184326172 3.312196731567383 18.233755111694336
8 297.0 18.80715560913086 12.71396255493164 21.51792287826538 3.2725939750671387 18.245328903198242
8 298.0 18.81356430053711 12.744114875793457 21.537670612335205 3.2243752479553223 18.313295364379883
8 299.0 18.773880004882812 12.762858390808105 21.50477361679077 3.1725993156433105 18.33217430114746
8 300.0 18.824922561645508 12.765871047973633 21.567355632781982 3.1407904624938965 18.426565170288086
8 301.0 18.943614959716797 12.816963195800781 21.686004638671875 3.0900917053222656 18.59591293334961
8 302.0 19.04585075378418 12.915112495422363 21.694834232330322 3.0189480781555176 18.675886154174805
8 303.0 19.149797439575195 13.018630981445312 21.745914697647095 2.9778311252593994 18.768083572387695
8 304.0 19.215133666992188 13.084813117980957 21.74448800086975 2.9354898929595947 18.808998107910156
8 305.0 19.281265258789062 13.114612579345703 21.881165742874146 2.917750597000122 18.963415145874023
8 306.0 19.271743774414062 13.11587905883789 21.935710668563843 2.9252450466156006 19.010465621948242
8 307.0 19.237974166870117 13.129359245300293 21.941783905029297 2.897258758544922 19.044525146484375
8 308.0 19.262100219726562 13.204251289367676 21.981828212738037 2.8789210319519043 19.102907180786133
8 309.0 19.261472702026367 13.249005317687988 21.959559202194214 2.860203504562378 19.099355697631836
8 310.0 19.246532440185547 13.286613464355469 21.97304677963257 2.8548388481140137 19.118207931518555
8 311.0 19.272153854370117 13.345654487609863 22.00002360343933 2.8427722454071045 19.157251358032227
8 312.0 19.29277992248535 13.400315284729004 21.99073100090027 2.844769239425659 19.14596176147461
8 313.0 19.25714874267578 13.456244468688965 21.952524662017822 2.827700138092041 19.12482452392578
8 314.0 19.219194412231445 13.534197807312012 21.902022123336792 2.797528028488159 19.104494094848633
8 315.0 19.160236358642578 13.5780611038208 21.84429693222046 2.7635016441345215 19.080795288085938
8 316.0 19.124021530151367 13.620019912719727 21.801948070526123 2.7233920097351074 19.078556060791016
8 317.0 19.085674285888672 13.686012268066406 21.733969688415527 2.678708076477051 19.055261611938477
8 318.0 19.082988739013672 13.765923500061035 21.64715051651001 2.6166558265686035 19.030494689941406
8 319.0 19.14387321472168 13.886430740356445 21.66504216194153 2.5814621448516846 19.083580017089844
8 320.0 19.205089569091797 14.044158935546875 21.699666023254395 2.577328681945801 19.122337341308594
8 321.0 19.27877426147461 14.250727653503418 21.705511569976807 2.6004509925842285 19.105060577392578
8 322.0 19.33977508544922 14.477264404296875 21.746652364730835 2.6484200954437256 19.09823226928711
8 323.0 19.47976303100586 14.768863677978516 21.837422370910645 2.7263879776000977 19.111034393310547
8 324.0 19.668115615844727 15.040945053100586 21.918513536453247 2.8093655109405518 19.109148025512695
8 325.0 19.82820701599121 15.259647369384766 22.01724100112915 2.903995990753174 19.113245010375977
8 326.0 19.93649673461914 15.442378044128418 22.071062564849854 2.980564594268799 19.090497970581055
8 327.0 20.018667221069336 15.572948455810547 22.113470554351807 3.0263123512268066 19.087158203125
8 328.0 20.094175338745117 15.629138946533203 22.16939687728882 3.0538554191589355 19.115541458129883
8 329.0 20.191186904907227 15.688217163085938 22.216681957244873 3.099290370941162 19.11739158630371
8 330.0 20.261295318603516 15.757573127746582 22.307260513305664 3.1393966674804688 19.167863845825195
8 331.0 20.32297134399414 15.832457542419434 22.384138107299805 3.2082252502441406 19.175912857055664
8 332.0 20.38071060180664 15.914316177368164 22.416754961013794 3.2354443073272705 19.181310653686523
8 333.0 20.461429595947266 16.008075714111328 22.557748079299927 3.2801411151885986 19.277606964111328
8 334.0 20.585247039794922 16.136642456054688 22.68834614753723 3.3695976734161377 19.318748474121094
8 335.0 20.721595764160156 16.28805923461914 22.871047019958496 3.5012292861938477 19.36981773376465
8 336.0 20.855249404907227 16.4156494140625 22.97782826423645 3.5676071643829346 19.410221099853516
8 337.0 20.955209732055664 16.454715728759766 23.161782026290894 3.6790549755096436 19.48272705078125
8 338.0 21.043195724487305 16.49715805053711 23.31714963912964 3.8226733207702637 19.494476318359375
8 339.0 21.175975799560547 16.684741973876953 23.631678581237793 4.079461097717285 19.552217483520508
8 340.0 21.30535316467285 16.88751983642578 23.738837718963623 4.213311672210693 19.52552604675293
8 341.0 21.357994079589844 17.033916473388672 23.784265518188477 4.282611846923828 19.50165367126465
8 342.0 21.386768341064453 17.1294002532959 23.781084060668945 4.326808929443359 19.454275131225586
8 343.0 21.450599670410156 17.215543746948242 23.865803718566895 4.387326240539551 19.478477478027344
8 344.0 21.5523681640625 17.34130859375 23.96668243408203 4.442079544067383 19.52460289001465
8 345.0 21.657798767089844 17.504131317138672 24.06391668319702 4.542651653289795 19.521265029907227
8 346.0 21.817535400390625 17.66030502319336 24.156304836273193 4.699492931365967 19.456811904907227
8 347.0 21.99073600769043 17.795825958251953 24.330509662628174 4.845852375030518 19.484657287597656
8 348.0 22.15093994140625 17.906204223632812 24.54088544845581 5.024653911590576 19.516231536865234
8 349.0 22.344167709350586 18.01944923400879 24.729043006896973 5.202340126037598 19.526702880859375
8 350.0 22.533475875854492 18.13300132751465 24.869234561920166 5.368607044219971 19.500627517700195
8 351.0 22.71373176574707 18.244979858398438 25.053292274475098 5.548602104187012 19.504690170288086
8 352.0 22.870824813842773 18.3460693359375 25.24030113220215 5.742979049682617 19.49732208251953
8 353.0 22.999094009399414 18.409456253051758 25.4183988571167 5.892563819885254 19.525835037231445
8 354.0 23.042938232421875 18.418277740478516 25.589045524597168 6.062239646911621 19.526805877685547
8 355.0 23.10817527770996 18.43096923828125 25.808040142059326 6.276866436004639 19.531173706054688
8 356.0 23.24175262451172 18.498336791992188 26.001229763031006 6.483119487762451 19.518110275268555
8 357.0 23.342395782470703 18.556636810302734 26.1413893699646 6.632741451263428 19.508647918701172
8 358.0 23.464086532592773 18.585508346557617 26.31359624862671 6.893243312835693 19.420352935791016
8 359.0 23.62738800048828 18.691116333007812 26.485149383544922 7.075075149536133 19.41007423400879
8 360.0 23.74480438232422 18.7980899810791 26.511240482330322 7.169250965118408 19.341989517211914
8 361.0 23.791603088378906 18.86745834350586 26.627460956573486 7.3136467933654785 19.313814163208008
8 362.0 23.829954147338867 18.85489845275879 26.798653602600098 7.490813255310059 19.30784034729004
8 363.0 23.889894485473633 18.820396423339844 27.00273036956787 7.745194435119629 19.257535934448242
8 364.0 23.929046630859375 18.8398494720459 27.096798419952393 7.894358158111572 19.20244026184082
8 365.0 23.9654483795166 18.865619659423828 27.150134086608887 8.014683723449707 19.13545036315918
8 366.0 24.007265090942383 18.84615135192871 27.253640174865723 8.181302070617676 19.072338104248047
9 1.0 20.854633331298828 25.755125045776367 24.848156929016113 8.199095726013184 16.64906120300293
9 2.0 20.796695709228516 25.4412784576416 24.970812797546387 8.352625846862793 16.618186950683594
9 3.0 20.825143814086914 25.203630447387695 25.07966709136963 8.542277336120605 16.537389755249023
9 4.0 20.89748764038086 25.030200958251953 25.227431297302246 8.751341819763184 16.476089477539062
9 5.0 20.96475601196289 24.856674194335938 25.416335105895996 8.940192222595215 16.47614288330078
9 6.0 20.850460052490234 24.63229751586914 25.400985717773438 9.033802032470703 16.367183685302734
9 7.0 20.66604232788086 24.38811492919922 25.353059768676758 9.112987518310547 16.24007225036621
9 8.0 20.478717803955078 24.1573486328125 25.286611557006836 9.165933609008789 16.120677947998047
9 9.0 20.301883697509766 23.919841766357422 25.243804931640625 9.20529556274414 16.038509368896484
9 10.0 20.12590217590332 23.694538116455078 25.189682960510254 9.240796089172363 15.94888687133789
9 11.0 19.988975524902344 23.46194839477539 25.151524543762207 9.361238479614258 15.79028606414795
9 12.0 19.81905746459961 23.28947639465332 25.06856346130371 9.419258117675781 15.64930534362793
9 13.0 19.69890594482422 23.111425399780273 25.082420349121094 9.52477741241455 15.557642936706543
9 14.0 19.564462661743164 22.896692276000977 25.033562660217285 9.657106399536133 15.376456260681152
9 15.0 19.43757438659668 22.700231552124023 25.004618644714355 9.732303619384766 15.27231502532959
9 16.0 19.287841796875 22.51986312866211 24.8447847366333 9.764792442321777 15.079992294311523
9 17.0 19.175655364990234 22.337749481201172 24.733875274658203 9.858909606933594 14.87496566772461
9 18.0 19.05301284790039 22.1552734375 24.668301582336426 9.972525596618652 14.695775985717773
9 19.0 18.897598266601562 21.94615936279297 24.546875953674316 10.063835144042969 14.483040809631348
9 20.0 18.71424674987793 21.737016677856445 24.370558738708496 10.111127853393555 14.259430885314941
9 21.0 18.483375549316406 21.479148864746094 24.180830001831055 10.177165031433105 14.00366497039795
9 22.0 18.22079849243164 21.19475746154785 23.94316291809082 10.25049877166748 13.69266414642334
9 23.0 17.933753967285156 20.91889190673828 23.681018829345703 10.313610076904297 13.367408752441406
9 24.0 17.727581024169922 20.69965362548828 23.515666007995605 10.387136459350586 13.12852954864502
9 25.0 17.54095458984375 20.502628326416016 23.34164524078369 10.43351936340332 12.908125877380371
9 26.0 17.315223693847656 20.294034957885742 23.055261611938477 10.522795677185059 12.532465934753418
9 27.0 17.09085464477539 20.098392486572266 22.664688110351562 10.586512565612793 12.07817554473877
9 28.0 16.86342430114746 19.895313262939453 22.250158309936523 10.67421817779541 11.575940132141113
9 29.0 16.67043113708496 19.700056076049805 21.901966094970703 10.822446823120117 11.079519271850586
9 30.0 16.46245574951172 19.526046752929688 21.549918174743652 10.902739524841309 10.647178649902344
9 31.0 16.22992515563965 19.333675384521484 21.193249702453613 11.013763427734375 10.179486274719238
9 32.0 16.032268524169922 19.155336380004883 20.751176834106445 11.123647689819336 9.62752914428711
9 33.0 15.849438667297363 18.987796783447266 20.458629608154297 11.278751373291016 9.179878234863281
9 34.0 15.694466590881348 18.8443546295166 20.11103916168213 11.406859397888184 8.704179763793945
9 35.0 15.522847175598145 18.71546173095703 19.656418800354004 11.522515296936035 8.133903503417969
9 36.0 15.357511520385742 18.611629486083984 19.164498805999756 11.617180824279785 7.547317981719971
9 37.0 15.170249938964844 18.508806228637695 18.541301727294922 11.728605270385742 6.81269645690918
9 38.0 14.990962028503418 18.420108795166016 17.835543632507324 11.835841178894043 5.999702453613281
9 39.0 14.806146621704102 18.3299503326416 17.174986362457275 11.935160636901855 5.23982572555542
9 40.0 14.624874114990234 18.257854461669922 16.557262897491455 11.949801445007324 4.607461452484131
9 41.0 14.4680757522583 18.191280364990234 16.176241874694824 11.984017372131348 4.192224502563477
9 42.0 14.305278778076172 18.13829231262207 15.895736932754517 12.030830383300781 3.8649065494537354
9 43.0 14.188458442687988 18.123628616333008 15.765731573104858 12.105382919311523 3.660348653793335
9 44.0 14.0523681640625 18.121789932250977 15.624271869659424 12.138790130615234 3.4854817390441895
9 45.0 13.877662658691406 18.077802658081055 15.436335325241089 12.148704528808594 3.287630796432495
9 46.0 13.71082878112793 18.023420333862305 15.148778438568115 12.18118667602539 2.9675917625427246
9 47.0 13.615921020507812 18.037029266357422 14.894670963287354 12.226126670837402 2.668544292449951
9 48.0 13.59298324584961 18.10674476623535 14.680778503417969 12.305949211120605 2.3748292922973633
9 49.0 13.55649185180664 18.17371940612793 14.560286283493042 12.3798189163208 2.180467367172241
9 50.0 13.477673530578613 18.226852416992188 14.34527313709259 12.429052352905273 1.916220784187317
9 51.0 13.432371139526367 18.289186477661133 14.23796808719635 12.463789939880371 1.774178147315979
9 52.0 13.38530158996582 18.352767944335938 14.156919956207275 12.52480697631836 1.632112979888916
9 53.0 13.368135452270508 18.41587257385254 14.138313293457031 12.591838836669922 1.5464744567871094
9 54.0 13.366724967956543 18.47815704345703 14.104638934135437 12.633830070495605 1.4708088636398315
9 55.0 13.33614444732666 18.49945640563965 14.04266095161438 12.694693565368652 1.3479673862457275
9 56.0 13.26608657836914 18.52105712890625 13.941356420516968 12.725642204284668 1.2157142162322998
9 57.0 13.204513549804688 18.58011817932129 13.87601625919342 12.74606704711914 1.1299492120742798
9 58.0 13.21239185333252 18.666664123535156 13.851181268692017 12.80404281616211 1.0471384525299072
9 59.0 13.241581916809082 18.76487159729004 13.854293704032898 12.862794876098633 0.9914988279342651
9 60.0 13.207608222961426 18.83570671081543 13.827979743480682 12.896059036254883 0.9319207072257996
9 61.0 13.160118103027344 18.90355110168457 13.830389738082886 12.959444046020508 0.8709456920623779
9 62.0 13.127713203430176 18.976104736328125 13.800874590873718 12.972731590270996 0.8281430006027222
9 63.0 13.082075119018555 19.049640655517578 13.787991642951965 12.988041877746582 0.7999497652053833
9 64.0 13.039480209350586 19.109703063964844 13.73803973197937 12.970622062683105 0.7674176692962646
9 65.0 13.021296501159668 19.180438995361328 13.710013747215271 12.987680435180664 0.7223333120346069
9 66.0 13.048991203308105 19.254627227783203 13.6965252161026 13.013688087463379 0.6828371286392212
9 67.0 13.033870697021484 19.300512313842773 13.640905678272247 12.9898099899292 0.6510956883430481
9 68.0 13.016417503356934 19.335508346557617 13.652373909950256 13.037135124206543 0.6152387857437134
9 69.0 12.990978240966797 19.389001846313477 13.64248776435852 13.063491821289062 0.578995943069458
9 70.0 12.933435440063477 19.472721099853516 13.59557992219925 13.051346778869629 0.5442331433296204
9 71.0 12.823766708374023 19.543956756591797 13.509639084339142 12.997861862182617 0.5117772221565247
9 72.0 12.75772476196289 19.630155563354492 13.469468474388123 12.984322547912598 0.4851459264755249
9 73.0 12.721319198608398 19.741003036499023 13.451279103755951 12.997072219848633 0.4542068839073181
9 74.0 12.76262378692627 19.86892318725586 13.436636805534363 13.004314422607422 0.4323223829269409
9 75.0 12.81937026977539 19.966005325317383 13.495463013648987 13.08488655090332 0.4105764627456665
9 76.0 12.814230918884277 20.018892288208008 13.482840448617935 13.097984313964844 0.38485613465309143
9 77.0 12.84255313873291 20.086633682250977 13.503931611776352 13.13436508178711 0.36956652998924255
9 78.0 12.872111320495605 20.158977508544922 13.526748657226562 13.16927719116211 0.3574714660644531
9 79.0 12.893314361572266 20.208797454833984 13.57451531291008 13.223893165588379 0.35062214732170105
9 80.0 12.939488410949707 20.269685745239258 13.639303803443909 13.288472175598145 0.35083162784576416
9 81.0 13.036819458007812 20.40192222595215 13.675963670015335 13.335660934448242 0.3403027355670929
9 82.0 13.05952262878418 20.50241470336914 13.70765084028244 13.372003555297852 0.3356472849845886
9 83.0 13.046854972839355 20.591360092163086 13.738221645355225 13.41122055053711 0.32700109481811523
9 84.0 13.039850234985352 20.661144256591797 13.755570381879807 13.427762031555176 0.32780835032463074
9 85.0 12.980875968933105 20.700132369995117 13.728997737169266 13.406698226928711 0.3222995102405548
9 86.0 12.91304874420166 20.74278450012207 13.675745844841003 13.354575157165527 0.3211706876754761
9 87.0 12.89940071105957 20.801977157592773 13.67308497428894 13.361311912536621 0.31177306175231934
9 88.0 12.895895957946777 20.850065231323242 13.692390203475952 13.388598442077637 0.30379176139831543
9 89.0 12.926803588867188 20.92343521118164 13.712228894233704 13.40687370300293 0.3053551912307739
9 90.0 12.980178833007812 20.99395751953125 13.775296449661255 13.471968650817871 0.3033277988433838
9 91.0 13.026688575744629 21.048017501831055 13.845709800720215 13.54824161529541 0.2974681854248047
9 92.0 13.123492240905762 21.125293731689453 13.900812417268753 13.621273040771484 0.2795393764972687
9 93.0 13.196124076843262 21.239519119262695 13.951262295246124 13.69281005859375 0.25845223665237427
9 94.0 13.215605735778809 21.357046127319336 13.94442431628704 13.724289894104004 0.2201344221830368
9 95.0 13.233392715454102 21.48228645324707 13.935559019446373 13.725759506225586 0.20979951322078705
9 96.0 13.246445655822754 21.58446502685547 13.963666424155235 13.758546829223633 0.20511959493160248
9 97.0 13.27244758605957 21.668102264404297 14.00483575463295 13.797415733337402 0.20742002129554749
9 98.0 13.326480865478516 21.753435134887695 14.062151610851288 13.862574577331543 0.19957703351974487
9 99.0 13.387674331665039 21.84726333618164 14.116212993860245 13.93136215209961 0.18485084176063538
9 100.0 13.429259300231934 21.951452255249023 14.173094063997269 13.990341186523438 0.18275287747383118
9 101.0 13.451103210449219 22.0493106842041 14.20355899631977 14.022883415222168 0.18067558109760284
9 102.0 13.469063758850098 22.15021514892578 14.189111575484276 14.01091480255127 0.1781967729330063
9 103.0 13.511234283447266 22.265039443969727 14.239850014448166 14.061410903930664 0.17843911051750183
9 104.0 13.514314651489258 22.344440460205078 14.233713567256927 14.052117347717285 0.18159621953964233
9 105.0 13.465567588806152 22.380029678344727 14.272634416818619 14.089225769042969 0.18340864777565002
9 106.0 13.448484420776367 22.42610740661621 14.275477826595306 14.09521770477295 0.18026012182235718
9 107.0 13.46739387512207 22.509475708007812 14.319704756140709 14.142834663391113 0.17687009274959564
9 108.0 13.44205093383789 22.592506408691406 14.307052925229073 14.134724617004395 0.17232830822467804
9 109.0 13.406744956970215 22.6459903717041 14.310744673013687 14.138991355895996 0.17175331711769104
9 110.0 13.406566619873047 22.71253204345703 14.284197390079498 14.115815162658691 0.16838222742080688
9 111.0 13.44223690032959 22.804990768432617 14.332711055874825 14.17009162902832 0.1626194268465042
9 112.0 13.46381664276123 22.906574249267578 14.344935953617096 14.180660247802734 0.16427570581436157
9 113.0 13.444103240966797 22.973499298095703 14.309755101799965 14.145584106445312 0.1641709953546524
9 114.0 13.437384605407715 23.012516021728516 14.310925751924515 14.161958694458008 0.14896705746650696
9 115.0 13.484200477600098 23.07589340209961 14.309644743800163 14.1683931350708 0.1412516087293625
9 116.0 13.493743896484375 23.175540924072266 14.306091606616974 14.180116653442383 0.12597495317459106
9 117.0 13.488551139831543 23.28890037536621 14.298073254525661 14.179368019104004 0.11870523542165756
9 118.0 13.488431930541992 23.377893447875977 14.287666402757168 14.169281959533691 0.11838444322347641
9 119.0 13.508200645446777 23.46123695373535 14.296297155320644 14.177912712097168 0.11838444322347641
9 120.0 13.482621192932129 23.52324104309082 14.28327763080597 14.1664457321167 0.11683189868927002
9 121.0 13.448864936828613 23.570690155029297 14.271080374717712 14.15656566619873 0.11451470851898193
9 122.0 13.452478408813477 23.634552001953125 14.243569649755955 14.128425598144531 0.11514405161142349
9 123.0 13.459611892700195 23.72167205810547 14.221116609871387 14.102677345275879 0.11843926459550858
9 124.0 13.475764274597168 23.842445373535156 14.236711122095585 14.11284351348877 0.12386760860681534
9 125.0 13.494020462036133 23.969680786132812 14.265134811401367 14.13832950592041 0.12680530548095703
9 126.0 13.490657806396484 24.055374145507812 14.321348249912262 14.184663772583008 0.13668447732925415
9 127.0 13.446478843688965 24.1031494140625 14.30188237130642 14.164962768554688 0.13691960275173187
9 128.0 13.419649124145508 24.16124725341797 14.239756718277931 14.106093406677246 0.13366331160068512
9 129.0 13.398608207702637 24.23443603515625 14.206930041313171 14.082390785217285 0.12453925609588623
9 130.0 13.385322570800781 24.325803756713867 14.157095901668072 14.041309356689453 0.11578654497861862
9 131.0 13.375509262084961 24.39788055419922 14.131088256835938 14.020880699157715 0.11020755767822266
9 132.0 13.346111297607422 24.41466522216797 14.117304138839245 14.006710052490234 0.11059408634901047
9 133.0 13.303153038024902 24.412738800048828 14.09561112523079 13.982834815979004 0.11277630925178528
9 134.0 13.272994995117188 24.436275482177734 14.080552905797958 13.952630996704102 0.1279219090938568
9 135.0 13.24182415008545 24.45147705078125 14.050751566886902 13.904922485351562 0.14582908153533936
9 136.0 13.206095695495605 24.465944290161133 14.028514996170998 13.870108604431152 0.15840639173984528
9 137.0 13.172662734985352 24.480318069458008 14.027534797787666 13.863924980163574 0.1636098176240921
9 138.0 13.165311813354492 24.502819061279297 14.067440584301949 13.89033031463623 0.17711026966571808
9 139.0 13.17608642578125 24.5806941986084 14.114224657416344 13.920413970947266 0.19381068646907806
9 140.0 13.180998802185059 24.656421661376953 14.100160613656044 13.882752418518066 0.2174081951379776
9 141.0 13.17592716217041 24.712228775024414 14.110273540019989 13.86507511138916 0.24519842863082886
9 142.0 13.134593963623047 24.74291229248047 14.061395943164825 13.799978256225586 0.2614176869392395
9 143.0 13.11514663696289 24.73724937438965 14.085445553064346 13.808598518371582 0.2768470346927643
9 144.0 13.121962547302246 24.801219940185547 14.088256537914276 13.796097755432129 0.2921587824821472
9 145.0 13.154623031616211 24.878631591796875 14.104365795850754 13.780265808105469 0.32409998774528503
9 146.0 13.20370864868164 24.942276000976562 14.18844747543335 13.824728012084961 0.36371946334838867
9 147.0 13.231573104858398 24.95679473876953 14.208275467157364 13.797062873840332 0.41121259331703186
9 148.0 13.208229064941406 24.909971237182617 14.227171331644058 13.761445999145508 0.4657253324985504
9 149.0 13.209609985351562 24.91595458984375 14.234527707099915 13.729100227355957 0.5054274797439575
9 150.0 13.215847969055176 24.959335327148438 14.236523926258087 13.705343246459961 0.5311806797981262
9 151.0 13.218563079833984 24.979660034179688 14.274218142032623 13.711413383483887 0.5628047585487366
9 152.0 13.232264518737793 25.00458335876465 14.31324166059494 13.717997550964355 0.5952441096305847
9 153.0 13.247121810913086 25.049823760986328 14.348853588104248 13.71648120880127 0.6323723793029785
9 154.0 13.240799903869629 25.069944381713867 14.362066388130188 13.69127082824707 0.6707955598831177
9 155.0 13.209400177001953 25.121557235717773 14.316222846508026 13.636421203613281 0.6798016428947449
9 156.0 13.160828590393066 25.165634155273438 14.284863710403442 13.598348617553711 0.6865150928497314
9 157.0 13.12171459197998 25.20525550842285 14.227685749530792 13.545138359069824 0.682547390460968
9 158.0 13.067896842956543 25.24142074584961 14.154857754707336 13.457369804382324 0.6974879503250122
9 159.0 13.039791107177734 25.292953491210938 14.098996341228485 13.347670555114746 0.751325786113739
9 160.0 13.019253730773926 25.343530654907227 14.061814606189728 13.263331413269043 0.7984831929206848
9 161.0 13.00653076171875 25.38228416442871 14.039940237998962 13.178900718688965 0.8610395193099976
9 162.0 12.97275161743164 25.40474510192871 14.012864410877228 13.103644371032715 0.9092200398445129
9 163.0 12.924779891967773 25.409074783325195 13.962163865566254 13.025590896606445 0.9365729689598083
9 164.0 12.863274574279785 25.39202880859375 13.913583993911743 12.96362018585205 0.9499638080596924
9 165.0 12.849289894104004 25.38941764831543 13.918300867080688 12.922983169555664 0.9953176975250244
9 166.0 12.85252571105957 25.400039672851562 13.967607855796814 12.911750793457031 1.0558570623397827
9 167.0 12.853142738342285 25.432313919067383 13.983686208724976 12.886077880859375 1.0976083278656006
9 168.0 12.847081184387207 25.47257423400879 13.958056211471558 12.850802421569824 1.1072537899017334
9 169.0 12.841537475585938 25.518787384033203 13.953031778335571 12.839799880981445 1.113231897354126
9 170.0 12.854812622070312 25.54245948791504 13.98255968093872 12.816332817077637 1.166226863861084
9 171.0 12.871368408203125 25.51806640625 14.00021743774414 12.803637504577637 1.196579933166504
9 172.0 12.885650634765625 25.443866729736328 14.02151882648468 12.765146255493164 1.2563725709915161
9 173.0 12.88983154296875 25.39818000793457 14.020390748977661 12.684865951538086 1.3355247974395752
9 174.0 12.890973091125488 25.393144607543945 14.020093560218811 12.629899978637695 1.3901935815811157
9 175.0 12.864412307739258 25.415143966674805 13.981914401054382 12.559725761413574 1.422188639640808
9 176.0 12.82723331451416 25.458480834960938 13.945335745811462 12.486642837524414 1.4586929082870483
9 177.0 12.822653770446777 25.481483459472656 13.922793984413147 12.417184829711914 1.505609154701233
9 178.0 12.834162712097168 25.482431411743164 13.938226461410522 12.38281536102295 1.5554111003875732
9 179.0 12.842714309692383 25.466583251953125 13.939319968223572 12.335164070129395 1.6041558980941772
9 180.0 12.855137825012207 25.473220825195312 13.976850628852844 12.332186698913574 1.64466392993927
9 181.0 12.854165077209473 25.477689743041992 14.022738099098206 12.295721054077148 1.7270170450210571
9 182.0 12.84907054901123 25.46697998046875 14.0138840675354 12.246758460998535 1.7671256065368652
9 183.0 12.850793838500977 25.449542999267578 14.002809643745422 12.2128324508667 1.7899771928787231
9 184.0 12.870326042175293 25.396217346191406 14.043819069862366 12.203226089477539 1.8405929803848267
9 185.0 12.881608963012695 25.351747512817383 14.090730905532837 12.17495059967041 1.9157803058624268
9 186.0 12.906340599060059 25.348112106323242 14.16384506225586 12.147706031799316 2.016139030456543
9 187.0 12.943285942077637 25.292312622070312 14.276507139205933 12.121496200561523 2.155010938644409
9 188.0 12.993317604064941 25.24594497680664 14.375373601913452 12.078951835632324 2.296421766281128
9 189.0 13.040032386779785 25.191303253173828 14.448204278945923 12.052703857421875 2.395500421524048
9 190.0 13.058087348937988 25.134557723999023 14.505045413970947 12.02263355255127 2.4824118614196777
9 191.0 13.07697582244873 25.09177017211914 14.559299230575562 11.995933532714844 2.5633656978607178
9 192.0 13.099725723266602 25.0526065826416 14.618030309677124 11.959757804870605 2.6582725048065186
9 193.0 13.10257625579834 25.0019588470459 14.661166429519653 11.932863235473633 2.7283031940460205
9 194.0 13.102209091186523 24.92437171936035 14.690428256988525 11.914854049682617 2.775574207305908
9 195.0 13.096747398376465 24.849254608154297 14.697273015975952 11.893082618713379 2.8041903972625732
9 196.0 13.059365272521973 24.746910095214844 14.663587093353271 11.856159210205078 2.8074278831481934
9 197.0 13.018272399902344 24.642797470092773 14.638995170593262 11.81083869934082 2.8281564712524414
9 198.0 13.016239166259766 24.538541793823242 14.6354660987854 11.7664213180542 2.869044780731201
9 199.0 13.037670135498047 24.45294761657715 14.674159526824951 11.737194061279297 2.9369654655456543
9 200.0 13.059264183044434 24.378976821899414 14.73365330696106 11.716126441955566 3.017526865005493
9 201.0 13.044137954711914 24.295360565185547 14.706838130950928 11.639388084411621 3.0674500465393066
9 202.0 13.035383224487305 24.214067459106445 14.702630043029785 11.583930015563965 3.1187000274658203
9 203.0 13.068459510803223 24.141475677490234 14.774154901504517 11.532964706420898 3.241190195083618
9 204.0 13.127394676208496 24.065946578979492 14.924386501312256 11.501546859741211 3.422839641571045
9 205.0 13.16766357421875 23.995655059814453 15.007324695587158 11.484625816345215 3.5226988792419434
9 206.0 13.21247386932373 23.925077438354492 15.08268928527832 11.465927124023438 3.616762161254883
9 207.0 13.264785766601562 23.833309173583984 15.209381103515625 11.461895942687988 3.7474851608276367
9 208.0 13.301918029785156 23.750579833984375 15.272796630859375 11.407668113708496 3.865128517150879
9 209.0 13.317164421081543 23.648508071899414 15.304526567459106 11.371030807495117 3.9334957599639893
9 210.0 13.322982788085938 23.552778244018555 15.330755710601807 11.327917098999023 4.002838611602783
9 211.0 13.317697525024414 23.458467483520508 15.34706449508667 11.261585235595703 4.085479259490967
9 212.0 13.302501678466797 23.351821899414062 15.323813915252686 11.17533016204834 4.148483753204346
9 213.0 13.336917877197266 23.23232650756836 15.33019208908081 11.10842514038086 4.221766948699951
9 214.0 13.377218246459961 23.05630874633789 15.436732769012451 11.055625915527344 4.381106853485107
9 215.0 13.478389739990234 22.931774139404297 15.555426120758057 10.997628211975098 4.557797908782959
9 216.0 13.563095092773438 22.81421661376953 15.689706802368164 10.943719863891602 4.7459869384765625
9 217.0 13.591974258422852 22.688459396362305 15.736797332763672 10.86652660369873 4.870270729064941
9 218.0 13.619056701660156 22.540742874145508 15.783771991729736 10.776985168457031 5.006786823272705
9 219.0 13.706474304199219 22.384397506713867 15.9232759475708 10.750085830688477 5.173190116882324
9 220.0 13.80943489074707 22.237268447875977 16.03443145751953 10.707350730895996 5.327080726623535
9 221.0 13.902469635009766 22.113801956176758 16.144973278045654 10.616803169250488 5.528170108795166
9 222.0 13.945775032043457 21.98971939086914 16.19413471221924 10.519144058227539 5.674990653991699
9 223.0 13.943384170532227 21.826641082763672 16.213822841644287 10.428465843200684 5.7853569984436035
9 224.0 13.950450897216797 21.62473487854004 16.260565280914307 10.361045837402344 5.899519443511963
9 225.0 13.960184097290039 21.392597198486328 16.335970878601074 10.298776626586914 6.03719425201416
9 226.0 13.996639251708984 21.190471649169922 16.427364826202393 10.228557586669922 6.198807239532471
9 227.0 14.054052352905273 20.999723434448242 16.537217140197754 10.18692684173584 6.350290298461914
9 228.0 14.155142784118652 20.80047607421875 16.663554668426514 10.158903121948242 6.5046515464782715
9 229.0 14.245891571044922 20.608915328979492 16.71924924850464 10.080641746520996 6.638607501983643
9 230.0 14.290489196777344 20.39787483215332 16.791008949279785 9.987451553344727 6.803557395935059
9 231.0 14.304657936096191 20.156553268432617 16.805400848388672 9.894349098205566 6.9110517501831055
9 232.0 14.306334495544434 19.89435386657715 16.886495113372803 9.833407402038574 7.0530877113342285
9 233.0 14.252069473266602 19.606014251708984 16.93392038345337 9.76915168762207 7.164768695831299
9 234.0 14.209637641906738 19.322694778442383 16.994304656982422 9.703575134277344 7.290729522705078
9 235.0 14.183860778808594 19.034465789794922 17.039548873901367 9.643671035766602 7.395877838134766
9 236.0 14.147374153137207 18.73672103881836 17.072978019714355 9.526920318603516 7.54605770111084
9 237.0 14.148815155029297 18.430517196655273 17.117721557617188 9.435569763183594 7.682151794433594
9 238.0 14.07241439819336 18.135820388793945 17.118901252746582 9.383480072021484 7.735421180725098
9 239.0 14.101472854614258 17.84332275390625 17.193624019622803 9.28919506072998 7.904428958892822
9 240.0 14.157760620117188 17.551780700683594 17.28165340423584 9.209405899047852 8.072247505187988
9 241.0 14.168951034545898 17.250898361206055 17.299118041992188 9.091252326965332 8.207865715026855
9 242.0 14.163280487060547 16.95270347595215 17.321709632873535 8.959120750427246 8.362588882446289
9 243.0 14.211555480957031 16.67502784729004 17.287583351135254 8.781585693359375 8.505997657775879
9 244.0 14.19569206237793 16.403532028198242 17.25400447845459 8.621628761291504 8.632375717163086
9 245.0 14.160591125488281 16.166305541992188 17.192983627319336 8.443363189697266 8.74962043762207
9 246.0 14.139101028442383 15.943244934082031 17.178305625915527 8.2847900390625 8.893515586853027
9 247.0 14.189007759094238 15.714505195617676 17.180896759033203 8.096871376037598 9.084025382995605
9 248.0 14.315805435180664 15.533693313598633 17.199318885803223 7.882207870483398 9.317111015319824
9 249.0 14.35830307006836 15.360326766967773 17.166646003723145 7.649723052978516 9.516922950744629
9 250.0 14.417994499206543 15.19876766204834 17.17872381210327 7.454278469085693 9.724445343017578
9 251.0 14.454179763793945 15.012594223022461 17.262662887573242 7.33941650390625 9.923246383666992
9 252.0 14.503790855407715 14.796173095703125 17.408362865447998 7.2209858894348145 10.187376976013184
9 253.0 14.521607398986816 14.5809326171875 17.441859245300293 7.090362548828125 10.351496696472168
9 254.0 14.53195571899414 14.402595520019531 17.429466724395752 6.913427829742432 10.51603889465332
9 255.0 14.583083152770996 14.235016822814941 17.491689205169678 6.77232027053833 10.719368934631348
9 256.0 14.59096622467041 14.041797637939453 17.493793964385986 6.62864351272583 10.865150451660156
9 257.0 14.56322956085205 13.832253456115723 17.474099159240723 6.489688873291016 10.984410285949707
9 258.0 14.545130729675293 13.619739532470703 17.50441884994507 6.375771999359131 11.128646850585938
9 259.0 14.561796188354492 13.411065101623535 17.549591541290283 6.235103130340576 11.314488410949707
9 260.0 14.617988586425781 13.236072540283203 17.666829109191895 6.106454849243164 11.56037425994873
9 261.0 14.609586715698242 13.065862655639648 17.706209659576416 5.9542460441589355 11.75196361541748
9 262.0 14.599090576171875 12.931253433227539 17.642820358276367 5.821754455566406 11.821065902709961
9 263.0 14.689970970153809 12.820463180541992 17.764864444732666 5.7319254875183105 12.032938957214355
9 264.0 14.790220260620117 12.726820945739746 17.81068992614746 5.633111000061035 12.177578926086426
9 265.0 14.822729110717773 12.62881088256836 17.87049913406372 5.555159091949463 12.315340042114258
9 266.0 14.836126327514648 12.533964157104492 17.872822284698486 5.4377970695495605 12.435025215148926
9 267.0 14.965631484985352 12.478691101074219 17.932973861694336 5.3160810470581055 12.61689281463623
9 268.0 15.051750183105469 12.424137115478516 18.030578136444092 5.195619106292725 12.834959030151367
9 269.0 15.128509521484375 12.376546859741211 18.103732585906982 5.099320888519287 13.004411697387695
9 270.0 15.204816818237305 12.316051483154297 18.12354040145874 4.965003490447998 13.158536911010742
9 271.0 15.304742813110352 12.23877239227295 18.202646732330322 4.849586009979248 13.353060722351074
9 272.0 15.404256820678711 12.188932418823242 18.251797199249268 4.700900554656982 13.550896644592285
9 273.0 15.434293746948242 12.120603561401367 18.280546188354492 4.570146560668945 13.710399627685547
9 274.0 15.40306568145752 12.020017623901367 18.338411331176758 4.438692092895508 13.89971923828125
9 275.0 15.443708419799805 11.93801498413086 18.32321071624756 4.287054061889648 14.03615665435791
9 276.0 15.518611907958984 11.905696868896484 18.360538482666016 4.12277889251709 14.237759590148926
9 277.0 15.583542823791504 11.888059616088867 18.38304090499878 4.017755031585693 14.365285873413086
9 278.0 15.662748336791992 11.88981819152832 18.42576575279236 3.9012134075164795 14.524552345275879
9 279.0 15.67881965637207 11.876541137695312 18.438100337982178 3.784485340118408 14.65361499786377
9 280.0 15.620671272277832 11.80393123626709 18.46100163459778 3.7057831287384033 14.755218505859375
9 281.0 15.571473121643066 11.725885391235352 18.449041843414307 3.6319098472595215 14.817131996154785
9 282.0 15.573797225952148 11.68791389465332 18.361745834350586 3.553727149963379 14.808018684387207
9 283.0 15.610746383666992 11.689924240112305 18.322454690933228 3.4637815952301025 14.858673095703125
9 284.0 15.663002014160156 11.710365295410156 18.349412441253662 3.3724703788757324 14.97694206237793
9 285.0 15.697820663452148 11.712326049804688 18.32998824119568 3.280578374862671 15.049409866333008
9 286.0 15.696065902709961 11.716070175170898 18.30604124069214 3.1928324699401855 15.113208770751953
9 287.0 15.71442699432373 11.736735343933105 18.237415075302124 3.113051176071167 15.124363899230957
9 288.0 15.762201309204102 11.749210357666016 18.21959400177002 3.039247512817383 15.180346488952637
9 289.0 15.835309982299805 11.731935501098633 18.31834053993225 2.9923994541168213 15.32594108581543
9 290.0 15.91602897644043 11.740508079528809 18.36216139793396 2.917489767074585 15.444671630859375
9 291.0 15.99377155303955 11.771510124206543 18.39817476272583 2.835376262664795 15.562798500061035
9 292.0 16.06255340576172 11.804447174072266 18.48431158065796 2.744724750518799 15.73958683013916
9 293.0 16.136064529418945 11.842445373535156 18.57194995880127 2.6691713333129883 15.902778625488281
9 294.0 16.156354904174805 11.87508773803711 18.626198768615723 2.6128625869750977 16.013336181640625
9 295.0 16.196155548095703 11.88218879699707 18.670610666275024 2.558382272720337 16.112228393554688
9 296.0 16.26810073852539 11.877370834350586 18.76101517677307 2.5055487155914307 16.25546646118164
9 297.0 16.348426818847656 11.900606155395508 18.83968687057495 2.451716899871826 16.387969970703125
9 298.0 16.410602569580078 11.923652648925781 18.911861181259155 2.4055516719818115 16.506309509277344
9 299.0 16.47520637512207 11.950052261352539 18.976354360580444 2.356443166732788 16.619911193847656
9 300.0 16.549577713012695 11.96010684967041 19.068708896636963 2.314730167388916 16.753978729248047
9 301.0 16.635042190551758 11.970556259155273 19.10103726387024 2.2898552417755127 16.811182022094727
9 302.0 16.718122482299805 12.018329620361328 19.133936643600464 2.2569072246551514 16.877029418945312
9 303.0 16.792484283447266 12.106949806213379 19.11238431930542 2.2213664054870605 16.89101791381836
9 304.0 16.822168350219727 12.16868782043457 19.089635610580444 2.1994779109954834 16.89015769958496
9 305.0 16.854944229125977 12.22761344909668 19.168272495269775 2.1772351264953613 16.991037368774414
9 306.0 16.87700080871582 12.293593406677246 19.15065360069275 2.147216558456421 17.003437042236328
9 307.0 16.920753479003906 12.355350494384766 19.19387197494507 2.129157543182373 17.064714431762695
9 308.0 17.035043716430664 12.428030014038086 19.30075764656067 2.1085922718048096 17.19216537475586
9 309.0 17.127216339111328 12.551156997680664 19.375195503234863 2.095118522644043 17.28007698059082
9 310.0 17.16585922241211 12.614419937133789 19.394533395767212 2.0699045658111572 17.324628829956055
9 311.0 17.17919921875 12.63778305053711 19.395397424697876 2.053905725479126 17.34149169921875
9 312.0 17.235279083251953 12.684530258178711 19.461355209350586 2.0362110137939453 17.42514419555664
9 313.0 17.361127853393555 12.791619300842285 19.55059313774109 2.030377149581909 17.52021598815918
9 314.0 17.433210372924805 12.900150299072266 19.618889808654785 2.009516716003418 17.609373092651367
9 315.0 17.499025344848633 12.988783836364746 19.63363265991211 2.0018444061279297 17.63178825378418
9 316.0 17.534177780151367 13.048782348632812 19.70963740348816 1.9966933727264404 17.71294403076172
9 317.0 17.520322799682617 13.090778350830078 19.715540289878845 1.9815772771835327 17.733963012695312
9 318.0 17.542619705200195 13.20208740234375 19.712926268577576 1.9733537435531616 17.739572525024414
9 319.0 17.58929443359375 13.310924530029297 19.707377791404724 1.9496206045150757 17.75775718688965
9 320.0 17.648706436157227 13.407007217407227 19.81035888195038 1.977730631828308 17.83262825012207
9 321.0 17.713970184326172 13.503281593322754 19.86073064804077 2.0114245414733887 17.849306106567383
9 322.0 17.77475929260254 13.59952163696289 19.913053035736084 2.0482192039489746 17.86483383178711
9 323.0 17.87914276123047 13.733648300170898 20.05303430557251 2.114159107208252 17.938875198364258
9 324.0 18.039260864257812 13.86245346069336 20.176344871520996 2.2111520767211914 17.965192794799805
9 325.0 18.19587516784668 13.899595260620117 20.371344804763794 2.325516939163208 18.045827865600586
9 326.0 18.295639038085938 13.912923812866211 20.602035999298096 2.485752582550049 18.116283416748047
9 327.0 18.40781593322754 14.03956127166748 20.65722632408142 2.5306661128997803 18.12656021118164
9 328.0 18.45649528503418 14.224689483642578 20.671041250228882 2.5507962703704834 18.1202449798584
9 329.0 18.457393646240234 14.43062973022461 20.656885147094727 2.5277061462402344 18.129179000854492
9 330.0 18.529172897338867 14.619796752929688 20.692551612854004 2.5302839279174805 18.162267684936523
9 331.0 18.57769012451172 14.748854637145996 20.630025625228882 2.532521963119507 18.097503662109375
9 332.0 18.631488800048828 14.841543197631836 20.691102027893066 2.544388771057129 18.146713256835938
9 333.0 18.723358154296875 14.92914867401123 20.767546892166138 2.575331926345825 18.192214965820312
9 334.0 18.857994079589844 15.051643371582031 20.887993097305298 2.643139123916626 18.244853973388672
9 335.0 18.963119506835938 15.215248107910156 20.925658226013184 2.7127466201782227 18.21291160583496
9 336.0 19.007699966430664 15.344497680664062 20.960561752319336 2.7523841857910156 18.20817756652832
9 337.0 19.080001831054688 15.444324493408203 21.04950451850891 2.787938356399536 18.261566162109375
9 338.0 19.188873291015625 15.549027442932129 21.142773866653442 2.8503048419952393 18.292469024658203
9 339.0 19.240570068359375 15.641639709472656 21.21694016456604 2.9410879611968994 18.27585220336914
9 340.0 19.302505493164062 15.722233772277832 21.325625896453857 3.0913195610046387 18.23430633544922
9 341.0 19.364280700683594 15.790769577026367 21.533097743988037 3.2616114616394043 18.271486282348633
9 342.0 19.41645050048828 15.872339248657227 21.672693967819214 3.4015891551971436 18.27110481262207
9 343.0 19.454795837402344 15.949674606323242 21.739714860916138 3.46813702583313 18.271577835083008
9 344.0 19.437244415283203 16.027427673339844 21.70958137512207 3.489442825317383 18.220138549804688
9 345.0 19.489099502563477 16.077531814575195 21.78311038017273 3.577559232711792 18.205551147460938
9 346.0 19.602174758911133 16.153579711914062 21.842318773269653 3.6878559589385986 18.154462814331055
9 347.0 19.65581703186035 16.194656372070312 21.964055061340332 3.7992753982543945 18.164779663085938
9 348.0 19.654010772705078 16.21668243408203 22.030613660812378 3.8907763957977295 18.13983726501465
9 349.0 19.643152236938477 16.25355339050293 22.048322677612305 3.9743003845214844 18.07402229309082
9 350.0 19.6787052154541 16.333187103271484 22.10089349746704 4.071342945098877 18.029550552368164
9 351.0 19.761117935180664 16.361526489257812 22.23303508758545 4.209198951721191 18.023836135864258
9 352.0 19.842592239379883 16.403377532958984 22.310917377471924 4.318905353546143 17.99201202392578
9 353.0 19.89956283569336 16.482072830200195 22.34986639022827 4.425239086151123 17.92462730407715
9 354.0 19.960186004638672 16.549331665039062 22.396584033966064 4.535156726837158 17.861427307128906
9 355.0 20.083662033081055 16.639291763305664 22.494776725769043 4.688660621643066 17.806116104125977
9 356.0 20.23027801513672 16.726186752319336 22.734302043914795 4.947143077850342 17.787158966064453
9 357.0 20.407018661499023 16.827430725097656 23.040640830993652 5.260828971862793 17.77981185913086
9 358.0 20.547489166259766 16.90518569946289 23.180007934570312 5.507114410400391 17.672893524169922
9 359.0 20.713808059692383 16.968332290649414 23.332324028015137 5.723862648010254 17.608461380004883
9 360.0 20.878585815429688 17.026334762573242 23.50984764099121 5.950948715209961 17.55889892578125
9 361.0 20.972332000732422 17.080551147460938 23.641311645507812 6.141925811767578 17.499385833740234
9 362.0 20.999631881713867 17.11579132080078 23.722909450531006 6.288808345794678 17.434101104736328
9 363.0 21.026090621948242 17.159229278564453 23.798244953155518 6.436901569366455 17.361343383789062
9 364.0 21.063417434692383 17.221004486083984 23.886793613433838 6.590006351470947 17.29678726196289
9 365.0 21.114337921142578 17.275550842285156 23.9141583442688 6.711487293243408 17.20267105102539
9 366.0 21.181320190429688 17.30031967163086 23.990622520446777 6.870856285095215 17.119766235351562
10 1.0 20.880413055419922 25.768259048461914 24.86956787109375 8.217048645019531 16.65251922607422
10 2.0 20.91552734375 25.516633987426758 25.009839057922363 8.420727729797363 16.589111328125
10 3.0 20.98456573486328 25.30667495727539 25.156270027160645 8.62729549407959 16.528974533081055
10 4.0 21.04291534423828 25.146934509277344 25.280634880065918 8.809279441833496 16.471355438232422
10 5.0 21.047954559326172 24.95389175415039 25.355671882629395 8.95285701751709 16.402814865112305
10 6.0 20.886730194091797 24.68674659729004 25.32677173614502 9.039837837219238 16.28693389892578
10 7.0 20.73123550415039 24.441762924194336 25.296351432800293 9.114571571350098 16.181779861450195
10 8.0 20.572721481323242 24.230876922607422 25.208136558532715 9.17321491241455 16.034921646118164
10 9.0 20.339500427246094 23.964298248291016 25.159314155578613 9.1978178024292 15.961496353149414
10 10.0 20.141002655029297 23.711776733398438 25.08320713043213 9.23520565032959 15.848001480102539
10 11.0 20.028640747070312 23.52914047241211 25.01137065887451 9.304834365844727 15.706536293029785
10 12.0 19.951148986816406 23.313459396362305 25.006317138671875 9.452332496643066 15.553984642028809
10 13.0 19.796714782714844 23.089040756225586 24.991622924804688 9.565574645996094 15.426048278808594
10 14.0 19.619644165039062 22.863290786743164 24.864975929260254 9.646137237548828 15.218838691711426
10 15.0 19.439281463623047 22.644126892089844 24.723655700683594 9.70493221282959 15.018723487854004
10 16.0 19.26265525817871 22.404582977294922 24.60422420501709 9.769414901733398 14.834809303283691
10 17.0 19.109294891357422 22.20441436767578 24.463770866394043 9.837973594665527 14.625797271728516
10 18.0 18.931312561035156 21.989315032958984 24.38935947418213 9.895867347717285 14.493492126464844
10 19.0 18.70425033569336 21.72848892211914 24.293502807617188 9.943100929260254 14.350401878356934
10 20.0 18.405719757080078 21.407602310180664 24.118374824523926 9.953083992004395 14.165290832519531
10 21.0 18.10916519165039 21.119733810424805 23.809029579162598 9.963303565979004 13.845726013183594
10 22.0 17.821277618408203 20.841785430908203 23.55117702484131 10.013113021850586 13.538064002990723
10 23.0 17.52187728881836 20.55242347717285 23.252622604370117 10.041942596435547 13.21068000793457
10 24.0 17.253843307495117 20.29450225830078 23.00150203704834 10.092918395996094 12.908583641052246
10 25.0 16.981689453125 20.02916717529297 22.797987937927246 10.129579544067383 12.668408393859863
10 26.0 16.66546630859375 19.735973358154297 22.460601806640625 10.223732948303223 12.236868858337402
10 27.0 16.394126892089844 19.50673484802246 22.03063201904297 10.290085792541504 11.740546226501465
10 28.0 16.112133026123047 19.292892456054688 21.594725608825684 10.336995124816895 11.257730484008789
10 29.0 15.810562133789062 19.032869338989258 21.062898635864258 10.408857345581055 10.654041290283203
10 30.0 15.542781829833984 18.816198348999023 20.546722412109375 10.480877876281738 10.065844535827637
10 31.0 15.327686309814453 18.654098510742188 20.102953910827637 10.611309051513672 9.491644859313965
10 32.0 15.079867362976074 18.470863342285156 19.56969451904297 10.740608215332031 8.829086303710938
10 33.0 14.814095497131348 18.29069709777832 18.846179008483887 10.837725639343262 8.008453369140625
10 34.0 14.518810272216797 18.120765686035156 18.142822742462158 10.923322677612305 7.2195000648498535
10 35.0 14.319269180297852 18.018024444580078 17.436601638793945 11.014193534851074 6.422408103942871
10 36.0 14.18984317779541 17.95980453491211 16.95423698425293 11.099286079406738 5.854950904846191
10 37.0 14.011054039001465 17.89161491394043 16.38768196105957 11.136512756347656 5.251169204711914
10 38.0 13.859306335449219 17.830467224121094 15.967495441436768 11.260919570922852 4.706575870513916
10 39.0 13.765203475952148 17.812931060791016 15.640210151672363 11.351696014404297 4.288514137268066
10 40.0 13.678116798400879 17.8096866607666 15.393648862838745 11.435401916503906 3.958246946334839
10 41.0 13.557907104492188 17.771339416503906 15.144181251525879 11.49682903289795 3.6473522186279297
10 42.0 13.411413192749023 17.741466522216797 14.876491785049438 11.521662712097168 3.3548290729522705
10 43.0 13.26382827758789 17.73874282836914 14.592117071151733 11.510902404785156 3.081214666366577
10 44.0 13.082151412963867 17.738807678222656 14.175390481948853 11.507786750793457 2.6676037311553955
10 45.0 12.928910255432129 17.752769470214844 13.871673583984375 11.545461654663086 2.326211929321289
10 46.0 12.80982780456543 17.80153465270996 13.633774995803833 11.571540832519531 2.0622341632843018
10 47.0 12.721280097961426 17.804691314697266 13.460766315460205 11.573540687561035 1.88722562789917
10 48.0 12.649313926696777 17.82440757751465 13.367319583892822 11.587179183959961 1.7801403999328613
10 49.0 12.614347457885742 17.882232666015625 13.333540201187134 11.652544975280762 1.680995225906372
10 50.0 12.596214294433594 17.947410583496094 13.306536674499512 11.734025001525879 1.5725116729736328
10 51.0 12.566771507263184 18.003562927246094 13.261828660964966 11.782788276672363 1.4790403842926025
10 52.0 12.552814483642578 18.064882278442383 13.234103560447693 11.82844066619873 1.4056628942489624
10 53.0 12.551841735839844 18.117971420288086 13.227337718009949 11.871504783630371 1.3558329343795776
10 54.0 12.553760528564453 18.18946647644043 13.230526685714722 11.929793357849121 1.3007333278656006
10 55.0 12.596345901489258 18.3001651763916 13.2889803647995 12.045637130737305 1.2433432340621948
10 56.0 12.635180473327637 18.417085647583008 13.286690950393677 12.142168045043945 1.1445229053497314
10 57.0 12.692744255065918 18.533180236816406 13.358400344848633 12.288022994995117 1.0703773498535156
10 58.0 12.761751174926758 18.6256103515625 13.446494817733765 12.419922828674316 1.0265719890594482
10 59.0 12.797995567321777 18.723814010620117 13.4969642162323 12.494733810424805 1.0022304058074951
10 60.0 12.811046600341797 18.82624053955078 13.524272620677948 12.56019401550293 0.9640786051750183
10 61.0 12.787250518798828 18.920120239257812 13.503769338130951 12.606215476989746 0.8975538611412048
10 62.0 12.738856315612793 19.010051727294922 13.428380608558655 12.600112915039062 0.8282676935195923
10 63.0 12.709748268127441 19.089519500732422 13.439089357852936 12.640914916992188 0.7981744408607483
10 64.0 12.715616226196289 19.165164947509766 13.422015845775604 12.654656410217285 0.7673594355583191
10 65.0 12.718688011169434 19.229646682739258 13.411137282848358 12.689414978027344 0.7217223048210144
10 66.0 12.739547729492188 19.295930862426758 13.463291347026825 12.769281387329102 0.6940099596977234
10 67.0 12.76572322845459 19.39051628112793 13.502714097499847 12.837043762207031 0.6656703352928162
10 68.0 12.782648086547852 19.48596954345703 13.518071115016937 12.867134094238281 0.650937020778656
10 69.0 12.771683692932129 19.550371170043945 13.55293345451355 12.906476020812988 0.6464574337005615
10 70.0 12.76626968383789 19.640195846557617 13.514334440231323 12.884995460510254 0.6293389797210693
10 71.0 12.751880645751953 19.71481704711914 13.52103739976883 12.908435821533203 0.6126015782356262
10 72.0 12.760261535644531 19.79389190673828 13.544461846351624 12.95833969116211 0.5861221551895142
10 73.0 12.795233726501465 19.862586975097656 13.623541831970215 13.05932903289795 0.5642127990722656
10 74.0 12.782116889953613 19.919641494750977 13.594842672348022 13.068140983581543 0.5267016887664795
10 75.0 12.80387020111084 20.010595321655273 13.610635101795197 13.11320686340332 0.4974282383918762
10 76.0 12.846234321594238 20.153465270996094 13.672828912734985 13.192837715148926 0.47999119758605957
10 77.0 12.902863502502441 20.297578811645508 13.699474424123764 13.225302696228027 0.4741717278957367
10 78.0 12.91974925994873 20.392486572265625 13.705797880887985 13.25230884552002 0.4534890353679657
10 79.0 12.914094924926758 20.485353469848633 13.689598381519318 13.258499145507812 0.4310992360115051
10 80.0 12.900094985961914 20.589860916137695 13.67920133471489 13.266371726989746 0.41282960772514343
10 81.0 12.878630638122559 20.66928482055664 13.609561383724213 13.210936546325684 0.39862483739852905
10 82.0 12.821585655212402 20.740697860717773 13.521018147468567 13.151989936828613 0.3690282106399536
10 83.0 12.759513854980469 20.825551986694336 13.4621462225914 13.125027656555176 0.33711856603622437
10 84.0 12.718789100646973 20.919153213500977 13.442792683839798 13.134346008300781 0.3084466755390167
10 85.0 12.704811096191406 20.999897003173828 13.436891824007034 13.153605461120605 0.28328636288642883
10 86.0 12.740631103515625 21.10523223876953 13.446242183446884 13.183913230895996 0.26232895255088806
10 87.0 12.782299041748047 21.247997283935547 13.458126157522202 13.205788612365723 0.2523375451564789
10 88.0 12.761719703674316 21.363384246826172 13.419354155659676 13.173330307006836 0.24602384865283966
10 89.0 12.750387191772461 21.446571350097656 13.454861983656883 13.211100578308105 0.24376140534877777
10 90.0 12.844459533691406 21.55191993713379 13.550654739141464 13.303491592407227 0.24716314673423767
10 91.0 12.95173168182373 21.663606643676758 13.635114327073097 13.39167308807373 0.24344123899936676
10 92.0 13.01444149017334 21.755577087402344 13.728995874524117 13.491209983825684 0.23778589069843292
10 93.0 13.01076602935791 21.815841674804688 13.766030475497246 13.532777786254883 0.23325268924236298
10 94.0 13.01155948638916 21.871318817138672 13.800482660531998 13.575034141540527 0.22544851899147034
10 95.0 13.08023452758789 21.966650009155273 13.827871635556221 13.610614776611328 0.21725685894489288
10 96.0 13.178472518920898 22.0761775970459 13.934111773967743 13.723538398742676 0.21057337522506714
10 97.0 13.268686294555664 22.171226501464844 14.056795507669449 13.854573249816895 0.20222225785255432
10 98.0 13.329672813415527 22.275333404541016 14.12697882950306 13.92544174194336 0.2015370875597
10 99.0 13.368980407714844 22.37344741821289 14.180176988244057 13.982193946838379 0.1979830414056778
10 100.0 13.420975685119629 22.465896606445312 14.25989381968975 14.066240310668945 0.19365350902080536
10 101.0 13.459273338317871 22.55213165283203 14.310571014881134 14.116192817687988 0.19437819719314575
10 102.0 13.475428581237793 22.63005256652832 14.335610955953598 14.148236274719238 0.18737468123435974
10 103.0 13.509368896484375 22.73163414001465 14.37589044868946 14.191747665405273 0.18414278328418732
10 104.0 13.462132453918457 22.824594497680664 14.369828015565872 14.185307502746582 0.18452051281929016
10 105.0 13.390231132507324 22.9080810546875 14.290065467357635 14.110321998596191 0.1797434687614441
10 106.0 13.351005554199219 22.973468780517578 14.276232808828354 14.10282039642334 0.17341241240501404
10 107.0 13.322064399719238 23.033884048461914 14.283937722444534 14.108573913574219 0.17536380887031555
10 108.0 13.309050559997559 23.11100959777832 14.275717973709106 14.103720664978027 0.1719973087310791
10 109.0 13.293330192565918 23.189319610595703 14.232074990868568 14.066174507141113 0.16590048372745514
10 110.0 13.289916038513184 23.256301879882812 14.209849312901497 14.05319881439209 0.15665049850940704
10 111.0 13.269244194030762 23.301218032836914 14.224935442209244 14.070635795593262 0.15429964661598206
10 112.0 13.248364448547363 23.37796974182129 14.176469266414642 14.024581909179688 0.15188735723495483
10 113.0 13.253131866455078 23.454376220703125 14.224274560809135 14.072433471679688 0.15184108912944794
10 114.0 13.244715690612793 23.48517417907715 14.245933249592781 14.096064567565918 0.1498686820268631
10 115.0 13.231865882873535 23.542774200439453 14.249929159879684 14.099226951599121 0.15070220828056335
10 116.0 13.221114158630371 23.605300903320312 14.223745211958885 14.069356918334961 0.15438829362392426
10 117.0 13.208011627197266 23.688739776611328 14.190558210015297 14.039381980895996 0.15117622911930084
10 118.0 13.20114517211914 23.78097915649414 14.19554416835308 14.051633834838867 0.14391033351421356
10 119.0 13.216214179992676 23.86130142211914 14.196355521678925 14.054819107055664 0.1415364146232605
10 120.0 13.204179763793945 23.911733627319336 14.191465929150581 14.050056457519531 0.1414094716310501
10 121.0 13.175758361816406 23.958959579467773 14.190864086151123 14.049758911132812 0.14110517501831055
10 122.0 13.15025806427002 24.02124786376953 14.120608493685722 13.978450775146484 0.14215771853923798
10 123.0 13.116003036499023 24.11136817932129 14.082689583301544 13.941813468933105 0.14087611436843872
10 124.0 13.072073936462402 24.178264617919922 14.054359123110771 13.915682792663574 0.13867633044719696
10 125.0 13.036065101623535 24.232728958129883 14.010763049125671 13.874124526977539 0.13663852214813232
10 126.0 13.015722274780273 24.290302276611328 13.995559066534042 13.863557815551758 0.13200125098228455
10 127.0 12.999631881713867 24.353578567504883 13.953253880143166 13.819493293762207 0.13376058638095856
10 128.0 12.98070240020752 24.422643661499023 13.915010794997215 13.783329010009766 0.13168178498744965
10 129.0 12.967026710510254 24.504180908203125 13.88742646574974 13.760820388793945 0.1266060769557953
10 130.0 12.932390213012695 24.57216453552246 13.8520912155509 13.728878021240234 0.12321319431066513
10 131.0 12.883783340454102 24.61283302307129 13.788656391203403 13.666638374328613 0.12201801687479019
10 132.0 12.8379545211792 24.655275344848633 13.701728776097298 13.584146499633789 0.1175822764635086
10 133.0 12.811715126037598 24.70467758178711 13.643279381096363 13.522468566894531 0.12081081420183182
10 134.0 12.814863204956055 24.786428451538086 13.636784061789513 13.508997917175293 0.12778614461421967
10 135.0 12.814181327819824 24.881847381591797 13.630769595503807 13.495502471923828 0.13526712357997894
10 136.0 12.799860000610352 24.95293617248535 13.630585685372353 13.489727020263672 0.14085866510868073
10 137.0 12.800644874572754 25.007326126098633 13.639172837138176 13.486811637878418 0.152361199259758
10 138.0 12.823904037475586 25.079355239868164 13.665812313556671 13.497621536254883 0.16819077730178833
10 139.0 12.855142593383789 25.161121368408203 13.70336465537548 13.524435043334961 0.17892961204051971
10 140.0 12.853798866271973 25.21318817138672 13.664851248264313 13.471364974975586 0.1934862732887268
10 141.0 12.830032348632812 25.252063751220703 13.643114924430847 13.442402839660645 0.20071208477020264
10 142.0 12.812762260437012 25.29311180114746 13.621250450611115 13.400955200195312 0.220295250415802
10 143.0 12.805164337158203 25.336515426635742 13.620371222496033 13.377680778503418 0.24269044399261475
10 144.0 12.771183013916016 25.370092391967773 13.576278805732727 13.314653396606445 0.26162540912628174
10 145.0 12.77956485748291 25.39630699157715 13.61926981806755 13.335694313049316 0.28357550501823425
10 146.0 12.783199310302734 25.39354133605957 13.608019351959229 13.296845436096191 0.3111739158630371
10 147.0 12.78190803527832 25.3881893157959 13.663540095090866 13.315498352050781 0.34804174304008484
10 148.0 12.802202224731445 25.413002014160156 13.71395194530487 13.341428756713867 0.3725231885910034
10 149.0 12.810017585754395 25.448331832885742 13.729394614696503 13.332541465759277 0.39685314893722534
10 150.0 12.824438095092773 25.51102638244629 13.729537069797516 13.311863899230957 0.41767317056655884
10 151.0 12.810685157775879 25.53221321105957 13.713997036218643 13.280960083007812 0.4330369532108307
10 152.0 12.80909538269043 25.55164337158203 13.730343699455261 13.278674125671387 0.4516695737838745
10 153.0 12.81185245513916 25.589988708496094 13.771583497524261 13.315715789794922 0.4558677077293396
10 154.0 12.810955047607422 25.641481399536133 13.77872946858406 13.28702449798584 0.4917049705982208
10 155.0 12.81962776184082 25.694223403930664 13.791423797607422 13.247406959533691 0.5440168380737305
10 156.0 12.82318115234375 25.754301071166992 13.769709467887878 13.202669143676758 0.5670403242111206
10 157.0 12.796194076538086 25.766651153564453 13.790394484996796 13.206836700439453 0.5835577845573425
10 158.0 12.797779083251953 25.800376892089844 13.790178298950195 13.171698570251465 0.6184797286987305
10 159.0 12.804302215576172 25.849029541015625 13.77565199136734 13.123416900634766 0.6522350907325745
10 160.0 12.812454223632812 25.89744758605957 13.774941504001617 13.092338562011719 0.6826029419898987
10 161.0 12.839529037475586 25.966323852539062 13.850461542606354 13.119991302490234 0.7304702401161194
10 162.0 12.869209289550781 26.011051177978516 13.882753551006317 13.0990629196167 0.7836906313896179
10 163.0 12.884397506713867 26.0418701171875 13.873103559017181 13.076605796813965 0.7964977622032166
10 164.0 12.916584014892578 26.121492385864258 13.865528404712677 13.029743194580078 0.8357852101325989
10 165.0 12.9384126663208 26.183284759521484 13.924632251262665 13.015920639038086 0.9087116122245789
10 166.0 12.915365219116211 26.21046257019043 13.935031175613403 12.985651016235352 0.9493801593780518
10 167.0 12.886377334594727 26.23147201538086 13.95439863204956 12.964286804199219 0.9901118278503418
10 168.0 12.884074211120605 26.282691955566406 13.960126757621765 12.927642822265625 1.0324839353561401
10 169.0 12.892802238464355 26.340473175048828 13.962503552436829 12.891449928283691 1.0710536241531372
10 170.0 12.889323234558105 26.376445770263672 13.969177722930908 12.859350204467773 1.1098275184631348
10 171.0 12.87436294555664 26.398029327392578 13.905164957046509 12.76792049407959 1.137244462966919
10 172.0 12.838756561279297 26.379375457763672 13.925668954849243 12.733274459838867 1.192394495010376
10 173.0 12.835699081420898 26.374197006225586 13.942726731300354 12.707991600036621 1.234735131263733
10 174.0 12.818692207336426 26.386838912963867 13.945582866668701 12.670591354370117 1.274991512298584
10 175.0 12.790260314941406 26.376007080078125 13.938871145248413 12.655338287353516 1.2835328578948975
10 176.0 12.775794982910156 26.361528396606445 13.930892825126648 12.60705852508545 1.3238343000411987
10 177.0 12.77585220336914 26.38297462463379 13.95025384426117 12.570125579833984 1.380128264427185
10 178.0 12.7889404296875 26.427644729614258 13.950387477874756 12.524822235107422 1.425565242767334
10 179.0 12.815522193908691 26.46010971069336 13.967050075531006 12.491963386535645 1.4750866889953613
10 180.0 12.827729225158691 26.444093704223633 13.993246793746948 12.45670223236084 1.5365445613861084
10 181.0 12.8095064163208 26.409236907958984 13.984912395477295 12.395278930664062 1.5896334648132324
10 182.0 12.799922943115234 26.388309478759766 14.002837419509888 12.34414291381836 1.6586945056915283
10 183.0 12.793381690979004 26.3782901763916 14.04591190814972 12.3161039352417 1.72980797290802
10 184.0 12.831507682800293 26.367084503173828 14.115366339683533 12.253217697143555 1.862148642539978
10 185.0 12.895353317260742 26.34412384033203 14.236511945724487 12.191535949707031 2.044975996017456
10 186.0 12.965402603149414 26.315946578979492 14.336822986602783 12.132856369018555 2.2039666175842285
10 187.0 13.044760704040527 26.280550003051758 14.413512468338013 12.077177047729492 2.3363354206085205
10 188.0 13.089155197143555 26.256572723388672 14.50841212272644 12.049137115478516 2.459275007247925
10 189.0 13.19342041015625 26.253164291381836 14.648018836975098 12.007802963256836 2.6402158737182617
10 190.0 13.311450958251953 26.262542724609375 14.715929985046387 11.951562881469727 2.76436710357666
10 191.0 13.380059242248535 26.258691787719727 14.849340200424194 11.932478904724121 2.9168612957000732
10 192.0 13.450257301330566 26.252504348754883 14.9345543384552 11.899739265441895 3.0348150730133057
10 193.0 13.48408317565918 26.24640464782715 15.01480221748352 11.870755195617676 3.1440470218658447
10 194.0 13.517250061035156 26.24768829345703 15.076159715652466 11.801091194152832 3.275068521499634
10 195.0 13.60511589050293 26.242094039916992 15.118283748626709 11.735677719116211 3.382606029510498
10 196.0 13.694745063781738 26.222074508666992 15.201422691345215 11.684103965759277 3.5173187255859375
10 197.0 13.77029037475586 26.191425323486328 15.293102264404297 11.641196250915527 3.6519060134887695
10 198.0 13.854354858398438 26.18224334716797 15.436734914779663 11.616950035095215 3.8197848796844482
10 199.0 13.914210319519043 26.149044036865234 15.52799391746521 11.572964668273926 3.955029249191284
10 200.0 13.958755493164062 26.103328704833984 15.609141826629639 11.523602485656738 4.0855393409729
10 201.0 14.044078826904297 26.068828582763672 15.681529521942139 11.477903366088867 4.2036261558532715
10 202.0 14.15239143371582 26.034269332885742 15.806611061096191 11.442249298095703 4.364361763000488
10 203.0 14.290254592895508 25.990970611572266 15.99322509765625 11.41170883178711 4.581516265869141
10 204.0 14.439790725708008 25.956336975097656 16.142004013061523 11.384119033813477 4.757884979248047
10 205.0 14.554104804992676 25.922279357910156 16.30391263961792 11.372696876525879 4.931215763092041
10 206.0 14.640735626220703 25.860342025756836 16.386921405792236 11.335646629333496 5.05127477645874
10 207.0 14.681784629821777 25.772789001464844 16.48381996154785 11.312973976135254 5.170845985412598
10 208.0 14.680691719055176 25.676860809326172 16.519217014312744 11.272149085998535 5.247067928314209
10 209.0 14.702343940734863 25.57756805419922 16.543651580810547 11.224814414978027 5.3188371658325195
10 210.0 14.751201629638672 25.45852279663086 16.617965698242188 11.200861930847168 5.4171037673950195
10 211.0 14.796554565429688 25.329303741455078 16.6817307472229 11.160542488098145 5.521188259124756
10 212.0 14.821648597717285 25.195068359375 16.77589988708496 11.110936164855957 5.664963722229004
10 213.0 14.861647605895996 25.07037925720215 16.86704111099243 11.073582649230957 5.793458461761475
10 214.0 14.892959594726562 24.967700958251953 16.939624786376953 11.038100242614746 5.901524543762207
10 215.0 14.959830284118652 24.88373374938965 17.055284023284912 11.013782501220703 6.041501522064209
10 216.0 15.041913032531738 24.782512664794922 17.19228172302246 10.983902931213379 6.208378791809082
10 217.0 15.079032897949219 24.64409065246582 17.27860975265503 10.929455757141113 6.349153995513916
10 218.0 15.058218955993652 24.4661865234375 17.307674407958984 10.878422737121582 6.429251670837402
10 219.0 15.019432067871094 24.25638198852539 17.3838210105896 10.800753593444824 6.583067417144775
10 220.0 15.021385192871094 24.026535034179688 17.470630168914795 10.747629165649414 6.723001003265381
10 221.0 15.065230369567871 23.807832717895508 17.607056140899658 10.727677345275879 6.879378795623779
10 222.0 15.126256942749023 23.624553680419922 17.652875423431396 10.629254341125488 7.023621082305908
10 223.0 15.207290649414062 23.452808380126953 17.741867065429688 10.572284698486328 7.169582366943359
10 224.0 15.30093002319336 23.277713775634766 17.820891857147217 10.467087745666504 7.353804111480713
10 225.0 15.407938003540039 23.11212730407715 17.952094078063965 10.351036071777344 7.601058006286621
10 226.0 15.486859321594238 22.93486213684082 18.026893138885498 10.221410751342773 7.805482387542725
10 227.0 15.551947593688965 22.74906349182129 18.090822219848633 10.09744930267334 7.993372917175293
10 228.0 15.608367919921875 22.54532241821289 18.180130004882812 9.993764877319336 8.186365127563477
10 229.0 15.622966766357422 22.337369918823242 18.267949104309082 9.9229154586792 8.345033645629883
10 230.0 15.633050918579102 22.127548217773438 18.26815128326416 9.81853199005127 8.44961929321289
10 231.0 15.692977905273438 21.926305770874023 18.330595016479492 9.735150337219238 8.595444679260254
10 232.0 15.820137023925781 21.74734878540039 18.54240894317627 9.662713050842285 8.879695892333984
10 233.0 15.935769081115723 21.5875301361084 18.630992889404297 9.542807579040527 9.08818531036377
10 234.0 16.016735076904297 21.43512725830078 18.67366600036621 9.426045417785645 9.247620582580566
10 235.0 16.03607940673828 21.26668930053711 18.71476650238037 9.336316108703613 9.378450393676758
10 236.0 16.061931610107422 21.036762237548828 18.746878623962402 9.215341567993164 9.531537055969238
10 237.0 16.154827117919922 20.77762222290039 18.934042930603027 9.17864990234375 9.755393028259277
10 238.0 16.230491638183594 20.51915740966797 19.0015230178833 9.095026969909668 9.906496047973633
10 239.0 16.269325256347656 20.256244659423828 19.10171604156494 9.028748512268066 10.072967529296875
10 240.0 16.334341049194336 20.023040771484375 19.219881057739258 8.92025375366211 10.299627304077148
10 241.0 16.419639587402344 19.78455352783203 19.312708854675293 8.827415466308594 10.4852933883667
10 242.0 16.50639533996582 19.50811004638672 19.38858413696289 8.752738952636719 10.635845184326172
10 243.0 16.5958194732666 19.21745491027832 19.54997444152832 8.678265571594238 10.871708869934082
10 244.0 16.734634399414062 18.92511749267578 19.673069953918457 8.579675674438477 11.09339427947998
10 245.0 16.878433227539062 18.693613052368164 19.7536563873291 8.451155662536621 11.30250072479248
10 246.0 16.954483032226562 18.482837677001953 19.77221965789795 8.323832511901855 11.448387145996094
10 247.0 17.04735565185547 18.26877784729004 19.877034187316895 8.199151992797852 11.677882194519043
10 248.0 17.157371520996094 18.050241470336914 19.972721099853516 8.068368911743164 11.904352188110352
10 249.0 17.201208114624023 17.82858657836914 20.030715465545654 7.956857204437256 12.073858261108398
10 250.0 17.19112777709961 17.55811882019043 20.08957529067993 7.844590663909912 12.24498462677002
10 251.0 17.120899200439453 17.27301788330078 20.03404951095581 7.685863018035889 12.348186492919922
10 252.0 17.08132553100586 17.002382278442383 19.98157787322998 7.536838531494141 12.44473934173584
10 253.0 17.0821475982666 16.746288299560547 20.00690221786499 7.419068813323975 12.587833404541016
10 254.0 17.159690856933594 16.553205490112305 20.064420223236084 7.336180210113525 12.728240013122559
10 255.0 17.20737075805664 16.377696990966797 20.122785568237305 7.22159481048584 12.901190757751465
10 256.0 17.199026107788086 16.166521072387695 20.125539779663086 7.132820129394531 12.992719650268555
10 257.0 17.145736694335938 15.954504013061523 20.07170581817627 7.030782699584961 13.040923118591309
10 258.0 17.073486328125 15.735526084899902 20.071584224700928 6.93257474899292 13.139009475708008
10 259.0 17.040008544921875 15.53181266784668 20.129169940948486 6.860378742218018 13.268791198730469
10 260.0 17.039569854736328 15.318192481994629 20.120643615722656 6.756896018981934 13.363747596740723
10 261.0 17.054698944091797 15.085582733154297 20.106164932250977 6.640506744384766 13.465658187866211
10 262.0 17.054096221923828 14.840277671813965 20.102721691131592 6.574977397918701 13.52774429321289
10 263.0 17.112850189208984 14.600566864013672 20.27616786956787 6.5005340576171875 13.775633811950684
10 264.0 17.188650131225586 14.433677673339844 20.330928802490234 6.407464027404785 13.92346477508545
10 265.0 17.248950958251953 14.262720108032227 20.439115047454834 6.34768533706665 14.091429710388184
10 266.0 17.316286087036133 14.109107971191406 20.540067195892334 6.296159267425537 14.243907928466797
10 267.0 17.41716957092285 13.968635559082031 20.670174598693848 6.233491897583008 14.43668270111084
10 268.0 17.526273727416992 13.831766128540039 20.832239627838135 6.1721272468566895 14.660112380981445
10 269.0 17.436601638793945 13.651346206665039 20.82771110534668 6.106644630432129 14.72106647491455
10 270.0 17.300960540771484 13.45223617553711 20.837807655334473 6.046120643615723 14.79168701171875
10 271.0 17.179597854614258 13.244258880615234 20.908833026885986 6.000949382781982 14.907883644104004
10 272.0 17.078956604003906 13.058158874511719 20.829928874969482 5.909045696258545 14.920883178710938
10 273.0 16.99817657470703 12.868000030517578 20.818603038787842 5.806541919708252 15.01206111907959
10 274.0 17.006000518798828 12.71954345703125 20.813923358917236 5.716794490814209 15.097128868103027
10 275.0 17.040592193603516 12.606138229370117 20.791621685028076 5.619734287261963 15.171887397766113
10 276.0 17.096317291259766 12.508522987365723 20.799682140350342 5.507954120635986 15.291728019714355
10 277.0 17.143203735351562 12.43600082397461 20.80440664291382 5.3977952003479 15.406611442565918
10 278.0 17.17345428466797 12.377556800842285 20.745234966278076 5.283227443695068 15.462007522583008
10 279.0 17.201486587524414 12.332168579101562 20.742175579071045 5.190145969390869 15.552029609680176
10 280.0 17.28404426574707 12.27168083190918 20.79672145843506 5.1144208908081055 15.682300567626953
10 281.0 17.40363311767578 12.209259033203125 20.889140605926514 5.0384955406188965 15.850645065307617
10 282.0 17.45724868774414 12.164955139160156 20.879745960235596 4.928893566131592 15.950852394104004
10 283.0 17.52399253845215 12.117469787597656 20.985539436340332 4.835824012756348 16.149715423583984
10 284.0 17.631397247314453 12.088293075561523 21.062095165252686 4.755086421966553 16.307008743286133
10 285.0 17.693458557128906 12.052570343017578 21.08826732635498 4.664795875549316 16.423471450805664
10 286.0 17.704891204833984 11.986885070800781 21.182785987854004 4.597043037414551 16.585742950439453
10 287.0 17.73672866821289 11.950690269470215 21.231669902801514 4.528024196624756 16.703645706176758
10 288.0 17.75836181640625 11.905339241027832 21.274790287017822 4.431646823883057 16.843143463134766
10 289.0 17.805410385131836 11.847040176391602 21.32431650161743 4.360199451446533 16.9641170501709
10 290.0 17.87042999267578 11.830995559692383 21.320053577423096 4.303589344024658 17.016464233398438
10 291.0 17.968379974365234 11.863119125366211 21.348642826080322 4.220154285430908 17.128488540649414
10 292.0 18.016143798828125 11.867149353027344 21.37737512588501 4.1367974281311035 17.240577697753906
10 293.0 17.969921112060547 11.869062423706055 21.36905574798584 4.0502424240112305 17.31881332397461
10 294.0 17.933271408081055 11.849835395812988 21.280885934829712 3.9544355869293213 17.32645034790039
10 295.0 17.963787078857422 11.86406135559082 21.315820455551147 3.8833978176116943 17.432422637939453
10 296.0 18.006601333618164 11.907652854919434 21.311920166015625 3.7841224670410156 17.52779769897461
10 297.0 18.052490234375 11.972098350524902 21.296006679534912 3.6712279319763184 17.624778747558594
10 298.0 18.102983474731445 12.029632568359375 21.293612480163574 3.6040525436401367 17.689559936523438
10 299.0 18.138492584228516 12.082145690917969 21.307825803756714 3.528111219406128 17.779714584350586
10 300.0 18.196001052856445 12.087678909301758 21.354803562164307 3.4642395973205566 17.89056396484375
10 301.0 18.162986755371094 12.076069831848145 21.330235958099365 3.3973193168640137 17.93291664123535
10 302.0 18.10737419128418 12.052474021911621 21.348923921585083 3.355456590652466 17.993467330932617
10 303.0 18.08648681640625 12.040863037109375 21.38250231742859 3.3142268657684326 18.068275451660156
10 304.0 18.117826461791992 12.080406188964844 21.37160348892212 3.259716510772705 18.111886978149414
10 305.0 18.156892776489258 12.135963439941406 21.41113805770874 3.2261710166931152 18.184967041015625
10 306.0 18.16325569152832 12.166694641113281 21.382713556289673 3.1904032230377197 18.192310333251953
10 307.0 18.214799880981445 12.249211311340332 21.42621421813965 3.143613815307617 18.28260040283203
10 308.0 18.27423095703125 12.354842185974121 21.515631675720215 3.1172399520874023 18.398391723632812
10 309.0 18.35906219482422 12.487147331237793 21.566975355148315 3.08186411857605 18.485111236572266
10 310.0 18.4639892578125 12.607394218444824 21.575767517089844 3.0551815032958984 18.520586013793945
10 311.0 18.521625518798828 12.700811386108398 21.588866472244263 3.027724504470825 18.561141967773438
10 312.0 18.629396438598633 12.838151931762695 21.623618602752686 3.022429943084717 18.60118865966797
10 313.0 18.74881362915039 12.962209701538086 21.607343673706055 2.9885406494140625 18.618803024291992
10 314.0 18.862167358398438 13.117177963256836 21.59103798866272 2.9806063175201416 18.610431671142578
10 315.0 18.94536018371582 13.236920356750488 21.59412384033203 2.961576461791992 18.63254737854004
10 316.0 19.03515625 13.359710693359375 21.630234956741333 2.9729721546173096 18.657262802124023
10 317.0 19.16153907775879 13.489495277404785 21.698139905929565 2.985975980758667 18.7121639251709
10 318.0 19.237672805786133 13.57236385345459 21.72657871246338 2.947800636291504 18.778778076171875
10 319.0 19.233518600463867 13.603736877441406 21.711398601531982 2.9355177879333496 18.775880813598633
10 320.0 19.26508903503418 13.669254302978516 21.76998019218445 2.9290244579315186 18.84095573425293
10 321.0 19.387325286865234 13.793909072875977 21.82158374786377 2.9380979537963867 18.883485794067383
10 322.0 19.410198211669922 13.847644805908203 21.884615182876587 2.949869394302368 18.93474578857422
10 323.0 19.39125633239746 13.851566314697266 21.97575068473816 2.9803550243377686 18.99539566040039
10 324.0 19.469402313232422 13.957347869873047 21.993532419204712 2.992717981338501 19.00081443786621
10 325.0 19.63685417175293 14.1716890335083 22.045524835586548 3.030662775039673 19.014862060546875
10 326.0 19.85051727294922 14.451325416564941 22.125840425491333 3.0438034534454346 19.0820369720459
10 327.0 19.98320770263672 14.655683517456055 22.16277313232422 3.0680503845214844 19.094722747802734
10 328.0 20.092477798461914 14.823326110839844 22.263250589370728 3.10921311378479 19.154037475585938
10 329.0 20.22913932800293 15.043636322021484 22.4575674533844 3.3032381534576416 19.154329299926758
10 330.0 20.336963653564453 15.219072341918945 22.662651538848877 3.5149483680725098 19.147703170776367
10 331.0 20.413028717041016 15.356935501098633 22.76363778114319 3.626243829727173 19.137393951416016
10 332.0 20.50263214111328 15.489112854003906 22.877107620239258 3.7844791412353516 19.092628479003906
10 333.0 20.612754821777344 15.594159126281738 22.974098682403564 3.916313648223877 19.057785034179688
10 334.0 20.683059692382812 15.654328346252441 23.035515069961548 3.981151819229126 19.054363250732422
10 335.0 20.795013427734375 15.799951553344727 23.158533573150635 4.093203067779541 19.065330505371094
10 336.0 20.96001434326172 16.00296401977539 23.385334968566895 4.2982587814331055 19.08707618713379
10 337.0 21.13860511779785 16.189090728759766 23.571378707885742 4.535312652587891 19.03606605529785
10 338.0 21.309345245361328 16.369585037231445 23.715986251831055 4.730716705322266 18.98526954650879
10 339.0 21.453153610229492 16.53617286682129 23.899080276489258 4.910564422607422 18.988515853881836
10 340.0 21.546024322509766 16.681188583374023 24.006857872009277 5.033982276916504 18.972875595092773
10 341.0 21.65526580810547 16.828041076660156 24.09818744659424 5.128260612487793 18.969926834106445
10 342.0 21.74588966369629 17.00802993774414 24.15523624420166 5.213103294372559 18.9421329498291
10 343.0 21.886734008789062 17.183515548706055 24.277122974395752 5.331114292144775 18.946008682250977
10 344.0 22.003677368164062 17.32111358642578 24.370413780212402 5.498015403747559 18.872398376464844
10 345.0 22.074752807617188 17.405391693115234 24.439576625823975 5.576690196990967 18.862886428833008
10 346.0 22.20938491821289 17.51995086669922 24.537292957305908 5.6453022956848145 18.891990661621094
10 347.0 22.364978790283203 17.667926788330078 24.649375915527344 5.769323348999023 18.88005256652832
10 348.0 22.530479431152344 17.863309860229492 24.74029016494751 5.899681568145752 18.840608596801758
10 349.0 22.62398338317871 17.979026794433594 24.889105796813965 6.010016441345215 18.87908935546875
10 350.0 22.68132972717285 18.045766830444336 25.025192260742188 6.142791748046875 18.882400512695312
10 351.0 22.742603302001953 18.11469268798828 25.090303897857666 6.2569756507873535 18.833328247070312
10 352.0 22.762954711914062 18.158960342407227 25.15611982345581 6.379117488861084 18.777002334594727
10 353.0 22.72061538696289 18.144102096557617 25.18175745010376 6.430757999420166 18.750999450683594
10 354.0 22.716514587402344 18.183977127075195 25.216174125671387 6.478165626525879 18.738008499145508
10 355.0 22.754234313964844 18.273330688476562 25.2792649269104 6.562313556671143 18.716951370239258
10 356.0 22.858028411865234 18.363527297973633 25.390621662139893 6.70676851272583 18.683853149414062
10 357.0 22.96774673461914 18.428604125976562 25.504467964172363 6.809222221374512 18.69524574279785
10 358.0 23.010517120361328 18.473297119140625 25.54413652420044 6.851114749908447 18.693021774291992
10 359.0 22.976377487182617 18.48084831237793 25.560152530670166 6.9204487800598145 18.63970375061035
10 360.0 22.95186996459961 18.473331451416016 25.627089023590088 7.035887241363525 18.591201782226562
10 361.0 22.895736694335938 18.48192596435547 25.684580326080322 7.112823963165283 18.57175636291504
10 362.0 22.855087280273438 18.513427734375 25.700480937957764 7.171393871307373 18.52908706665039
10 363.0 22.81103515625 18.549022674560547 25.647706031799316 7.242829322814941 18.404876708984375
10 364.0 22.70960235595703 18.540592193603516 25.605542182922363 7.283108711242676 18.322433471679688
10 365.0 22.6561279296875 18.53350830078125 25.616713523864746 7.348971366882324 18.267742156982422
10 366.0 22.640827178955078 18.514522552490234 25.595905303955078 7.455650329589844 18.140254974365234
