0 1.0 22.330875396728516 22.683319091796875 26.548336029052734 8.745319366455078 17.803016662597656
0 2.0 22.230266571044922 22.431468963623047 26.6090087890625 8.871965408325195 17.737043380737305
0 3.0 22.080669403076172 22.219600677490234 26.692009925842285 8.982539176940918 17.709470748901367
0 4.0 21.91922950744629 22.011457443237305 26.68373394012451 9.08781909942627 17.595914840698242
0 5.0 21.77918815612793 21.818885803222656 26.666028022766113 9.204331398010254 17.46169662475586
0 6.0 21.594623565673828 21.604888916015625 26.655741691589355 9.303168296813965 17.35257339477539
0 7.0 21.45459747314453 21.40059471130371 26.62622833251953 9.44997787475586 17.176250457763672
0 8.0 21.328166961669922 21.19487762451172 26.634658813476562 9.579442977905273 17.05521583557129
0 9.0 21.15957260131836 21.03607940673828 26.51183032989502 9.677916526794434 16.833913803100586
0 10.0 20.96084976196289 20.88983917236328 26.36078643798828 9.72083854675293 16.63994789123535
0 11.0 20.727821350097656 20.66158676147461 26.268349647521973 9.787518501281738 16.480831146240234
0 12.0 20.428123474121094 20.379743576049805 26.031536102294922 9.835397720336914 16.196138381958008
0 13.0 20.11644744873047 20.132198333740234 25.80077362060547 9.893494606018066 15.907279014587402
0 14.0 19.888946533203125 19.934782028198242 25.488362312316895 9.957962989807129 15.530399322509766
0 15.0 19.713294982910156 19.763324737548828 25.22920322418213 10.040492057800293 15.188711166381836
0 16.0 19.524839401245117 19.605443954467773 25.09709930419922 10.15968132019043 14.937417984008789
0 17.0 19.29172134399414 19.41806983947754 24.820335388183594 10.258312225341797 14.562023162841797
0 18.0 19.021549224853516 19.238237380981445 24.587032318115234 10.333651542663574 14.25338077545166
0 19.0 18.716751098632812 19.064985275268555 24.200251579284668 10.395125389099121 13.805126190185547
0 20.0 18.396713256835938 18.871826171875 23.81501007080078 10.436445236206055 13.378564834594727
0 21.0 18.077857971191406 18.65815544128418 23.28115749359131 10.4497709274292 12.83138656616211
0 22.0 17.759475708007812 18.436752319335938 22.918219566345215 10.467832565307617 12.450387001037598
0 23.0 17.45169448852539 18.210071563720703 22.573780059814453 10.481532096862793 12.09224796295166
0 24.0 17.176502227783203 18.01622200012207 22.297240257263184 10.538578033447266 11.758662223815918
0 25.0 16.893522262573242 17.79778289794922 21.979211807250977 10.616705894470215 11.362505912780762
0 26.0 16.6556339263916 17.61316680908203 21.59264087677002 10.714073181152344 10.878567695617676
0 27.0 16.45370864868164 17.49774932861328 21.174711227416992 10.768911361694336 10.405799865722656
0 28.0 16.255949020385742 17.37838363647461 20.831796646118164 10.843308448791504 9.98848819732666
0 29.0 16.022655487060547 17.24810218811035 20.464879035949707 10.888181686401367 9.57669734954834
0 30.0 15.775213241577148 17.120384216308594 19.978925704956055 10.949926376342773 9.028999328613281
0 31.0 15.542926788330078 16.98662757873535 19.533361434936523 11.036190032958984 8.497171401977539
0 32.0 15.309089660644531 16.85232162475586 19.06298017501831 11.119795799255371 7.9431843757629395
0 33.0 15.156940460205078 16.779233932495117 18.71266794204712 11.21767807006836 7.49498987197876
0 34.0 15.024810791015625 16.741168975830078 18.449066162109375 11.321084022521973 7.127982139587402
0 35.0 14.831147193908691 16.677364349365234 18.019865036010742 11.399523735046387 6.6203413009643555
0 36.0 14.585391998291016 16.574039459228516 17.50645351409912 11.519890785217285 5.986562728881836
0 37.0 14.3263521194458 16.4536190032959 16.923903942108154 11.58613395690918 5.337769985198975
0 38.0 14.139707565307617 16.39048957824707 16.42715072631836 11.611095428466797 4.8160552978515625
0 39.0 14.017926216125488 16.357816696166992 16.110434532165527 11.705852508544922 4.4045820236206055
0 40.0 13.889299392700195 16.29880714416504 15.792220830917358 11.795852661132812 3.996368169784546
0 41.0 13.762195587158203 16.220226287841797 15.579035520553589 11.89508056640625 3.683954954147339
0 42.0 13.6613130569458 16.213197708129883 15.36289930343628 11.987316131591797 3.3755831718444824
0 43.0 13.646957397460938 16.2453670501709 15.283924579620361 12.1536283493042 3.130296230316162
0 44.0 13.620171546936035 16.291004180908203 15.23171353340149 12.278714179992676 2.9529993534088135
0 45.0 13.604424476623535 16.322790145874023 15.16736626625061 12.418370246887207 2.7489960193634033
0 46.0 13.517338752746582 16.339855194091797 14.969779253005981 12.504364013671875 2.4654152393341064
0 47.0 13.366817474365234 16.313491821289062 14.746145009994507 12.547903060913086 2.198241949081421
0 48.0 13.23416805267334 16.270225524902344 14.53846001625061 12.576022148132324 1.9624378681182861
0 49.0 13.128595352172852 16.250696182250977 14.348599195480347 12.617000579833984 1.7315986156463623
0 50.0 13.066003799438477 16.285564422607422 14.227452635765076 12.652758598327637 1.574694037437439
0 51.0 13.036252975463867 16.352930068969727 14.116126537322998 12.674592971801758 1.4415335655212402
0 52.0 12.984702110290527 16.413599014282227 14.05981171131134 12.70755386352539 1.3522578477859497
0 53.0 12.911688804626465 16.46839714050293 13.962835192680359 12.678923606872559 1.2839115858078003
0 54.0 12.887146949768066 16.52854347229004 13.88694977760315 12.661201477050781 1.2257483005523682
0 55.0 12.928474426269531 16.595659255981445 13.924599528312683 12.776718139648438 1.1478813886642456
0 56.0 12.93521785736084 16.657039642333984 13.898874998092651 12.847683906555176 1.0511910915374756
0 57.0 12.909961700439453 16.710384368896484 13.844099462032318 12.891289710998535 0.952809751033783
0 58.0 12.901334762573242 16.77814483642578 13.823841214179993 12.923267364501953 0.9005738496780396
0 59.0 12.908028602600098 16.857751846313477 13.797591626644135 12.943639755249023 0.8539518713951111
0 60.0 12.91721248626709 16.929950714111328 13.799643218517303 12.985129356384277 0.8145138621330261
0 61.0 12.92021369934082 16.999452590942383 13.797213554382324 13.034478187561035 0.7627353668212891
0 62.0 12.898053169250488 17.07466697692871 13.726437151432037 13.043811798095703 0.6826253533363342
0 63.0 12.904190063476562 17.162324905395508 13.749009907245636 13.104304313659668 0.644705593585968
0 64.0 12.905635833740234 17.24419403076172 13.7435262799263 13.155878067016602 0.5876482129096985
0 65.0 12.902093887329102 17.319238662719727 13.754847645759583 13.197296142578125 0.5575515031814575
0 66.0 12.87727165222168 17.38617706298828 13.703024506568909 13.182944297790527 0.5200802087783813
0 67.0 12.87134838104248 17.451297760009766 13.749824553728104 13.256453514099121 0.49337103962898254
0 68.0 12.909842491149902 17.546958923339844 13.796405136585236 13.332500457763672 0.4639046788215637
0 69.0 12.981218338012695 17.655466079711914 13.79550215601921 13.383166313171387 0.4123358428478241
0 70.0 13.027242660522461 17.764041900634766 13.844679176807404 13.472208976745605 0.3724702000617981
0 71.0 13.050662994384766 17.861595153808594 13.849899530410767 13.503782272338867 0.3461172580718994
0 72.0 13.032835960388184 17.954540252685547 13.82439461350441 13.504802703857422 0.3195919096469879
0 73.0 13.021913528442383 18.047855377197266 13.78051483631134 13.488704681396484 0.29181015491485596
0 74.0 12.999424934387207 18.123947143554688 13.763906806707382 13.491520881652832 0.27238592505455017
0 75.0 12.959826469421387 18.19014549255371 13.777733743190765 13.520038604736328 0.25769513845443726
0 76.0 12.943364143371582 18.270055770874023 13.761996194720268 13.513379096984863 0.24861709773540497
0 77.0 12.964611053466797 18.356708526611328 13.750683471560478 13.51419448852539 0.23648898303508759
0 78.0 13.000906944274902 18.44450569152832 13.806141659617424 13.578761100769043 0.22738055884838104
0 79.0 13.021778106689453 18.552507400512695 13.879334345459938 13.665733337402344 0.2136010080575943
0 80.0 13.087990760803223 18.683303833007812 13.951931565999985 13.749531745910645 0.2023998200893402
0 81.0 13.191624641418457 18.8150577545166 14.014488190412521 13.823930740356445 0.19055745005607605
0 82.0 13.264625549316406 18.962133407592773 14.102073401212692 13.918731689453125 0.18334171175956726
0 83.0 13.287091255187988 19.072771072387695 14.102734997868538 13.926912307739258 0.1758226901292801
0 84.0 13.250059127807617 19.143749237060547 14.111557245254517 13.950028419494629 0.1615288257598877
0 85.0 13.248579978942871 19.2169246673584 14.145418629050255 13.995553016662598 0.14986561238765717
0 86.0 13.220455169677734 19.31342315673828 14.107331231236458 13.966863632202148 0.1404675990343094
0 87.0 13.124978065490723 19.377742767333984 14.010373204946518 13.883896827697754 0.12647637724876404
0 88.0 13.097820281982422 19.462236404418945 13.992055378854275 13.875842094421387 0.11621328443288803
0 89.0 13.088529586791992 19.547704696655273 13.98110168427229 13.865734100341797 0.1153675839304924
0 90.0 13.088356018066406 19.630096435546875 13.981428734958172 13.869414329528809 0.11201440542936325
0 91.0 13.098334312438965 19.698789596557617 13.954350389540195 13.84382152557373 0.110528863966465
0 92.0 13.127237319946289 19.802043914794922 13.986657120287418 13.878853797912598 0.10780332237482071
0 93.0 13.13244915008545 19.90235137939453 13.94392891973257 13.839489936828613 0.10443898290395737
0 94.0 13.098845481872559 19.963756561279297 13.939290516078472 13.836913108825684 0.10237740725278854
0 95.0 13.07946491241455 20.026042938232422 13.939032450318336 13.838700294494629 0.10033215582370758
0 96.0 13.097511291503906 20.11311149597168 13.93490631878376 13.837347030639648 0.09755928814411163
0 97.0 13.151528358459473 20.214468002319336 13.97420246899128 13.876643180847168 0.09755928814411163
0 98.0 13.194247245788574 20.31143569946289 13.98512239009142 13.894125938415527 0.09099645167589188
0 99.0 13.178818702697754 20.3787899017334 13.968634225428104 13.877483367919922 0.09115085750818253
0 100.0 13.137736320495605 20.42681121826172 13.925139479339123 13.834943771362305 0.09019570797681808
0 101.0 13.12355899810791 20.485042572021484 13.924192614853382 13.8317232131958 0.09246940165758133
0 102.0 13.11762523651123 20.561124801635742 13.916233129799366 13.821642875671387 0.09459025412797928
0 103.0 13.099884033203125 20.61583137512207 13.915335401892662 13.825611114501953 0.08972428739070892
0 104.0 13.067116737365723 20.642024993896484 13.91268077492714 13.824907302856445 0.08777347207069397
0 105.0 13.064130783081055 20.691997528076172 13.88729790598154 13.797903060913086 0.08939484506845474
0 106.0 13.07675838470459 20.784698486328125 13.882833898067474 13.793228149414062 0.08960574865341187
0 107.0 13.095769882202148 20.878095626831055 13.91572304815054 13.827430725097656 0.08829232305288315
0 108.0 13.140060424804688 20.98552894592285 13.944152310490608 13.857093811035156 0.08705849945545197
0 109.0 13.225154876708984 21.09766960144043 14.045918174088001 13.958822250366211 0.08709592372179031
0 110.0 13.30951976776123 21.194507598876953 14.165678150951862 14.080347061157227 0.08533108979463577
0 111.0 13.371269226074219 21.29006576538086 14.195985496044159 14.112231254577637 0.08375424146652222
0 112.0 13.397743225097656 21.39016342163086 14.223274201154709 14.144872665405273 0.07840153574943542
0 113.0 13.417104721069336 21.47607421875 14.24402529001236 14.167717933654785 0.07630735635757446
0 114.0 13.432238578796387 21.543704986572266 14.286230981349945 14.212382316589355 0.0738486647605896
0 115.0 13.447352409362793 21.614559173583984 14.303108476102352 14.229755401611328 0.07335307449102402
0 116.0 13.455219268798828 21.657764434814453 14.330870300531387 14.252403259277344 0.07846704125404358
0 117.0 13.470471382141113 21.712732315063477 14.39155450463295 14.308533668518066 0.08302083611488342
0 118.0 13.507791519165039 21.781343460083008 14.478725455701351 14.393120765686035 0.08560469001531601
0 119.0 13.55256175994873 21.885116577148438 14.527187891304493 14.440292358398438 0.08689553290605545
0 120.0 13.58820629119873 21.99102783203125 14.532412983477116 14.441864013671875 0.09054896980524063
0 121.0 13.61623477935791 22.090229034423828 14.532269775867462 14.440489768981934 0.09178000688552856
0 122.0 13.601962089538574 22.16641616821289 14.5224035307765 14.429040908813477 0.09336262196302414
0 123.0 13.575236320495605 22.215381622314453 14.523120619356632 14.429183006286621 0.09393761307001114
0 124.0 13.579444885253906 22.279705047607422 14.540025033056736 14.444974899291992 0.0950501337647438
0 125.0 13.579446792602539 22.342166900634766 14.560864247381687 14.464043617248535 0.09682063013315201
0 126.0 13.583927154541016 22.394447326660156 14.566655665636063 14.473265647888184 0.09339001774787903
0 127.0 13.571609497070312 22.42974090576172 14.565613619983196 14.47101879119873 0.09459482878446579
0 128.0 13.576298713684082 22.50258445739746 14.56668508052826 14.469600677490234 0.0970844030380249
0 129.0 13.592507362365723 22.570571899414062 14.531589202582836 14.435270309448242 0.09631889313459396
0 130.0 13.576719284057617 22.610803604125977 14.537046261131763 14.438322067260742 0.09872419387102127
0 131.0 13.561366081237793 22.658987045288086 14.515461415052414 14.411540985107422 0.10392042994499207
0 132.0 13.5742826461792 22.749340057373047 14.52517682313919 14.411750793457031 0.11342602968215942
0 133.0 13.592029571533203 22.836490631103516 14.540028035640717 14.410502433776855 0.12952560186386108
0 134.0 13.617398262023926 22.924436569213867 14.53705021739006 14.400327682495117 0.13672253489494324
0 135.0 13.631863594055176 22.989652633666992 14.586283951997757 14.433769226074219 0.1525147259235382
0 136.0 13.65373420715332 23.047199249267578 14.627327978610992 14.45504379272461 0.17228418588638306
0 137.0 13.649859428405762 23.091995239257812 14.628293186426163 14.444255828857422 0.18403735756874084
0 138.0 13.618136405944824 23.15056610107422 14.579895660281181 14.368609428405762 0.21128623187541962
0 139.0 13.609820365905762 23.216318130493164 14.60507057607174 14.364853858947754 0.2402167171239853
0 140.0 13.624361038208008 23.277952194213867 14.619263082742691 14.346803665161133 0.2724594175815582
0 141.0 13.632767677307129 23.342208862304688 14.610093176364899 14.315081596374512 0.29501157999038696
0 142.0 13.630159378051758 23.40375328063965 14.60828024148941 14.29741382598877 0.31086641550064087
0 143.0 13.642820358276367 23.448970794677734 14.627238005399704 14.295270919799805 0.3319670855998993
0 144.0 13.641471862792969 23.48971939086914 14.643226027488708 14.28963851928711 0.3535875082015991
0 145.0 13.627279281616211 23.53563117980957 14.637802332639694 14.263945579528809 0.3738567531108856
0 146.0 13.633096694946289 23.588903427124023 14.619641333818436 14.22645378112793 0.393187552690506
0 147.0 13.64832878112793 23.62969207763672 14.615897446870804 14.2130126953125 0.40288475155830383
0 148.0 13.65628433227539 23.668277740478516 14.617678791284561 14.197550773620605 0.4201280176639557
0 149.0 13.651100158691406 23.725139617919922 14.610672384500504 14.178169250488281 0.4325031340122223
0 150.0 13.649726867675781 23.768957138061523 14.62342944741249 14.181456565856934 0.44197288155555725
0 151.0 13.660239219665527 23.808521270751953 14.64572075009346 14.177297592163086 0.46842315793037415
0 152.0 13.66592025756836 23.849802017211914 14.667574226856232 14.154452323913574 0.5131219029426575
0 153.0 13.661965370178223 23.899105072021484 14.663040518760681 14.117071151733398 0.5459693670272827
0 154.0 13.647808074951172 23.948694229125977 14.648719847202301 14.073994636535645 0.5747252106666565
0 155.0 13.631793022155762 23.976449966430664 14.630463540554047 14.02017879486084 0.6102847456932068
0 156.0 13.6412935256958 24.004289627075195 14.663576126098633 14.018157958984375 0.6454181671142578
0 157.0 13.671826362609863 24.049489974975586 14.70882761478424 14.038684844970703 0.6701427698135376
0 158.0 13.681057929992676 24.08026885986328 14.723493039608002 14.019725799560547 0.7037672400474548
0 159.0 13.687639236450195 24.115692138671875 14.728736281394958 13.989164352416992 0.7395719289779663
0 160.0 13.678938865661621 24.11585807800293 14.732527554035187 13.95644760131836 0.7760799527168274
0 161.0 13.677423477172852 24.128875732421875 14.731044948101044 13.902653694152832 0.8283912539482117
0 162.0 13.685879707336426 24.16230583190918 14.733284592628479 13.873625755310059 0.8596588373184204
0 163.0 13.689087867736816 24.210302352905273 14.751449286937714 13.856707572937012 0.8947417140007019
0 164.0 13.691468238830566 24.261463165283203 14.766629219055176 13.823234558105469 0.943394660949707
0 165.0 13.690462112426758 24.315670013427734 14.763555645942688 13.759004592895508 1.0045510530471802
0 166.0 13.687703132629395 24.36285972595215 14.795268058776855 13.716120719909668 1.0791473388671875
0 167.0 13.688104629516602 24.396827697753906 14.848155617713928 13.70862102508545 1.139534592628479
0 168.0 13.673846244812012 24.431604385375977 14.846872091293335 13.665582656860352 1.1812894344329834
0 169.0 13.677827835083008 24.484399795532227 14.818014740943909 13.609424591064453 1.2085901498794556
0 170.0 13.674849510192871 24.520687103271484 14.805386662483215 13.575247764587402 1.230138897895813
0 171.0 13.664648056030273 24.55528450012207 14.799488425254822 13.543729782104492 1.2557586431503296
0 172.0 13.62734317779541 24.565481185913086 14.780919790267944 13.479641914367676 1.3012778759002686
0 173.0 13.617341995239258 24.579057693481445 14.820008039474487 13.411866188049316 1.408141851425171
0 174.0 13.636651992797852 24.600488662719727 14.807543754577637 13.325431823730469 1.482111930847168
0 175.0 13.601841926574707 24.59271812438965 14.771637678146362 13.253758430480957 1.5178792476654053
0 176.0 13.595215797424316 24.576061248779297 14.743897199630737 13.180848121643066 1.563049077987671
0 177.0 13.59682559967041 24.55303382873535 14.76176917552948 13.120269775390625 1.641499400138855
0 178.0 13.627344131469727 24.55251121520996 14.843159198760986 13.101075172424316 1.74208402633667
0 179.0 13.662967681884766 24.546497344970703 14.94109570980072 13.113405227661133 1.8276904821395874
0 180.0 13.666280746459961 24.49278450012207 14.995891809463501 13.105664253234863 1.8902275562286377
0 181.0 13.630746841430664 24.430095672607422 14.99876606464386 13.069083213806152 1.9296828508377075
0 182.0 13.596996307373047 24.381471633911133 14.9966299533844 13.030900001525879 1.9657299518585205
0 183.0 13.584619522094727 24.329627990722656 15.020789861679077 12.983898162841797 2.0368916988372803
0 184.0 13.588398933410645 24.298391342163086 15.065451860427856 12.940882682800293 2.1245691776275635
0 185.0 13.608333587646484 24.308433532714844 15.124830722808838 12.908940315246582 2.215890407562256
0 186.0 13.64317512512207 24.322725296020508 15.127897500991821 12.861364364624023 2.266533136367798
0 187.0 13.657312393188477 24.29757308959961 15.17270302772522 12.804008483886719 2.368694543838501
0 188.0 13.656591415405273 24.26188850402832 15.190054655075073 12.73806095123291 2.451993703842163
0 189.0 13.667186737060547 24.25794792175293 15.212500095367432 12.663368225097656 2.5491318702697754
0 190.0 13.691944122314453 24.25510597229004 15.280648946762085 12.587684631347656 2.6929643154144287
0 191.0 13.706338882446289 24.25649642944336 15.319231510162354 12.505807876586914 2.8134236335754395
0 192.0 13.703619956970215 24.25982093811035 15.35050654411316 12.450040817260742 2.900465726852417
0 193.0 13.666115760803223 24.24238395690918 15.297367811203003 12.343876838684082 2.953490972518921
0 194.0 13.672162055969238 24.221664428710938 15.350147008895874 12.277806282043457 3.072340726852417
0 195.0 13.701003074645996 24.185626983642578 15.398317575454712 12.21507453918457 3.1832430362701416
0 196.0 13.729734420776367 24.145681381225586 15.437089681625366 12.1588716506958 3.2782180309295654
0 197.0 13.734817504882812 24.103527069091797 15.4490385055542 12.107208251953125 3.341830253601074
0 198.0 13.739786148071289 24.056325912475586 15.484006404876709 12.076523780822754 3.407482624053955
0 199.0 13.763711929321289 24.015369415283203 15.53611445426941 12.005971908569336 3.5301425457000732
0 200.0 13.766791343688965 23.990806579589844 15.574849843978882 11.95944881439209 3.615401029586792
0 201.0 13.784710884094238 23.966949462890625 15.616089582443237 11.913050651550293 3.7030389308929443
0 202.0 13.788412094116211 23.93503189086914 15.691392421722412 11.85511302947998 3.8362793922424316
0 203.0 13.840306282043457 23.904569625854492 15.710503339767456 11.754150390625 3.956352949142456
0 204.0 13.883606910705566 23.882112503051758 15.771769523620605 11.691975593566895 4.079793930053711
0 205.0 13.923213958740234 23.847192764282227 15.790146350860596 11.60617446899414 4.183971881866455
0 206.0 13.981095314025879 23.803197860717773 15.810877799987793 11.519573211669922 4.291304588317871
0 207.0 13.99755573272705 23.740129470825195 15.859836101531982 11.44686222076416 4.412973880767822
0 208.0 14.007879257202148 23.652755737304688 15.932488918304443 11.402129173278809 4.530359745025635
0 209.0 14.012378692626953 23.542537689208984 15.984365463256836 11.347551345825195 4.636814117431641
0 210.0 13.998558044433594 23.43900489807129 15.973082065582275 11.218428611755371 4.754653453826904
0 211.0 14.014045715332031 23.35265350341797 15.96370267868042 11.105870246887207 4.857832431793213
0 212.0 14.02017593383789 23.259504318237305 15.94634199142456 11.017895698547363 4.928446292877197
0 213.0 14.001485824584961 23.174436569213867 15.93732500076294 10.941295623779297 4.996029376983643
0 214.0 13.993529319763184 23.06817054748535 15.964455604553223 10.888213157653809 5.076242446899414
0 215.0 13.97323989868164 22.90941047668457 16.022786140441895 10.846136093139648 5.176650047302246
0 216.0 13.990381240844727 22.76156997680664 16.063058376312256 10.782339096069336 5.28071928024292
0 217.0 14.0035982131958 22.574888229370117 16.090243816375732 10.708433151245117 5.381810665130615
0 218.0 14.044038772583008 22.38741683959961 16.131410598754883 10.647216796875 5.484193801879883
0 219.0 14.122962951660156 22.239904403686523 16.237910270690918 10.579205513000488 5.65870475769043
0 220.0 14.212230682373047 22.079599380493164 16.3417911529541 10.514813423156738 5.826977729797363
0 221.0 14.315399169921875 21.89116668701172 16.45676279067993 10.455460548400879 6.001302242279053
0 222.0 14.37117862701416 21.704137802124023 16.538829803466797 10.377741813659668 6.161087989807129
0 223.0 14.453307151794434 21.515586853027344 16.653719902038574 10.288661003112793 6.365058898925781
0 224.0 14.501444816589355 21.308801651000977 16.741106510162354 10.177431106567383 6.563675403594971
0 225.0 14.516019821166992 21.092498779296875 16.71888494491577 10.081705093383789 6.637179851531982
0 226.0 14.512645721435547 20.851314544677734 16.769769191741943 9.997143745422363 6.77262544631958
0 227.0 14.504657745361328 20.597333908081055 16.812870502471924 9.913689613342285 6.899180889129639
0 228.0 14.558940887451172 20.337474822998047 16.926915645599365 9.830657005310059 7.096258640289307
0 229.0 14.628829956054688 20.072959899902344 17.070468425750732 9.752243041992188 7.318225383758545
0 230.0 14.68362045288086 19.779268264770508 17.1724271774292 9.679561614990234 7.492865562438965
0 231.0 14.76430892944336 19.469390869140625 17.27182388305664 9.595135688781738 7.676688194274902
0 232.0 14.849122047424316 19.176105499267578 17.328911304473877 9.518209457397461 7.810701847076416
0 233.0 14.926960945129395 18.915908813476562 17.39781427383423 9.435135841369629 7.9626784324646
0 234.0 15.013717651367188 18.67554473876953 17.482580184936523 9.333443641662598 8.149136543273926
0 235.0 15.035134315490723 18.411771774291992 17.484426498413086 9.207746505737305 8.276679992675781
0 236.0 15.0345458984375 18.12128257751465 17.465149879455566 9.041810035705566 8.42333984375
0 237.0 15.088109970092773 17.838876724243164 17.49219799041748 8.903620719909668 8.588577270507812
0 238.0 15.17807674407959 17.58296012878418 17.49605655670166 8.752541542053223 8.743515014648438
0 239.0 15.241928100585938 17.320575714111328 17.554553985595703 8.622614860534668 8.931939125061035
0 240.0 15.28251838684082 17.022985458374023 17.64328384399414 8.522504806518555 9.120779037475586
0 241.0 15.275543212890625 16.702903747558594 17.645756721496582 8.415800094604492 9.22995662689209
0 242.0 15.264232635498047 16.385555267333984 17.618098258972168 8.300882339477539 9.317215919494629
0 243.0 15.303778648376465 16.09210968017578 17.667304039001465 8.198922157287598 9.468381881713867
0 244.0 15.330480575561523 15.821065902709961 17.734246253967285 8.105192184448242 9.629054069519043
0 245.0 15.340279579162598 15.550251960754395 17.818331718444824 8.029451370239258 9.788880348205566
0 246.0 15.349617004394531 15.244060516357422 17.881248950958252 7.955970287322998 9.925278663635254
0 247.0 15.354429244995117 14.933305740356445 17.98249101638794 7.890260219573975 10.092230796813965
0 248.0 15.34477424621582 14.66833209991455 18.008569717407227 7.829791069030762 10.178778648376465
0 249.0 15.308115005493164 14.404876708984375 18.083176612854004 7.773301124572754 10.30987548828125
0 250.0 15.299348831176758 14.123623847961426 18.128851890563965 7.707737922668457 10.421113967895508
0 251.0 15.283617973327637 13.859038352966309 18.205008029937744 7.6464619636535645 10.55854606628418
0 252.0 15.219672203063965 13.581161499023438 18.242557048797607 7.569493770599365 10.673063278198242
0 253.0 15.177048683166504 13.303094863891602 18.320934772491455 7.473702907562256 10.8472318649292
0 254.0 15.172201156616211 13.054560661315918 18.434754848480225 7.399272441864014 11.035482406616211
0 255.0 15.174951553344727 12.826211929321289 18.480032444000244 7.310322284698486 11.169710159301758
0 256.0 15.180366516113281 12.605093002319336 18.44151735305786 7.195894718170166 11.245622634887695
0 257.0 15.142339706420898 12.357418060302734 18.526732921600342 7.0995192527771 11.427213668823242
0 258.0 15.157281875610352 12.155502319335938 18.59804677963257 6.998166561126709 11.59988021850586
0 259.0 15.220170974731445 11.965800285339355 18.725369930267334 6.909090518951416 11.816279411315918
0 260.0 15.283597946166992 11.779237747192383 18.84903907775879 6.822902679443359 12.02613639831543
0 261.0 15.338775634765625 11.584770202636719 18.93626308441162 6.723986625671387 12.212276458740234
0 262.0 15.406187057495117 11.408233642578125 18.976862907409668 6.610021591186523 12.366841316223145
0 263.0 15.501850128173828 11.264644622802734 19.039462566375732 6.460567951202393 12.57889461517334
0 264.0 15.51672649383545 11.128730773925781 19.053987503051758 6.3321685791015625 12.721818923950195
0 265.0 15.44895076751709 11.003149032592773 18.99414825439453 6.154960632324219 12.839187622070312
0 266.0 15.433521270751953 10.866035461425781 18.94404363632202 5.998953342437744 12.945090293884277
0 267.0 15.43875789642334 10.74237060546875 18.966039657592773 5.826058387756348 13.139981269836426
0 268.0 15.525301933288574 10.628754615783691 19.03668975830078 5.699140548706055 13.337549209594727
0 269.0 15.622440338134766 10.564254760742188 19.093236446380615 5.561873912811279 13.531362533569336
0 270.0 15.635844230651855 10.485625267028809 19.080721378326416 5.4058918952941895 13.674829483032227
0 271.0 15.613017082214355 10.405076026916504 19.11771059036255 5.284398555755615 13.833312034606934
0 272.0 15.624664306640625 10.351840019226074 19.157336235046387 5.169206619262695 13.988129615783691
0 273.0 15.655241012573242 10.272472381591797 19.23042058944702 5.0762505531311035 14.154170036315918
0 274.0 15.713114738464355 10.205520629882812 19.19869327545166 4.902409553527832 14.296283721923828
0 275.0 15.752079010009766 10.122335433959961 19.066158771514893 4.6399102210998535 14.426248550415039
0 276.0 15.755183219909668 10.07230281829834 18.96048927307129 4.396737098693848 14.563752174377441
0 277.0 15.774689674377441 10.043353080749512 18.8568696975708 4.203788757324219 14.653080940246582
0 278.0 15.828615188598633 10.04211139678955 18.8281192779541 4.078368186950684 14.749751091003418
0 279.0 15.80471134185791 10.041950225830078 18.784323930740356 3.9593231678009033 14.825000762939453
0 280.0 15.734526634216309 10.014636993408203 18.702895879745483 3.8110053539276123 14.891890525817871
0 281.0 15.698376655578613 9.985130310058594 18.643550157546997 3.6534903049468994 14.990059852600098
0 282.0 15.62828254699707 9.942575454711914 18.547089338302612 3.5009028911590576 15.046186447143555
0 283.0 15.560976028442383 9.862544059753418 18.44347310066223 3.3598806858062744 15.083592414855957
0 284.0 15.55325984954834 9.791634559631348 18.39055895805359 3.23335337638855 15.157205581665039
0 285.0 15.6556396484375 9.780789375305176 18.450390815734863 3.1535520553588867 15.296838760375977
0 286.0 15.804415702819824 9.813239097595215 18.567529678344727 3.1039819717407227 15.463547706604004
0 287.0 15.868753433227539 9.842657089233398 18.602290868759155 3.061213254928589 15.541077613830566
0 288.0 15.925273895263672 9.886218070983887 18.66362190246582 3.001662254333496 15.661959648132324
0 289.0 15.998976707458496 9.947234153747559 18.721694946289062 2.954061508178711 15.767633438110352
0 290.0 16.05635643005371 9.97271728515625 18.83241868019104 2.919090509414673 15.913328170776367
0 291.0 16.110111236572266 10.006217956542969 18.866721630096436 2.87257719039917 15.994144439697266
0 292.0 16.173446655273438 10.052177429199219 18.941503763198853 2.8227102756500244 16.118793487548828
0 293.0 16.230653762817383 10.106953620910645 18.991951942443848 2.765974998474121 16.225976943969727
0 294.0 16.25016212463379 10.1507568359375 19.00890016555786 2.668369770050049 16.340530395507812
0 295.0 16.292861938476562 10.175250053405762 18.998764514923096 2.5744729042053223 16.424291610717773
0 296.0 16.369609832763672 10.202430725097656 19.061113834381104 2.5182900428771973 16.542823791503906
0 297.0 16.418006896972656 10.25491714477539 19.10413384437561 2.435051202774048 16.669082641601562
0 298.0 16.471237182617188 10.30201244354248 19.154980421066284 2.412693738937378 16.742286682128906
0 299.0 16.507701873779297 10.359113693237305 19.233148097991943 2.388101100921631 16.845046997070312
0 300.0 16.571489334106445 10.418539047241211 19.279526472091675 2.3639590740203857 16.91556739807129
0 301.0 16.627553939819336 10.472047805786133 19.299999237060547 2.308900833129883 16.991098403930664
0 302.0 16.7772274017334 10.5495023727417 19.392743349075317 2.2798550128936768 17.11288833618164
0 303.0 16.92648696899414 10.648197174072266 19.470998287200928 2.225635051727295 17.245363235473633
0 304.0 17.00718116760254 10.706061363220215 19.57589888572693 2.1931092739105225 17.382789611816406
0 305.0 17.066749572753906 10.744446754455566 19.646785974502563 2.157989740371704 17.48879623413086
0 306.0 17.081579208374023 10.794286727905273 19.641336679458618 2.1097891330718994 17.53154754638672
0 307.0 17.16251564025879 10.84411334991455 19.767830848693848 2.0646543502807617 17.703176498413086
0 308.0 17.252239227294922 10.898116111755371 19.795185089111328 2.0538597106933594 17.74132537841797
0 309.0 17.290651321411133 10.94814682006836 19.858120441436768 2.0503411293029785 17.80777931213379
0 310.0 17.29962921142578 10.972137451171875 19.92820954322815 2.01894211769104 17.90926742553711
0 311.0 17.25570297241211 10.9740571975708 19.889235496520996 2.007052421569824 17.882183074951172
0 312.0 17.233924865722656 10.984729766845703 19.87210750579834 1.993241310119629 17.87886619567871
0 313.0 17.257671356201172 11.044994354248047 19.91919195652008 1.9744383096694946 17.944753646850586
0 314.0 17.304378509521484 11.136415481567383 19.91745436191559 1.9573312997817993 17.96012306213379
0 315.0 17.33714485168457 11.216266632080078 19.874561429023743 1.9506970643997192 17.923864364624023
0 316.0 17.306129455566406 11.260948181152344 19.836917638778687 1.9372384548187256 17.89967918395996
0 317.0 17.294017791748047 11.331208229064941 19.788331747055054 1.9069783687591553 17.8813533782959
0 318.0 17.33159637451172 11.402607917785645 19.87387704849243 1.8757729530334473 17.998104095458984
0 319.0 17.352230072021484 11.482122421264648 19.880977153778076 1.8488879203796387 18.032089233398438
0 320.0 17.36707878112793 11.590362548828125 19.822721123695374 1.823144555091858 17.999576568603516
0 321.0 17.371938705444336 11.673617362976074 19.856589198112488 1.8051422834396362 18.05144691467285
0 322.0 17.390518188476562 11.767341613769531 19.825769662857056 1.8088762760162354 18.01689338684082
0 323.0 17.492639541625977 11.898225784301758 19.885305285453796 1.8460272550582886 18.039278030395508
0 324.0 17.56048011779785 12.042502403259277 19.921645045280457 1.8976773023605347 18.023967742919922
0 325.0 17.62520980834961 12.153007507324219 19.96380639076233 1.9323275089263916 18.031478881835938
0 326.0 17.769750595092773 12.302206993103027 19.996455550193787 1.963828444480896 18.03262710571289
0 327.0 17.95903778076172 12.4681396484375 20.110958099365234 2.038583755493164 18.07237434387207
0 328.0 18.154560089111328 12.657876014709473 20.21019697189331 2.113431453704834 18.096765518188477
0 329.0 18.302291870117188 12.842179298400879 20.286818981170654 2.2283263206481934 18.05849266052246
0 330.0 18.47728729248047 13.02577018737793 20.515465259552002 2.398594379425049 18.116870880126953
0 331.0 18.679195404052734 13.18510627746582 20.80934739112854 2.604931116104126 18.204416275024414
0 332.0 18.904338836669922 13.364781379699707 21.081883430480957 2.8412084579467773 18.24067497253418
0 333.0 19.090620040893555 13.535512924194336 21.2982280254364 2.9737613201141357 18.324466705322266
0 334.0 19.251020431518555 13.703803062438965 21.429264307022095 3.1498281955718994 18.279436111450195
0 335.0 19.398405075073242 13.86281967163086 21.551273584365845 3.2857325077056885 18.265541076660156
0 336.0 19.424169540405273 13.941532135009766 21.63949704170227 3.362393617630005 18.277103424072266
0 337.0 19.412851333618164 14.019485473632812 21.7002215385437 3.3965601921081543 18.303661346435547
0 338.0 19.450641632080078 14.086688995361328 21.764708042144775 3.4439949989318848 18.32071304321289
0 339.0 19.497636795043945 14.16380500793457 21.740124702453613 3.4932355880737305 18.246889114379883
0 340.0 19.622337341308594 14.27578067779541 21.797728776931763 3.5861809253692627 18.2115478515625
0 341.0 19.83803939819336 14.414083480834961 22.01113510131836 3.7541141510009766 18.257020950317383
0 342.0 20.043161392211914 14.551366806030273 22.146528720855713 3.9377408027648926 18.20878791809082
0 343.0 20.238784790039062 14.684578895568848 22.290791034698486 4.073273181915283 18.217517852783203
0 344.0 20.441452026367188 14.816751480102539 22.535823822021484 4.259714126586914 18.27610969543457
0 345.0 20.621932983398438 14.932781219482422 22.824706077575684 4.510834693908691 18.313871383666992
0 346.0 20.700557708740234 15.022758483886719 22.919930934906006 4.5893778800964355 18.33055305480957
0 347.0 20.74659538269043 15.103995323181152 22.940882682800293 4.630795478820801 18.310087203979492
0 348.0 20.83287811279297 15.217103004455566 23.07432222366333 4.752821445465088 18.321500778198242
0 349.0 20.884414672851562 15.29217529296875 23.198948860168457 4.917387962341309 18.28156089782715
0 350.0 20.977903366088867 15.370617866516113 23.376266479492188 5.136016845703125 18.240249633789062
0 351.0 21.104677200317383 15.4403657913208 23.56162691116333 5.377586841583252 18.184040069580078
0 352.0 21.238393783569336 15.526344299316406 23.656317234039307 5.568823337554932 18.087493896484375
0 353.0 21.388835906982422 15.612380027770996 23.848392963409424 5.733505725860596 18.114887237548828
0 354.0 21.51253890991211 15.684907913208008 24.032936573028564 5.887125492095947 18.145811080932617
0 355.0 21.63284683227539 15.765295028686523 24.159859657287598 6.025397300720215 18.134462356567383
0 356.0 21.76702117919922 15.852120399475098 24.335005283355713 6.213324069976807 18.121681213378906
0 357.0 21.887487411499023 15.913032531738281 24.488787174224854 6.400801181793213 18.08798599243164
0 358.0 22.076189041137695 16.03778839111328 24.74420404434204 6.648403644561768 18.095800399780273
0 359.0 22.320220947265625 16.187026977539062 24.996639728546143 6.936163425445557 18.060476303100586
0 360.0 22.52556037902832 16.297470092773438 25.20932149887085 7.194814205169678 18.014507293701172
0 361.0 22.68467903137207 16.38568687438965 25.3947491645813 7.431774616241455 17.962974548339844
0 362.0 22.797534942626953 16.4539794921875 25.522873878479004 7.613873481750488 17.909000396728516
0 363.0 22.821683883666992 16.505863189697266 25.59138011932373 7.733853340148926 17.857526779174805
0 364.0 22.78413963317871 16.516347885131836 25.613126754760742 7.844968795776367 17.768157958984375
0 365.0 22.818668365478516 16.522323608398438 25.729877948760986 7.979809284210205 17.75006866455078
0 366.0 22.889854431152344 16.59561538696289 25.79324436187744 8.105786323547363 17.687458038330078
1 1.0 22.334369659423828 22.694576263427734 26.54990863800049 8.751185417175293 17.798723220825195
1 2.0 22.225154876708984 22.432403564453125 26.588558197021484 8.860540390014648 17.728017807006836
1 3.0 22.064205169677734 22.213123321533203 26.686928749084473 8.988436698913574 17.6984920501709
1 4.0 21.918231964111328 22.002164840698242 26.65778350830078 9.100040435791016 17.557743072509766
1 5.0 21.793041229248047 21.819326400756836 26.667016983032227 9.220508575439453 17.446508407592773
1 6.0 21.594730377197266 21.602153778076172 26.59165096282959 9.31258487701416 17.27906608581543
1 7.0 21.373159408569336 21.359695434570312 26.55946922302246 9.397712707519531 17.16175651550293
1 8.0 21.203895568847656 21.151165008544922 26.50795078277588 9.512076377868652 16.995874404907227
1 9.0 21.057071685791016 20.997879028320312 26.408248901367188 9.60097885131836 16.807270050048828
1 10.0 20.8232421875 20.831867218017578 26.23386859893799 9.656067848205566 16.577800750732422
1 11.0 20.568374633789062 20.612384796142578 26.034302711486816 9.710976600646973 16.323326110839844
1 12.0 20.319992065429688 20.42620849609375 25.729578971862793 9.77429485321045 15.955284118652344
1 13.0 20.072128295898438 20.206417083740234 25.4818115234375 9.88560676574707 15.59620475769043
1 14.0 19.858835220336914 19.970539093017578 25.314258575439453 10.007184982299805 15.307073593139648
1 15.0 19.671096801757812 19.75878143310547 25.151264190673828 10.143706321716309 15.00755786895752
1 16.0 19.50988006591797 19.564165115356445 24.970335960388184 10.259241104125977 14.711094856262207
1 17.0 19.310951232910156 19.404850006103516 24.856907844543457 10.360949516296387 14.49595832824707
1 18.0 19.032026290893555 19.218502044677734 24.598307609558105 10.408546447753906 14.1897611618042
1 19.0 18.720691680908203 18.98488998413086 24.32548713684082 10.476054191589355 13.849432945251465
1 20.0 18.426292419433594 18.787479400634766 23.960426330566406 10.501042366027832 13.459383964538574
1 21.0 18.10793685913086 18.59358787536621 23.507612228393555 10.501691818237305 13.00592041015625
1 22.0 17.784944534301758 18.377782821655273 22.97209072113037 10.544548034667969 12.427542686462402
1 23.0 17.501358032226562 18.176902770996094 22.54097557067871 10.626251220703125 11.914724349975586
1 24.0 17.274091720581055 18.012310028076172 22.103181838989258 10.70169734954834 11.401484489440918
1 25.0 17.00426483154297 17.85137367248535 21.734617233276367 10.787467956542969 10.947149276733398
1 26.0 16.74895477294922 17.72671127319336 21.307307243347168 10.835582733154297 10.471724510192871
1 27.0 16.543230056762695 17.663516998291016 20.916767120361328 10.907719612121582 10.009047508239746
1 28.0 16.336315155029297 17.573715209960938 20.476125717163086 10.978317260742188 9.497808456420898
1 29.0 16.09274673461914 17.435562133789062 20.120718002319336 11.041388511657715 9.079329490661621
1 30.0 15.821958541870117 17.298744201660156 19.65407943725586 11.090109825134277 8.563969612121582
1 31.0 15.566431045532227 17.17918586730957 19.1392765045166 11.122035026550293 8.017241477966309
1 32.0 15.319306373596191 17.084228515625 18.715837001800537 11.149266242980957 7.56657075881958
1 33.0 15.080537796020508 16.994674682617188 18.348912239074707 11.180449485778809 7.168462753295898
1 34.0 14.840248107910156 16.878463745117188 17.99218988418579 11.21613883972168 6.776051044464111
1 35.0 14.592730522155762 16.757490158081055 17.602797985076904 11.288451194763184 6.314346790313721
1 36.0 14.365766525268555 16.690645217895508 17.01097345352173 11.319278717041016 5.691694736480713
1 37.0 14.169326782226562 16.62566375732422 16.526938915252686 11.41191577911377 5.115023136138916
1 38.0 14.038825988769531 16.591516494750977 16.210020065307617 11.508520126342773 4.701499938964844
1 39.0 13.87645435333252 16.523038864135742 15.879764556884766 11.592277526855469 4.287487030029297
1 40.0 13.712100982666016 16.427204132080078 15.65779733657837 11.648259162902832 4.009538173675537
1 41.0 13.629274368286133 16.36989402770996 15.560079574584961 11.750312805175781 3.8097667694091797
1 42.0 13.664994239807129 16.413543701171875 15.496076107025146 11.905838966369629 3.5902371406555176
1 43.0 13.691936492919922 16.50587272644043 15.34839940071106 12.04776382446289 3.300635576248169
1 44.0 13.67049503326416 16.566627502441406 15.189149618148804 12.16196060180664 3.027189016342163
1 45.0 13.645158767700195 16.634489059448242 15.049529552459717 12.26011848449707 2.7894110679626465
1 46.0 13.613776206970215 16.692489624023438 14.942805290222168 12.33044147491455 2.612363815307617
1 47.0 13.619075775146484 16.768774032592773 14.835034370422363 12.414474487304688 2.420559883117676
1 48.0 13.561765670776367 16.82752227783203 14.695160627365112 12.52253246307373 2.172628164291382
1 49.0 13.48006820678711 16.88382339477539 14.525219202041626 12.555109024047852 1.9701101779937744
1 50.0 13.450254440307617 16.949703216552734 14.431856393814087 12.62300968170166 1.8088467121124268
1 51.0 13.463813781738281 17.02431297302246 14.394076228141785 12.733823776245117 1.6602524518966675
1 52.0 13.463335990905762 17.083065032958984 14.351359248161316 12.82939624786377 1.5219630002975464
1 53.0 13.43993091583252 17.137889862060547 14.360818266868591 12.921581268310547 1.4392369985580444
1 54.0 13.397523880004883 17.196617126464844 14.329330682754517 12.97773265838623 1.3515980243682861
1 55.0 13.34692096710205 17.257671356201172 14.305761933326721 12.995508193969727 1.3102537393569946
1 56.0 13.351750373840332 17.31582260131836 14.301323056221008 13.047481536865234 1.253841519355774
1 57.0 13.30842113494873 17.346019744873047 14.288087368011475 13.092970848083496 1.1951165199279785
1 58.0 13.28443431854248 17.429672241210938 14.285874485969543 13.158985137939453 1.1268893480300903
1 59.0 13.232751846313477 17.517892837524414 14.236056804656982 13.177474975585938 1.058581829071045
1 60.0 13.147862434387207 17.568035125732422 14.172775685787201 13.188523292541504 0.984252393245697
1 61.0 13.113137245178223 17.642837524414062 14.114710211753845 13.171223640441895 0.9434865713119507
1 62.0 13.088894844055176 17.72281265258789 14.065302312374115 13.170068740844727 0.8952335715293884
1 63.0 13.073684692382812 17.806604385375977 14.02536392211914 13.173129081726074 0.8522348403930664
1 64.0 13.04864501953125 17.880260467529297 14.039078056812286 13.25090503692627 0.7881730198860168
1 65.0 13.031532287597656 17.9473819732666 14.007957577705383 13.262792587280273 0.7451649904251099
1 66.0 12.985201835632324 18.004959106445312 13.933507859706879 13.245346069335938 0.6881617903709412
1 67.0 12.943144798278809 18.070938110351562 13.877524435520172 13.234338760375977 0.6431856751441956
1 68.0 12.907144546508789 18.13896369934082 13.822684228420258 13.208273887634277 0.6144103407859802
1 69.0 12.901228904724121 18.220874786376953 13.769056618213654 13.205734252929688 0.5633223652839661
1 70.0 12.881607055664062 18.28236198425293 13.736784934997559 13.213132858276367 0.5236520767211914
1 71.0 12.837831497192383 18.349306106567383 13.678639620542526 13.195408821105957 0.4832307994365692
1 72.0 12.84930419921875 18.448631286621094 13.613479137420654 13.169121742248535 0.44435739517211914
1 73.0 12.802000045776367 18.50458526611328 13.576095670461655 13.190918922424316 0.38517674803733826
1 74.0 12.769018173217773 18.562379837036133 13.521089136600494 13.175071716308594 0.34601742029190063
1 75.0 12.751151084899902 18.622732162475586 13.49088230729103 13.179937362670898 0.31094494462013245
1 76.0 12.741342544555664 18.676315307617188 13.481557339429855 13.190324783325195 0.29123255610466003
1 77.0 12.74863338470459 18.778501510620117 13.487040787935257 13.213911056518555 0.27312973141670227
1 78.0 12.790939331054688 18.878150939941406 13.518636643886566 13.248194694519043 0.2704419493675232
1 79.0 12.860336303710938 18.96978759765625 13.573372513055801 13.31555461883545 0.2578178942203522
1 80.0 12.891800880432129 19.028684616088867 13.623826935887337 13.382368087768555 0.24145884811878204
1 81.0 12.949724197387695 19.14630699157715 13.698451936244965 13.469802856445312 0.2286490797996521
1 82.0 13.021342277526855 19.292139053344727 13.776137217879295 13.555062294006348 0.2210749238729477
1 83.0 13.03959846496582 19.418441772460938 13.797053188085556 13.590147018432617 0.20690616965293884
1 84.0 12.998061180114746 19.47937774658203 13.797668263316154 13.59511947631836 0.2025487869977951
1 85.0 12.981463432312012 19.530719757080078 13.801339104771614 13.600284576416016 0.20105452835559845
1 86.0 13.011181831359863 19.629230499267578 13.781397357583046 13.584709167480469 0.1966881901025772
1 87.0 13.022809028625488 19.710668563842773 13.783761203289032 13.591870307922363 0.1918908953666687
1 88.0 13.066762924194336 19.79225730895996 13.80646812915802 13.622846603393555 0.18362152576446533
1 89.0 13.110607147216797 19.879310607910156 13.86453640460968 13.68505859375 0.17947781085968018
1 90.0 13.157706260681152 20.000139236450195 13.906945019960403 13.73989200592041 0.1670530140399933
1 91.0 13.203628540039062 20.13846778869629 13.916388005018234 13.764222145080566 0.15216585993766785
1 92.0 13.21569538116455 20.257732391357422 13.900443345308304 13.750343322753906 0.15010002255439758
1 93.0 13.191654205322266 20.32903480529785 13.956800237298012 13.809371948242188 0.14742828905582428
1 94.0 13.162605285644531 20.385955810546875 13.984241262078285 13.83756160736084 0.14667965471744537
1 95.0 13.15574836730957 20.425247192382812 13.990158408880234 13.848389625549316 0.14176878333091736
1 96.0 13.19764232635498 20.48435401916504 14.014730617403984 13.87635326385498 0.1383773535490036
1 97.0 13.240974426269531 20.568391799926758 14.099302813410759 13.967276573181152 0.13202624022960663
1 98.0 13.22620964050293 20.64689826965332 14.081227004528046 13.94913387298584 0.1320931315422058
1 99.0 13.221385955810547 20.69269371032715 14.08599679172039 13.957698822021484 0.12829796969890594
1 100.0 13.236023902893066 20.788658142089844 14.087383218109608 13.964174270629883 0.12320894747972488
1 101.0 13.216753005981445 20.859180450439453 14.069270096719265 13.953550338745117 0.1157197579741478
1 102.0 13.234685897827148 20.954679489135742 14.067742235958576 13.959704399108887 0.10803783684968948
1 103.0 13.242155075073242 21.076066970825195 14.042488373816013 13.938057899475098 0.10443047434091568
1 104.0 13.242904663085938 21.200191497802734 14.019953824579716 13.916873931884766 0.1030798926949501
1 105.0 13.252909660339355 21.30780601501465 14.078224696218967 13.97437572479248 0.10384897142648697
1 106.0 13.26640796661377 21.38458824157715 14.11542621999979 14.009459495544434 0.1059667244553566
1 107.0 13.293022155761719 21.45491600036621 14.153860569000244 14.044578552246094 0.10928201675415039
1 108.0 13.3033447265625 21.505599975585938 14.170383162796497 14.059503555297852 0.11087960749864578
1 109.0 13.35562801361084 21.585193634033203 14.21889191865921 14.109408378601074 0.10948354005813599
1 110.0 13.340442657470703 21.623441696166992 14.211989469826221 14.098244667053223 0.11374480277299881
1 111.0 13.307085990905762 21.673316955566406 14.209361553192139 14.092327117919922 0.1170344352722168
1 112.0 13.283353805541992 21.729528427124023 14.167143985629082 14.049121856689453 0.1180221289396286
1 113.0 13.273489952087402 21.805564880371094 14.162770360708237 14.046477317810059 0.1162930428981781
1 114.0 13.28004264831543 21.904865264892578 14.175772152841091 14.063264846801758 0.11250730603933334
1 115.0 13.295660018920898 21.978717803955078 14.20601088553667 14.095701217651367 0.1103096678853035
1 116.0 13.307516098022461 22.050323486328125 14.217026598751545 14.110831260681152 0.10619533807039261
1 117.0 13.341926574707031 22.132694244384766 14.23872733861208 14.13978099822998 0.09894634038209915
1 118.0 13.38662338256836 22.20761489868164 14.305311493575573 14.20541000366211 0.09990148991346359
1 119.0 13.427459716796875 22.279376983642578 14.318915456533432 14.214499473571777 0.10441598296165466
1 120.0 13.476503372192383 22.34884262084961 14.348503984510899 14.237387657165527 0.11111632734537125
1 121.0 13.501082420349121 22.42621612548828 14.373763158917427 14.264764785766602 0.1089983731508255
1 122.0 13.506089210510254 22.495744705200195 14.391372933983803 14.29074764251709 0.10062529146671295
1 123.0 13.528717041015625 22.55451011657715 14.477710656821728 14.382001876831055 0.09570877999067307
1 124.0 13.555314064025879 22.615991592407227 14.50466138124466 14.400076866149902 0.10458451509475708
1 125.0 13.594488143920898 22.683374404907227 14.5432583168149 14.429533958435059 0.11372435837984085
1 126.0 13.602471351623535 22.723852157592773 14.582184568047523 14.464701652526855 0.11748291552066803
1 127.0 13.60068416595459 22.76184844970703 14.634094692766666 14.519109725952148 0.11498496681451797
1 128.0 13.582660675048828 22.83145523071289 14.597303435206413 14.479019165039062 0.11828427016735077
1 129.0 13.519365310668945 22.88188934326172 14.531441241502762 14.401147842407227 0.13029339909553528
1 130.0 13.410971641540527 22.887178421020508 14.444462209939957 14.301204681396484 0.1432575285434723
1 131.0 13.35059928894043 22.86398696899414 14.379284664988518 14.221317291259766 0.15796737372875214
1 132.0 13.36343002319336 22.925058364868164 14.397862359881401 14.222363471984863 0.17549888789653778
1 133.0 13.408940315246582 23.043315887451172 14.389633417129517 14.192980766296387 0.19665265083312988
1 134.0 13.449634552001953 23.178321838378906 14.332348763942719 14.109195709228516 0.22315305471420288
1 135.0 13.491230964660645 23.309520721435547 14.373914659023285 14.123903274536133 0.2500113844871521
1 136.0 13.511128425598145 23.390043258666992 14.441488176584244 14.17670726776123 0.2647809088230133
1 137.0 13.484025001525879 23.4243221282959 14.451097697019577 14.172245979309082 0.278851717710495
1 138.0 13.437710762023926 23.457555770874023 14.408733367919922 14.103474617004395 0.30525875091552734
1 139.0 13.404949188232422 23.481853485107422 14.405520290136337 14.062827110290527 0.34269317984580994
1 140.0 13.419318199157715 23.544469833374023 14.421604335308075 14.038250923156738 0.38335341215133667
1 141.0 13.416141510009766 23.602088928222656 14.467412680387497 14.060596466064453 0.4068162143230438
1 142.0 13.399335861206055 23.669466018676758 14.448979705572128 14.022571563720703 0.42640814185142517
1 143.0 13.365606307983398 23.728567123413086 14.432057410478592 13.983976364135742 0.44808104634284973
1 144.0 13.342517852783203 23.756174087524414 14.419491708278656 13.944977760314941 0.4745139479637146
1 145.0 13.32033634185791 23.750883102416992 14.413580119609833 13.90560245513916 0.5079776644706726
1 146.0 13.305373191833496 23.774417877197266 14.408769965171814 13.875991821289062 0.5327781438827515
1 147.0 13.285240173339844 23.806093215942383 14.381937384605408 13.820143699645996 0.5617936849594116
1 148.0 13.265048027038574 23.838098526000977 14.338484644889832 13.741323471069336 0.5971611738204956
1 149.0 13.242020606994629 23.858495712280273 14.264332175254822 13.642866134643555 0.6214660406112671
1 150.0 13.225603103637695 23.859331130981445 14.232938945293427 13.577075004577637 0.6558639407157898
1 151.0 13.248812675476074 23.897159576416016 14.23884654045105 13.542476654052734 0.6963698863983154
1 152.0 13.282352447509766 23.955774307250977 14.237137854099274 13.508447647094727 0.7286902070045471
1 153.0 13.31492805480957 24.018815994262695 14.257915437221527 13.488460540771484 0.7694548964500427
1 154.0 13.327362060546875 24.09393882751465 14.26847231388092 13.474786758422852 0.7936855554580688
1 155.0 13.320247650146484 24.131132125854492 14.240216255187988 13.463338851928711 0.7768774032592773
1 156.0 13.297891616821289 24.130739212036133 14.24057537317276 13.464935302734375 0.775640070438385
1 157.0 13.298613548278809 24.16271209716797 14.281672596931458 13.483165740966797 0.7985068559646606
1 158.0 13.344560623168945 24.240182876586914 14.329227864742279 13.482399940490723 0.8468279242515564
1 159.0 13.368900299072266 24.311059951782227 14.351763665676117 13.459136962890625 0.8926267027854919
1 160.0 13.361320495605469 24.3763427734375 14.36325591802597 13.434752464294434 0.9285034537315369
1 161.0 13.370960235595703 24.425752639770508 14.371251285076141 13.39264965057373 0.9786016345024109
1 162.0 13.405433654785156 24.469602584838867 14.421929001808167 13.373071670532227 1.04885733127594
1 163.0 13.456990242004395 24.50600814819336 14.493312239646912 13.371444702148438 1.1218675374984741
1 164.0 13.494893074035645 24.539493560791016 14.518983364105225 13.347895622253418 1.1710877418518066
1 165.0 13.548553466796875 24.57181167602539 14.585278272628784 13.344268798828125 1.2410094738006592
1 166.0 13.58802604675293 24.58689308166504 14.641575813293457 13.331816673278809 1.3097591400146484
1 167.0 13.60893440246582 24.59700584411621 14.698802828788757 13.326375961303711 1.3724268674850464
1 168.0 13.628610610961914 24.60293960571289 14.744911074638367 13.319540023803711 1.4253710508346558
1 169.0 13.631248474121094 24.604698181152344 14.737668514251709 13.281820297241211 1.455848217010498
1 170.0 13.632179260253906 24.609498977661133 14.752817034721375 13.248832702636719 1.5039843320846558
1 171.0 13.645641326904297 24.62918472290039 14.805114507675171 13.233716011047363 1.5713984966278076
1 172.0 13.675519943237305 24.64999771118164 14.849236130714417 13.204814910888672 1.6444212198257446
1 173.0 13.686548233032227 24.67120361328125 14.912903428077698 13.211666107177734 1.7012373208999634
1 174.0 13.696429252624512 24.701122283935547 14.88577151298523 13.138590812683105 1.747180700302124
1 175.0 13.709430694580078 24.718791961669922 14.911083459854126 13.126845359802246 1.7842381000518799
1 176.0 13.732107162475586 24.713502883911133 14.951920628547668 13.101346015930176 1.8505746126174927
1 177.0 13.729328155517578 24.701568603515625 14.968472599983215 13.06915283203125 1.8993197679519653
1 178.0 13.708305358886719 24.70842742919922 14.969843029975891 13.03093147277832 1.9389115571975708
1 179.0 13.67409610748291 24.69291114807129 14.939007759094238 13.003334045410156 1.935673713684082
1 180.0 13.621406555175781 24.66876792907715 14.90337860584259 12.967328071594238 1.936050534248352
1 181.0 13.59006118774414 24.629194259643555 14.927502512931824 12.93820571899414 1.989296793937683
1 182.0 13.613119125366211 24.59746551513672 14.994898557662964 12.913410186767578 2.0814883708953857
1 183.0 13.657455444335938 24.575883865356445 15.062435626983643 12.884014129638672 2.1784214973449707
1 184.0 13.697517395019531 24.55852699279785 15.125414609909058 12.843952178955078 2.2814624309539795
1 185.0 13.727242469787598 24.53598976135254 15.185643911361694 12.804945945739746 2.3806979656219482
1 186.0 13.741693496704102 24.497482299804688 15.247790336608887 12.788843154907227 2.45894718170166
1 187.0 13.767547607421875 24.47620964050293 15.311327457427979 12.762290954589844 2.5490365028381348
1 188.0 13.798577308654785 24.468908309936523 15.310742855072021 12.723037719726562 2.587705135345459
1 189.0 13.80082893371582 24.44040298461914 15.349939584732056 12.700329780578613 2.6496098041534424
1 190.0 13.80687427520752 24.39095687866211 15.390102624893188 12.643000602722168 2.7471020221710205
1 191.0 13.830324172973633 24.343496322631836 15.435593605041504 12.573177337646484 2.8624162673950195
1 192.0 13.842703819274902 24.294231414794922 15.454657077789307 12.521957397460938 2.932699680328369
1 193.0 13.843414306640625 24.23801612854004 15.484999418258667 12.4807767868042 3.0042226314544678
1 194.0 13.85250473022461 24.173635482788086 15.540173292160034 12.445685386657715 3.0944879055023193
1 195.0 13.890329360961914 24.08875846862793 15.549015760421753 12.35245418548584 3.196561574935913
1 196.0 13.886990547180176 24.020551681518555 15.6102876663208 12.312409400939941 3.2978782653808594
1 197.0 13.905677795410156 23.957441329956055 15.710354328155518 12.28604507446289 3.424309253692627
1 198.0 13.97608757019043 23.925661087036133 15.767356872558594 12.204302787780762 3.563054084777832
1 199.0 14.016180038452148 23.884136199951172 15.824615716934204 12.17303466796875 3.651581048965454
1 200.0 14.073894500732422 23.822235107421875 15.919885873794556 12.122393608093262 3.797492265701294
1 201.0 14.181884765625 23.762903213500977 16.053319454193115 12.082709312438965 3.9706101417541504
1 202.0 14.255624771118164 23.70930290222168 16.1479229927063 12.02971076965332 4.1182122230529785
1 203.0 14.326774597167969 23.668102264404297 16.321509838104248 12.009100914001465 4.312408924102783
1 204.0 14.404109954833984 23.627168655395508 16.38840913772583 11.942703247070312 4.445705890655518
1 205.0 14.48060131072998 23.575759887695312 16.46086549758911 11.898947715759277 4.561917781829834
1 206.0 14.499181747436523 23.48191261291504 16.531845092773438 11.857897758483887 4.673947334289551
1 207.0 14.43596076965332 23.352066040039062 16.58425807952881 11.811785697937012 4.772472381591797
1 208.0 14.379358291625977 23.217370986938477 16.645750999450684 11.764519691467285 4.881231307983398
1 209.0 14.360162734985352 23.089479446411133 16.711606979370117 11.70421028137207 5.007396697998047
1 210.0 14.400224685668945 22.966644287109375 16.813156604766846 11.673689842224121 5.139466762542725
1 211.0 14.44216251373291 22.852083206176758 16.880702018737793 11.582016944885254 5.298685073852539
1 212.0 14.477554321289062 22.743940353393555 16.933860301971436 11.517513275146484 5.416347026824951
1 213.0 14.528071403503418 22.642478942871094 16.886075973510742 11.441845893859863 5.444230079650879
1 214.0 14.57011604309082 22.535701751708984 16.925992012023926 11.357685089111328 5.568306922912598
1 215.0 14.593118667602539 22.425907135009766 16.944228172302246 11.265969276428223 5.678258895874023
1 216.0 14.617303848266602 22.316160202026367 16.960566520690918 11.178590774536133 5.781975746154785
1 217.0 14.680378913879395 22.18376350402832 16.95336103439331 11.023326873779297 5.930034160614014
1 218.0 14.786867141723633 22.038352966308594 17.058043003082275 10.881590843200684 6.176452159881592
1 219.0 14.863655090332031 21.876928329467773 17.101882934570312 10.767322540283203 6.334560394287109
1 220.0 14.952885627746582 21.707990646362305 17.219626426696777 10.69045639038086 6.529170036315918
1 221.0 15.012824058532715 21.562694549560547 17.287399768829346 10.589353561401367 6.6980462074279785
1 222.0 15.053797721862793 21.44176483154297 17.339770793914795 10.490398406982422 6.849372386932373
1 223.0 15.094955444335938 21.294464111328125 17.39395236968994 10.422737121582031 6.97121524810791
1 224.0 15.148587226867676 21.12184715270996 17.48738670349121 10.345791816711426 7.141594886779785
1 225.0 15.197669982910156 20.9649600982666 17.569993495941162 10.245904922485352 7.3240885734558105
1 226.0 15.256608963012695 20.81413459777832 17.681457042694092 10.18436336517334 7.497093677520752
1 227.0 15.268762588500977 20.639514923095703 17.762131214141846 10.101552963256836 7.66057825088501
1 228.0 15.312487602233887 20.43503189086914 17.829883575439453 9.997896194458008 7.831987380981445
1 229.0 15.342432022094727 20.241159439086914 17.927653312683105 9.911382675170898 8.016270637512207
1 230.0 15.332277297973633 20.049949645996094 17.96768283843994 9.800559997558594 8.167122840881348
1 231.0 15.306386947631836 19.845417022705078 17.992688179016113 9.708741188049316 8.283946990966797
1 232.0 15.326640129089355 19.635528564453125 18.05393123626709 9.611435890197754 8.442495346069336
1 233.0 15.44633674621582 19.424137115478516 18.221067428588867 9.506958961486816 8.71410846710205
1 234.0 15.535076141357422 19.205549240112305 18.313963890075684 9.417183876037598 8.896780014038086
1 235.0 15.544708251953125 18.98444938659668 18.31340217590332 9.288681030273438 9.024721145629883
1 236.0 15.56266975402832 18.768028259277344 18.35882568359375 9.159130096435547 9.199695587158203
1 237.0 15.617949485778809 18.56842613220215 18.37205219268799 9.032398223876953 9.339653968811035
1 238.0 15.642532348632812 18.34770965576172 18.403934478759766 8.916322708129883 9.487611770629883
1 239.0 15.655282974243164 18.13460350036621 18.396581649780273 8.750997543334961 9.645584106445312
1 240.0 15.74990463256836 17.94587516784668 18.40674591064453 8.5993013381958 9.80744457244873
1 241.0 15.833578109741211 17.75873565673828 18.483497619628906 8.475740432739258 10.007757186889648
1 242.0 15.945882797241211 17.582550048828125 18.589526176452637 8.363293647766113 10.226232528686523
1 243.0 16.028196334838867 17.359722137451172 18.754934310913086 8.259065628051758 10.495868682861328
1 244.0 16.061004638671875 17.087106704711914 18.8265380859375 8.140796661376953 10.685741424560547
1 245.0 16.10101318359375 16.820035934448242 18.88529872894287 8.048998832702637 10.836299896240234
1 246.0 16.127437591552734 16.545698165893555 18.956861972808838 7.949966907501221 11.006895065307617
1 247.0 16.21105194091797 16.304166793823242 19.063449382781982 7.86272668838501 11.200722694396973
1 248.0 16.338241577148438 16.084693908691406 19.17010498046875 7.761133193969727 11.408971786499023
1 249.0 16.42096710205078 15.845451354980469 19.266266345977783 7.687072277069092 11.579194068908691
1 250.0 16.482637405395508 15.598100662231445 19.360594749450684 7.622557640075684 11.738037109375
1 251.0 16.553955078125 15.363055229187012 19.50657367706299 7.5753326416015625 11.931241035461426
1 252.0 16.663768768310547 15.163625717163086 19.685137271881104 7.544527530670166 12.140609741210938
1 253.0 16.77593994140625 14.979095458984375 19.82498598098755 7.470520496368408 12.35446548461914
1 254.0 16.829105377197266 14.81693172454834 19.81306505203247 7.325843334197998 12.487221717834473
1 255.0 16.814910888671875 14.629915237426758 19.891802310943604 7.219442844390869 12.672359466552734
1 256.0 16.824146270751953 14.422675132751465 19.95335102081299 7.111440658569336 12.841910362243652
1 257.0 16.81939697265625 14.214210510253906 20.014115810394287 7.0013604164123535 13.012755393981934
1 258.0 16.877872467041016 14.068166732788086 20.13258123397827 6.886707782745361 13.24587345123291
1 259.0 16.932565689086914 13.937774658203125 20.201178550720215 6.746211051940918 13.454967498779297
1 260.0 16.999385833740234 13.793216705322266 20.254129886627197 6.589236736297607 13.66489315032959
1 261.0 17.074661254882812 13.648310661315918 20.308311939239502 6.430552959442139 13.877758979797363
1 262.0 17.155284881591797 13.488363265991211 20.36641836166382 6.303725719451904 14.062692642211914
1 263.0 17.215696334838867 13.336835861206055 20.494513034820557 6.165426731109619 14.329086303710938
1 264.0 17.283878326416016 13.212346076965332 20.565146446228027 6.034177780151367 14.53096866607666
1 265.0 17.26450538635254 13.064397811889648 20.59289836883545 5.935482978820801 14.657415390014648
1 266.0 17.223844528198242 12.932331085205078 20.58980894088745 5.851132869720459 14.738676071166992
1 267.0 17.27507781982422 12.83309555053711 20.645095348358154 5.738949298858643 14.906146049499512
1 268.0 17.314546585083008 12.718330383300781 20.662694931030273 5.590114593505859 15.072580337524414
1 269.0 17.30539321899414 12.648551940917969 20.627715587615967 5.445807933807373 15.181907653808594
1 270.0 17.26662254333496 12.597156524658203 20.640021800994873 5.35890531539917 15.281116485595703
1 271.0 17.249286651611328 12.525516510009766 20.596919536590576 5.271036624908447 15.325882911682129
1 272.0 17.312881469726562 12.427001953125 20.59365940093994 5.173611640930176 15.420047760009766
1 273.0 17.39202880859375 12.3336820602417 20.576984405517578 5.07818603515625 15.498798370361328
1 274.0 17.47385025024414 12.283634185791016 20.556209564208984 4.957776069641113 15.598433494567871
1 275.0 17.516944885253906 12.207674026489258 20.55417490005493 4.848151683807373 15.706023216247559
1 276.0 17.534820556640625 12.081594467163086 20.586190700531006 4.746853351593018 15.839337348937988
1 277.0 17.585908889770508 11.980913162231445 20.62324810028076 4.639095306396484 15.984152793884277
1 278.0 17.6149959564209 11.942047119140625 20.678214073181152 4.556666374206543 16.12154769897461
1 279.0 17.63509178161621 11.88633918762207 20.631160259246826 4.433217525482178 16.19794273376465
1 280.0 17.683696746826172 11.86842155456543 20.67155647277832 4.31785774230957 16.35369873046875
1 281.0 17.66061782836914 11.878738403320312 20.64565896987915 4.209372043609619 16.43628692626953
1 282.0 17.608976364135742 11.867379188537598 20.675102710723877 4.1236252784729 16.551477432250977
1 283.0 17.635772705078125 11.839925765991211 20.667826175689697 4.037661075592041 16.630165100097656
1 284.0 17.753721237182617 11.781744003295898 20.73949122428894 3.9766299724578857 16.762861251831055
1 285.0 17.85878562927246 11.722701072692871 20.79826021194458 3.9191956520080566 16.879064559936523
1 286.0 17.918540954589844 11.705155372619629 20.834062814712524 3.8611414432525635 16.97292137145996
1 287.0 17.964618682861328 11.708348274230957 20.887595891952515 3.779233694076538 17.108362197875977
1 288.0 17.970882415771484 11.710254669189453 20.935566425323486 3.7160096168518066 17.21955680847168
1 289.0 18.012672424316406 11.709360122680664 20.990658044815063 3.6384050846099854 17.352252960205078
1 290.0 18.02110481262207 11.706344604492188 21.061872482299805 3.5782318115234375 17.483640670776367
1 291.0 18.007217407226562 11.725885391235352 21.0518000125885 3.4986956119537354 17.553104400634766
1 292.0 17.992389678955078 11.760290145874023 21.06351327896118 3.403639316558838 17.659873962402344
1 293.0 17.980466842651367 11.746524810791016 21.100367307662964 3.3576419353485107 17.742725372314453
1 294.0 17.98382568359375 11.75704288482666 21.074702262878418 3.3152055740356445 17.759496688842773
1 295.0 17.980085372924805 11.774128913879395 21.082977056503296 3.288623571395874 17.794353485107422
1 296.0 17.98583984375 11.799160957336426 21.085236072540283 3.232199192047119 17.853036880493164
1 297.0 17.92140007019043 11.788098335266113 21.045358657836914 3.1921024322509766 17.853256225585938
1 298.0 17.881881713867188 11.776162147521973 21.08184027671814 3.1349599361419678 17.946880340576172
1 299.0 17.916244506835938 11.788931846618652 21.111531496047974 3.085904359817505 18.02562713623047
1 300.0 17.994699478149414 11.839771270751953 21.08047127723694 3.0116045475006104 18.068866729736328
1 301.0 18.058454513549805 11.916419982910156 21.093225479125977 2.9570388793945312 18.136186599731445
1 302.0 18.154756546020508 11.967376708984375 21.060669898986816 2.9121618270874023 18.148508071899414
1 303.0 18.170888900756836 11.978670120239258 21.089203119277954 2.885509729385376 18.203693389892578
1 304.0 18.15814971923828 12.006404876708984 21.06108570098877 2.8582944869995117 18.202791213989258
1 305.0 18.147205352783203 12.029996871948242 21.154163122177124 2.822690725326538 18.331472396850586
1 306.0 18.186677932739258 12.038721084594727 21.179612636566162 2.783565044403076 18.396047592163086
1 307.0 18.23188018798828 12.087655067443848 21.176820278167725 2.7604784965515137 18.41634178161621
1 308.0 18.2342472076416 12.153144836425781 21.154064178466797 2.742359161376953 18.411705017089844
1 309.0 18.283554077148438 12.248261451721191 21.152950763702393 2.6978440284729004 18.455106735229492
1 310.0 18.35602378845215 12.345233917236328 21.12535333633423 2.635990619659424 18.489362716674805
1 311.0 18.393299102783203 12.409510612487793 21.082061052322388 2.5782673358917236 18.503793716430664
1 312.0 18.446439743041992 12.504810333251953 21.112499475479126 2.550272226333618 18.562227249145508
1 313.0 18.492090225219727 12.594605445861816 21.18728256225586 2.5305004119873047 18.656782150268555
1 314.0 18.51288414001465 12.659075736999512 21.190473556518555 2.5346202850341797 18.655853271484375
1 315.0 18.51666259765625 12.686870574951172 21.140852212905884 2.5401976108551025 18.60065460205078
1 316.0 18.521709442138672 12.722513198852539 21.212332248687744 2.5267510414123535 18.68558120727539
1 317.0 18.478899002075195 12.742757797241211 21.232632875442505 2.507342576980591 18.725290298461914
1 318.0 18.468212127685547 12.7743501663208 21.26701283454895 2.5109379291534424 18.756074905395508
1 319.0 18.501874923706055 12.878973007202148 21.230388164520264 2.5250983238220215 18.705289840698242
1 320.0 18.623470306396484 13.050971031188965 21.23005747795105 2.512728452682495 18.717329025268555
1 321.0 18.783769607543945 13.250154495239258 21.256824016571045 2.478877544403076 18.77794647216797
1 322.0 18.874183654785156 13.397711753845215 21.219228982925415 2.4660494327545166 18.7531795501709
1 323.0 18.906906127929688 13.47791862487793 21.23586106300354 2.471924066543579 18.76393699645996
1 324.0 18.941905975341797 13.536321640014648 21.34129524230957 2.4826183319091797 18.85867691040039
1 325.0 19.028501510620117 13.645926475524902 21.42443871498108 2.532907724380493 18.891530990600586
1 326.0 19.117734909057617 13.763166427612305 21.448030710220337 2.564832925796509 18.883197784423828
1 327.0 19.188840866088867 13.872901916503906 21.53450059890747 2.619772434234619 18.91472816467285
1 328.0 19.24693489074707 13.972061157226562 21.64673161506653 2.6709816455841064 18.975749969482422
1 329.0 19.440250396728516 14.204009056091309 21.767751932144165 2.7708113193511963 18.99694061279297
1 330.0 19.783493041992188 14.606395721435547 21.935884952545166 2.958836078643799 18.977048873901367
1 331.0 20.00101089477539 14.876228332519531 22.089663982391357 3.0684008598327637 19.021263122558594
1 332.0 20.14161491394043 15.046930313110352 22.284663677215576 3.183164119720459 19.101499557495117
1 333.0 20.208810806274414 15.162565231323242 22.358216762542725 3.2572875022888184 19.100929260253906
1 334.0 20.236230850219727 15.241083145141602 22.473013639450073 3.356072187423706 19.116941452026367
1 335.0 20.268287658691406 15.319823265075684 22.504044771194458 3.421891450881958 19.0821533203125
1 336.0 20.336387634277344 15.40353775024414 22.629226446151733 3.542588949203491 19.086637496948242
1 337.0 20.374948501586914 15.46223258972168 22.659725189208984 3.6243629455566406 19.035362243652344
1 338.0 20.351909637451172 15.488127708435059 22.64702606201172 3.625701904296875 19.021324157714844
1 339.0 20.29324722290039 15.502643585205078 22.65809202194214 3.6075987815856934 19.050493240356445
1 340.0 20.32948112487793 15.555488586425781 22.709416389465332 3.5856313705444336 19.1237850189209
1 341.0 20.46259117126465 15.641153335571289 22.78784489631653 3.6783077716827393 19.10953712463379
1 342.0 20.654464721679688 15.788276672363281 22.976364850997925 3.8178107738494873 19.158554077148438
1 343.0 20.86269760131836 15.992786407470703 23.186147689819336 3.9691734313964844 19.21697425842285
1 344.0 21.05203628540039 16.202022552490234 23.44541311264038 4.248860836029053 19.196552276611328
1 345.0 21.292327880859375 16.397029876708984 23.823235988616943 4.57985258102417 19.243383407592773
1 346.0 21.51784324645996 16.557960510253906 24.070565223693848 4.868130683898926 19.202434539794922
1 347.0 21.60642433166504 16.628780364990234 24.217805862426758 5.015800476074219 19.20200538635254
1 348.0 21.59357452392578 16.671815872192383 24.22101926803589 5.078164577484131 19.142854690551758
1 349.0 21.58806800842285 16.706768035888672 24.293142795562744 5.173241138458252 19.119901657104492
1 350.0 21.610488891601562 16.77167510986328 24.342519760131836 5.278253555297852 19.064266204833984
1 351.0 21.66321563720703 16.831375122070312 24.434422969818115 5.439637660980225 18.99478530883789
1 352.0 21.737812042236328 16.87449073791504 24.480727195739746 5.547089576721191 18.933637619018555
1 353.0 21.825183868408203 16.924415588378906 24.547629833221436 5.659251689910889 18.888378143310547
1 354.0 21.9553165435791 16.99781608581543 24.702330112457275 5.821253299713135 18.88107681274414
1 355.0 22.13846778869629 17.11471176147461 24.88067054748535 6.000492095947266 18.880178451538086
1 356.0 22.324392318725586 17.2760009765625 24.99630308151245 6.161702632904053 18.8346004486084
1 357.0 22.42429542541504 17.37606430053711 25.073879718780518 6.3520684242248535 18.721811294555664
1 358.0 22.471031188964844 17.395849227905273 25.149211883544922 6.486293792724609 18.662918090820312
1 359.0 22.503826141357422 17.411264419555664 25.20995330810547 6.575590133666992 18.634363174438477
1 360.0 22.54340362548828 17.452817916870117 25.251830101013184 6.635231971740723 18.61659812927246
1 361.0 22.570215225219727 17.509082794189453 25.28501605987549 6.676968574523926 18.608047485351562
1 362.0 22.592975616455078 17.579580307006836 25.324124813079834 6.739150524139404 18.58497428894043
1 363.0 22.626811981201172 17.666561126708984 25.318129539489746 6.805523872375488 18.512605667114258
1 364.0 22.660432815551758 17.72614860534668 25.380084991455078 6.902360916137695 18.477724075317383
1 365.0 22.71868133544922 17.74341583251953 25.52382802963257 7.0395941734313965 18.484233856201172
1 366.0 22.76055908203125 17.7502498626709 25.59529685974121 7.223478317260742 18.37181854248047
2 1.0 22.345422744750977 22.699111938476562 26.557514190673828 8.750175476074219 17.80733871459961
2 2.0 22.207780838012695 22.415138244628906 26.606351852416992 8.858566284179688 17.747785568237305
2 3.0 22.035757064819336 22.170730590820312 26.650904655456543 8.957993507385254 17.69291114807129
2 4.0 21.843994140625 21.928730010986328 26.655272483825684 9.052279472351074 17.60299301147461
2 5.0 21.671314239501953 21.72125244140625 26.63318157196045 9.160887718200684 17.472293853759766
2 6.0 21.469518661499023 21.498964309692383 26.541054725646973 9.243199348449707 17.297855377197266
2 7.0 21.31792449951172 21.313688278198242 26.485840797424316 9.3412446975708 17.144596099853516
2 8.0 21.182353973388672 21.138168334960938 26.414504051208496 9.470664024353027 16.94384002685547
2 9.0 21.013214111328125 20.96967124938965 26.377439498901367 9.586736679077148 16.79070281982422
2 10.0 20.823518753051758 20.78927993774414 26.251731872558594 9.655754089355469 16.595977783203125
2 11.0 20.585784912109375 20.58540153503418 26.061699867248535 9.728819847106934 16.3328800201416
2 12.0 20.250625610351562 20.343704223632812 25.83894634246826 9.709273338317871 16.12967300415039
2 13.0 19.89655303955078 20.098648071289062 25.488977432250977 9.699573516845703 15.789403915405273
2 14.0 19.608915328979492 19.919536590576172 25.229978561401367 9.714960098266602 15.515018463134766
2 15.0 19.306970596313477 19.703170776367188 24.943038940429688 9.750709533691406 15.192329406738281
2 16.0 19.038700103759766 19.496135711669922 24.73603343963623 9.815130233764648 14.920903205871582
2 17.0 18.795413970947266 19.310487747192383 24.498703956604004 9.911063194274902 14.587640762329102
2 18.0 18.548202514648438 19.173446655273438 24.127568244934082 10.012297630310059 14.115270614624023
2 19.0 18.343273162841797 19.04637908935547 23.77076244354248 10.111238479614258 13.659523963928223
2 20.0 18.130615234375 18.891761779785156 23.488240242004395 10.250992774963379 13.237247467041016
2 21.0 17.93512725830078 18.748733520507812 23.076168060302734 10.318825721740723 12.757342338562012
2 22.0 17.68599510192871 18.59266471862793 22.696025848388672 10.376235008239746 12.319790840148926
2 23.0 17.39320182800293 18.426715850830078 22.2559814453125 10.413894653320312 11.842086791992188
2 24.0 17.08759307861328 18.23739242553711 21.859816551208496 10.47022819519043 11.389588356018066
2 25.0 16.762554168701172 18.07316017150879 21.412803649902344 10.507113456726074 10.90569019317627
2 26.0 16.53428077697754 17.992273330688477 21.023351669311523 10.544580459594727 10.478771209716797
2 27.0 16.411903381347656 17.931888580322266 20.71908950805664 10.631240844726562 10.087848663330078
2 28.0 16.270076751708984 17.830156326293945 20.485586166381836 10.733323097229004 9.752263069152832
2 29.0 16.074983596801758 17.70627784729004 20.047311782836914 10.760205268859863 9.28710651397705
2 30.0 15.913911819458008 17.62847137451172 19.698381423950195 10.86372184753418 8.834659576416016
2 31.0 15.772850036621094 17.558910369873047 19.271472930908203 10.959890365600586 8.311582565307617
2 32.0 15.60763168334961 17.441648483276367 18.95560359954834 11.091771125793457 7.863832473754883
2 33.0 15.379694938659668 17.24555778503418 18.64302968978882 11.227015495300293 7.416014194488525
2 34.0 15.160547256469727 17.07358169555664 18.30311155319214 11.3222074508667 6.9809041023254395
2 35.0 15.007560729980469 16.99195671081543 17.94559383392334 11.423566818237305 6.522027015686035
2 36.0 14.877326965332031 16.936687469482422 17.720766067504883 11.583149909973145 6.137616157531738
2 37.0 14.792196273803711 16.908823013305664 17.45833969116211 11.727235794067383 5.731103897094727
2 38.0 14.69843578338623 16.850387573242188 17.10939073562622 11.829476356506348 5.279914379119873
2 39.0 14.575909614562988 16.776308059692383 16.799530506134033 11.93242073059082 4.867109775543213
2 40.0 14.420148849487305 16.725147247314453 16.5322265625 12.046194076538086 4.486032485961914
2 41.0 14.309980392456055 16.711200714111328 16.361344814300537 12.142707824707031 4.218636989593506
2 42.0 14.189827919006348 16.693790435791016 16.184813022613525 12.195117950439453 3.9896950721740723
2 43.0 14.014122009277344 16.638900756835938 15.946441173553467 12.264124870300293 3.682316303253174
2 44.0 13.837328910827637 16.5921630859375 15.666218042373657 12.302995681762695 3.363222360610962
2 45.0 13.72845458984375 16.572711944580078 15.440995931625366 12.350458145141602 3.0905377864837646
2 46.0 13.622502326965332 16.539316177368164 15.342138051986694 12.407845497131348 2.9342925548553467
2 47.0 13.541998863220215 16.54425621032715 15.250954151153564 12.490707397460938 2.760246753692627
2 48.0 13.524995803833008 16.575180053710938 15.179816246032715 12.58842945098877 2.5913867950439453
2 49.0 13.539700508117676 16.60982894897461 15.087063550949097 12.66851806640625 2.4185454845428467
2 50.0 13.542973518371582 16.63377571105957 15.000383853912354 12.79273509979248 2.207648754119873
2 51.0 13.496909141540527 16.648868560791016 14.818950772285461 12.831558227539062 1.987392544746399
2 52.0 13.454729080200195 16.681474685668945 14.722405433654785 12.917328834533691 1.8050765991210938
2 53.0 13.427471160888672 16.722076416015625 14.618049263954163 12.961139678955078 1.6569095849990845
2 54.0 13.434837341308594 16.776477813720703 14.603278160095215 13.051318168640137 1.5519599914550781
2 55.0 13.401693344116211 16.84259605407715 14.56245493888855 13.095364570617676 1.467090368270874
2 56.0 13.30842399597168 16.889301300048828 14.442151665687561 13.061873435974121 1.38027822971344
2 57.0 13.26016902923584 16.973548889160156 14.31699252128601 13.023276329040527 1.2937161922454834
2 58.0 13.167702674865723 17.036338806152344 14.145317435264587 12.929145812988281 1.2161716222763062
2 59.0 13.077303886413574 17.059123992919922 14.017396926879883 12.864935874938965 1.152461051940918
2 60.0 13.075716972351074 17.131500244140625 13.962000131607056 12.872207641601562 1.0897924900054932
2 61.0 13.079778671264648 17.21780014038086 13.95530116558075 12.920883178710938 1.034417986869812
2 62.0 13.055729866027832 17.2928409576416 13.895137667655945 12.911286354064941 0.9838513135910034
2 63.0 13.029975891113281 17.37226104736328 13.901406645774841 12.95251750946045 0.9488891363143921
2 64.0 13.020893096923828 17.451553344726562 13.879352748394012 12.981901168823242 0.8974515795707703
2 65.0 13.034046173095703 17.5283203125 13.91161835193634 13.056056022644043 0.8555623292922974
2 66.0 13.054346084594727 17.600807189941406 13.941437125205994 13.130274772644043 0.8111623525619507
2 67.0 13.063718795776367 17.663782119750977 13.943192958831787 13.185993194580078 0.757199764251709
2 68.0 13.085575103759766 17.749258041381836 13.956144332885742 13.23611831665039 0.7200260162353516
2 69.0 13.114377975463867 17.84437370300293 14.006621420383453 13.315641403198242 0.6909800171852112
2 70.0 13.120429039001465 17.921720504760742 13.999948263168335 13.363838195800781 0.6361100673675537
2 71.0 13.080816268920898 17.99261474609375 13.938550591468811 13.383172035217285 0.5553785562515259
2 72.0 13.023329734802246 18.061357498168945 13.877435982227325 13.35388469696045 0.5235512852668762
2 73.0 12.997041702270508 18.14093017578125 13.848180890083313 13.344111442565918 0.504069447517395
2 74.0 13.013580322265625 18.218976974487305 13.851795673370361 13.383757591247559 0.46803808212280273
2 75.0 13.022799491882324 18.260147094726562 13.841906934976578 13.40209674835205 0.439810186624527
2 76.0 13.046819686889648 18.3231201171875 13.855539381504059 13.443207740783691 0.41233164072036743
2 77.0 13.068707466125488 18.43008041381836 13.86488527059555 13.471037864685059 0.39384740591049194
2 78.0 13.080989837646484 18.542797088623047 13.822996437549591 13.47179126739502 0.35120517015457153
2 79.0 13.075825691223145 18.637807846069336 13.77292075753212 13.457620620727539 0.3153001368045807
2 80.0 13.070954322814941 18.72764778137207 13.795025020837784 13.504999160766602 0.29002586007118225
2 81.0 13.079156875610352 18.834421157836914 13.775380820035934 13.501888275146484 0.2734925448894501
2 82.0 13.057123184204102 18.930679321289062 13.756443321704865 13.4896240234375 0.2668192982673645
2 83.0 13.0272798538208 19.021207809448242 13.735620558261871 13.48145580291748 0.25416475534439087
2 84.0 13.016183853149414 19.098793029785156 13.731179371476173 13.482691764831543 0.24848760664463043
2 85.0 12.98423957824707 19.180370330810547 13.707961350679398 13.47119426727295 0.23676708340644836
2 86.0 12.989068984985352 19.26941680908203 13.701625019311905 13.47277545928955 0.22884956002235413
2 87.0 13.043540954589844 19.35558319091797 13.772887259721756 13.549263000488281 0.22362425923347473
2 88.0 13.100605010986328 19.466060638427734 13.831889688968658 13.609835624694824 0.22205406427383423
2 89.0 13.13224983215332 19.580974578857422 13.90950171649456 13.696484565734863 0.21301715075969696
2 90.0 13.179980278015137 19.69122314453125 13.97844760119915 13.765430450439453 0.21301715075969696
2 91.0 13.242818832397461 19.80638885498047 14.024772450327873 13.817946434020996 0.20682601630687714
2 92.0 13.283941268920898 19.903701782226562 14.08891099691391 13.890935897827148 0.19797509908676147
2 93.0 13.30820369720459 20.008779525756836 14.145355939865112 13.952670097351074 0.19268584251403809
2 94.0 13.374423027038574 20.12782096862793 14.237788677215576 14.0482759475708 0.1895127296447754
2 95.0 13.427322387695312 20.215660095214844 14.29609614610672 14.107608795166016 0.18848735094070435
2 96.0 13.470234870910645 20.314891815185547 14.398076802492142 14.216501235961914 0.18157556653022766
2 97.0 13.50787353515625 20.425891876220703 14.426863133907318 14.247426986694336 0.17943614721298218
2 98.0 13.539339065551758 20.53144645690918 14.486513584852219 14.311860084533691 0.17465350031852722
2 99.0 13.598275184631348 20.659481048583984 14.53331272304058 14.362735748291016 0.17057697474956512
2 100.0 13.583382606506348 20.732885360717773 14.552950888872147 14.387348175048828 0.16560271382331848
2 101.0 13.538505554199219 20.759227752685547 14.563438966870308 14.406793594360352 0.15664537250995636
2 102.0 13.56333065032959 20.845199584960938 14.540205642580986 14.398950576782227 0.14125506579875946
2 103.0 13.6336088180542 20.978811264038086 14.588343307375908 14.447088241577148 0.14125506579875946
2 104.0 13.659521102905273 21.086496353149414 14.624043181538582 14.483675003051758 0.14036817848682404
2 105.0 13.643209457397461 21.17159652709961 14.622412830591202 14.48608684539795 0.13632598519325256
2 106.0 13.651013374328613 21.264909744262695 14.594884693622589 14.461591720581055 0.13329297304153442
2 107.0 13.688920974731445 21.363035202026367 14.61095380783081 14.480030059814453 0.13092374801635742
2 108.0 13.744670867919922 21.467498779296875 14.650836035609245 14.520719528198242 0.1301165074110031
2 109.0 13.781509399414062 21.562484741210938 14.673519879579544 14.54616928100586 0.1273505985736847
2 110.0 13.731307029724121 21.630441665649414 14.659330159425735 14.532978057861328 0.12635210156440735
2 111.0 13.653142929077148 21.632083892822266 14.614051260054111 14.489761352539062 0.12428990751504898
2 112.0 13.625686645507812 21.661216735839844 14.621897131204605 14.497777938842773 0.12411919236183167
2 113.0 13.643425941467285 21.733726501464844 14.640677377581596 14.519100189208984 0.121577188372612
2 114.0 13.638944625854492 21.82465362548828 14.680465206503868 14.56303596496582 0.11742924153804779
2 115.0 13.609678268432617 21.921215057373047 14.633466772735119 14.51858901977539 0.11487775295972824
2 116.0 13.553304672241211 21.96737289428711 14.60128814727068 14.484952926635742 0.11633522063493729
2 117.0 13.508880615234375 22.003467559814453 14.549386255443096 14.430923461914062 0.11846279352903366
2 118.0 13.499955177307129 22.051862716674805 14.479896813631058 14.359235763549805 0.12066105008125305
2 119.0 13.539834976196289 22.13060188293457 14.490555942058563 14.367517471313477 0.12303847074508667
2 120.0 13.56993293762207 22.199277877807617 14.525079183280468 14.40572738647461 0.11935179680585861
2 121.0 13.566311836242676 22.25815200805664 14.527572445571423 14.403853416442871 0.12371902912855148
2 122.0 13.559736251831055 22.328664779663086 14.490394562482834 14.371468544006348 0.1189260184764862
2 123.0 13.569567680358887 22.40418243408203 14.447174966335297 14.324543952941895 0.1226310133934021
2 124.0 13.54874038696289 22.474435806274414 14.441060408949852 14.312082290649414 0.12897811830043793
2 125.0 13.519513130187988 22.5762882232666 14.392889022827148 14.261334419250488 0.13155460357666016
2 126.0 13.51829719543457 22.685930252075195 14.41583900153637 14.279316902160645 0.1365220993757248
2 127.0 13.52385425567627 22.77591323852539 14.435288712382317 14.289936065673828 0.14535264670848846
2 128.0 13.545036315917969 22.86996078491211 14.41827791929245 14.262218475341797 0.15605944395065308
2 129.0 13.571316719055176 22.96440315246582 14.438911214470863 14.265593528747559 0.17331768572330475
2 130.0 13.567047119140625 23.052316665649414 14.43216122686863 14.249645233154297 0.18251599371433258
2 131.0 13.565587043762207 23.144264221191406 14.436748683452606 14.250362396240234 0.18638628721237183
2 132.0 13.574056625366211 23.240787506103516 14.441074937582016 14.25133991241455 0.1897350251674652
2 133.0 13.560771942138672 23.295204162597656 14.428337141871452 14.227360725402832 0.2009764164686203
2 134.0 13.55288028717041 23.317533493041992 14.4765395373106 14.264286994934082 0.21225254237651825
2 135.0 13.540482521057129 23.327425003051758 14.469554528594017 14.248411178588867 0.22114335000514984
2 136.0 13.526464462280273 23.34939193725586 14.47736082971096 14.25267505645752 0.22468577325344086
2 137.0 13.537123680114746 23.397567749023438 14.48230855166912 14.249197006225586 0.23311154544353485
2 138.0 13.563972473144531 23.476041793823242 14.499351844191551 14.252077102661133 0.2472747415304184
2 139.0 13.58857250213623 23.56955909729004 14.527479201555252 14.263006210327148 0.26447299122810364
2 140.0 13.611997604370117 23.658201217651367 14.536744177341461 14.254288673400879 0.2824555039405823
2 141.0 13.646347999572754 23.736881256103516 14.579242140054703 14.279552459716797 0.2996896803379059
2 142.0 13.664337158203125 23.764751434326172 14.617789089679718 14.292848587036133 0.3249405026435852
2 143.0 13.682840347290039 23.79691505432129 14.666441351175308 14.300446510314941 0.3659948408603668
2 144.0 13.689340591430664 23.853588104248047 14.70483684539795 14.297551155090332 0.4072856903076172
2 145.0 13.681317329406738 23.9001407623291 14.71989381313324 14.270939826965332 0.4489539861679077
2 146.0 13.684067726135254 23.962827682495117 14.747624725103378 14.272547721862793 0.4750770032405853
2 147.0 13.683731079101562 24.042125701904297 14.773582816123962 14.268716812133789 0.5048660039901733
2 148.0 13.679536819458008 24.11043930053711 14.71453732252121 14.198797225952148 0.5157400965690613
2 149.0 13.678305625915527 24.186567306518555 14.660904347896576 14.118975639343262 0.5419287085533142
2 150.0 13.655990600585938 24.246232986450195 14.626401126384735 14.054682731628418 0.5717183947563171
2 151.0 13.623102188110352 24.272592544555664 14.59046596288681 13.983806610107422 0.6066593527793884
2 152.0 13.59686279296875 24.290699005126953 14.553447961807251 13.911134719848633 0.6423132419586182
2 153.0 13.56507396697998 24.3216495513916 14.520039975643158 13.857137680053711 0.662902295589447
2 154.0 13.548995971679688 24.360340118408203 14.479904592037201 13.791752815246582 0.6881517767906189
2 155.0 13.542596817016602 24.401866912841797 14.424912214279175 13.714962005615234 0.7099502086639404
2 156.0 13.532146453857422 24.42705535888672 14.385160386562347 13.644322395324707 0.7408379912376404
2 157.0 13.5107421875 24.43704605102539 14.361987829208374 13.594337463378906 0.7676503658294678
2 158.0 13.476372718811035 24.460899353027344 14.323626458644867 13.531972885131836 0.791653573513031
2 159.0 13.431583404541016 24.48976707458496 14.253388106822968 13.447480201721191 0.8059079051017761
2 160.0 13.418347358703613 24.525123596191406 14.247973263263702 13.429433822631836 0.8185394406318665
2 161.0 13.432538986206055 24.54368782043457 14.270874261856079 13.426165580749512 0.8447086811065674
2 162.0 13.437615394592285 24.531909942626953 14.311311185359955 13.44538688659668 0.8659242987632751
2 163.0 13.426855087280273 24.524078369140625 14.320168495178223 13.430744171142578 0.8894243240356445
2 164.0 13.431448936462402 24.511903762817383 14.33371376991272 13.41215705871582 0.9215567111968994
2 165.0 13.424776077270508 24.49856185913086 14.369861781597137 13.424543380737305 0.9453184008598328
2 166.0 13.396584510803223 24.46285629272461 14.414629638195038 13.447319984436035 0.9673096537590027
2 167.0 13.413893699645996 24.480764389038086 14.434439182281494 13.412286758422852 1.0221524238586426
2 168.0 13.45174503326416 24.53130340576172 14.455952525138855 13.381804466247559 1.0741480588912964
2 169.0 13.493721961975098 24.617929458618164 14.486520290374756 13.360705375671387 1.1258149147033691
2 170.0 13.516472816467285 24.68678855895996 14.5197434425354 13.33623218536377 1.1835112571716309
2 171.0 13.525321960449219 24.6875 14.52240538597107 13.304778099060059 1.2176272869110107
2 172.0 13.497274398803711 24.682022094726562 14.556627631187439 13.301143646240234 1.2554839849472046
2 173.0 13.459840774536133 24.69955062866211 14.540123581886292 13.25479507446289 1.2853285074234009
2 174.0 13.451066970825195 24.712242126464844 14.541110396385193 13.218048095703125 1.3230623006820679
2 175.0 13.454361915588379 24.72216796875 14.560622096061707 13.193326950073242 1.3672951459884644
2 176.0 13.488563537597656 24.730039596557617 14.615020632743835 13.170605659484863 1.4444149732589722
2 177.0 13.496336936950684 24.719022750854492 14.661787033081055 13.14194107055664 1.519845962524414
2 178.0 13.497309684753418 24.71958351135254 14.718798875808716 13.140786170959473 1.5780127048492432
2 179.0 13.46979808807373 24.735132217407227 14.704793810844421 13.112207412719727 1.5925863981246948
2 180.0 13.438358306884766 24.757373809814453 14.665597438812256 13.058832168579102 1.6067652702331543
2 181.0 13.425862312316895 24.7498836517334 14.662185072898865 13.02247428894043 1.639710783958435
2 182.0 13.433951377868652 24.730796813964844 14.702476978302002 12.974252700805664 1.728224277496338
2 183.0 13.458061218261719 24.73415756225586 14.732746958732605 12.907382011413574 1.8253649473190308
2 184.0 13.511214256286621 24.743976593017578 14.818861484527588 12.862076759338379 1.956784725189209
2 185.0 13.570242881774902 24.762699127197266 14.916324138641357 12.807310104370117 2.1090140342712402
2 186.0 13.603184700012207 24.782129287719727 14.963937282562256 12.739501953125 2.224435329437256
2 187.0 13.598365783691406 24.775691986083984 14.979291439056396 12.665013313293457 2.3142781257629395
2 188.0 13.588706016540527 24.7642879486084 14.93562650680542 12.557637214660645 2.3779892921447754
2 189.0 13.615409851074219 24.76689910888672 14.968094110488892 12.519293785095215 2.4488003253936768
2 190.0 13.634355545043945 24.786209106445312 14.98574709892273 12.450846672058105 2.534900426864624
2 191.0 13.687599182128906 24.78270149230957 15.00798511505127 12.373632431030273 2.634352684020996
2 192.0 13.763339042663574 24.758516311645508 15.091368198394775 12.307923316955566 2.783444881439209
2 193.0 13.862051010131836 24.756879806518555 15.242863416671753 12.276921272277832 2.965942144393921
2 194.0 13.940085411071777 24.751651763916016 15.322470426559448 12.198637008666992 3.123833417892456
2 195.0 13.977341651916504 24.7248477935791 15.403183221817017 12.129764556884766 3.273418664932251
2 196.0 13.987787246704102 24.700002670288086 15.4197096824646 12.05710220336914 3.362607479095459
2 197.0 13.971024513244629 24.650623321533203 15.441936016082764 12.025226593017578 3.4167094230651855
2 198.0 13.933284759521484 24.58755874633789 15.400718927383423 11.95438289642334 3.446336030960083
2 199.0 13.886048316955566 24.485301971435547 15.41774582862854 11.932493209838867 3.485252618789673
2 200.0 13.84085750579834 24.361303329467773 15.425731420516968 11.90368366241455 3.522047758102417
2 201.0 13.858683586120605 24.256244659423828 15.479480028152466 11.860163688659668 3.619316339492798
2 202.0 13.921792984008789 24.149614334106445 15.609935760498047 11.858601570129395 3.7513341903686523
2 203.0 14.018485069274902 24.059165954589844 15.745798110961914 11.81702995300293 3.9287681579589844
2 204.0 14.115181922912598 23.99540138244629 15.86065149307251 11.788666725158691 4.071984767913818
2 205.0 14.141096115112305 23.936037063598633 15.921749114990234 11.781030654907227 4.140718460083008
2 206.0 14.124369621276855 23.861162185668945 15.936473369598389 11.761241912841797 4.175231456756592
2 207.0 14.113409996032715 23.818208694458008 15.981361389160156 11.72998046875 4.251380920410156
2 208.0 14.152738571166992 23.738235473632812 16.103920459747314 11.727278709411621 4.376641750335693
2 209.0 14.223502159118652 23.653390884399414 16.226964473724365 11.709809303283691 4.517155170440674
2 210.0 14.251335144042969 23.563440322875977 16.31688356399536 11.667158126831055 4.649725437164307
2 211.0 14.28726577758789 23.454933166503906 16.474870204925537 11.637871742248535 4.836998462677002
2 212.0 14.384378433227539 23.313465118408203 16.600714683532715 11.603848457336426 4.996866226196289
2 213.0 14.446316719055176 23.161142349243164 16.70492124557495 11.562832832336426 5.142088413238525
2 214.0 14.5072603225708 23.03697967529297 16.781723976135254 11.497724533081055 5.283999443054199
2 215.0 14.559999465942383 22.948556900024414 16.86761236190796 11.415555953979492 5.452056407928467
2 216.0 14.569665908813477 22.855287551879883 16.894721508026123 11.337008476257324 5.557713031768799
2 217.0 14.596578598022461 22.73708724975586 16.966963291168213 11.276549339294434 5.690413951873779
2 218.0 14.604766845703125 22.574466705322266 17.015677452087402 11.222652435302734 5.793025016784668
2 219.0 14.620744705200195 22.376832962036133 17.128114700317383 11.173255920410156 5.954858779907227
2 220.0 14.687849998474121 22.174957275390625 17.234740257263184 11.082131385803223 6.152608871459961
2 221.0 14.733856201171875 22.015146255493164 17.277639865875244 10.989487648010254 6.28815221786499
2 222.0 14.789665222167969 21.851421356201172 17.386318683624268 10.9114408493042 6.474877834320068
2 223.0 14.891050338745117 21.69847297668457 17.528480052947998 10.835050582885742 6.693429470062256
2 224.0 14.965591430664062 21.547094345092773 17.59040594100952 10.727018356323242 6.863387584686279
2 225.0 15.0513916015625 21.41073226928711 17.625858306884766 10.599418640136719 7.026439666748047
2 226.0 15.128364562988281 21.286115646362305 17.606545448303223 10.445192337036133 7.16135311126709
2 227.0 15.217585563659668 21.119159698486328 17.674020767211914 10.342817306518555 7.331203460693359
2 228.0 15.270770072937012 20.908140182495117 17.761754989624023 10.244688034057617 7.517066955566406
2 229.0 15.281856536865234 20.635873794555664 17.8287353515625 10.177105903625488 7.651629447937012
2 230.0 15.373169898986816 20.391450881958008 17.920371532440186 10.115680694580078 7.804690837860107
2 231.0 15.48179817199707 20.173067092895508 18.043095111846924 10.049221992492676 7.993873119354248
2 232.0 15.545244216918945 19.923057556152344 18.203574180603027 9.987853050231934 8.215721130371094
2 233.0 15.636646270751953 19.67219352722168 18.328067779541016 9.928481101989746 8.39958667755127
2 234.0 15.727104187011719 19.41863250732422 18.460372924804688 9.861538887023926 8.598834037780762
2 235.0 15.825794219970703 19.163171768188477 18.552658081054688 9.775835990905762 8.776822090148926
2 236.0 15.874857902526855 18.921337127685547 18.628174781799316 9.69875717163086 8.929417610168457
2 237.0 15.911859512329102 18.678144454956055 18.65369415283203 9.57681941986084 9.076874732971191
2 238.0 15.98965835571289 18.406587600708008 18.780943870544434 9.457391738891602 9.323552131652832
2 239.0 16.11336898803711 18.148839950561523 18.890076637268066 9.37398624420166 9.516090393066406
2 240.0 16.209720611572266 17.894542694091797 18.96599006652832 9.239622116088867 9.726367950439453
2 241.0 16.26382064819336 17.643268585205078 19.04935359954834 9.127453804016113 9.921899795532227
2 242.0 16.345478057861328 17.395782470703125 19.116652488708496 9.033732414245605 10.08292007446289
2 243.0 16.442455291748047 17.138174057006836 19.187135696411133 8.926103591918945 10.261032104492188
2 244.0 16.487634658813477 16.86965560913086 19.302618980407715 8.826258659362793 10.476360321044922
2 245.0 16.472976684570312 16.6069278717041 19.38114356994629 8.727987289428711 10.653156280517578
2 246.0 16.48467445373535 16.342031478881836 19.42140769958496 8.614423751831055 10.806983947753906
2 247.0 16.55144691467285 16.070415496826172 19.563015937805176 8.51762866973877 11.045387268066406
2 248.0 16.606868743896484 15.809648513793945 19.605917930603027 8.381790161132812 11.224127769470215
2 249.0 16.61368179321289 15.568418502807617 19.648405075073242 8.240828514099121 11.407576560974121
2 250.0 16.647384643554688 15.33528995513916 19.70899772644043 8.113662719726562 11.595335006713867
2 251.0 16.646160125732422 15.101701736450195 19.724422931671143 7.988574504852295 11.735848426818848
2 252.0 16.659278869628906 14.880264282226562 19.77095651626587 7.867738246917725 11.903218269348145
2 253.0 16.699182510375977 14.692798614501953 19.763870239257812 7.735998153686523 12.027872085571289
2 254.0 16.714645385742188 14.501432418823242 19.821266651153564 7.590884685516357 12.230381965637207
2 255.0 16.645627975463867 14.280342102050781 19.8668212890625 7.476585388183594 12.390235900878906
2 256.0 16.585994720458984 14.043113708496094 19.773661613464355 7.288485527038574 12.485176086425781
2 257.0 16.599132537841797 13.812784194946289 19.792693614959717 7.1352152824401855 12.657478332519531
2 258.0 16.621578216552734 13.596389770507812 19.8017578125 7.031492233276367 12.770265579223633
2 259.0 16.656837463378906 13.39670181274414 19.873966693878174 6.9501118659973145 12.92385482788086
2 260.0 16.704782485961914 13.185051918029785 19.98211669921875 6.88067626953125 13.1014404296875
2 261.0 16.728660583496094 12.992443084716797 20.070733547210693 6.806041240692139 13.264692306518555
2 262.0 16.754919052124023 12.810599327087402 20.122992515563965 6.731487274169922 13.391505241394043
2 263.0 16.7835636138916 12.680168151855469 20.166130542755127 6.647597789764404 13.518532752990723
2 264.0 16.79196548461914 12.53656005859375 20.1375093460083 6.512768745422363 13.624740600585938
2 265.0 16.811878204345703 12.386837005615234 20.146807193756104 6.35901403427124 13.787793159484863
2 266.0 16.841245651245117 12.242425918579102 20.184290409088135 6.225524425506592 13.958765983581543
2 267.0 16.81793212890625 12.075750350952148 20.16013526916504 6.106152534484863 14.053982734680176
2 268.0 16.887252807617188 11.909383773803711 20.24965763092041 6.011955261230469 14.237702369689941
2 269.0 16.972444534301758 11.796027183532715 20.357864379882812 5.932950019836426 14.424914360046387
2 270.0 16.977231979370117 11.709938049316406 20.36063241958618 5.867239475250244 14.493392944335938
2 271.0 16.97989845275879 11.630590438842773 20.448847770690918 5.800378799438477 14.648468971252441
2 272.0 16.99604034423828 11.570503234863281 20.520156860351562 5.737575531005859 14.782581329345703
2 273.0 17.014942169189453 11.502097129821777 20.548965454101562 5.659614562988281 14.889350891113281
2 274.0 17.028352737426758 11.42176628112793 20.574302673339844 5.564615249633789 15.009687423706055
2 275.0 16.99481773376465 11.326067924499512 20.515963077545166 5.409426212310791 15.106536865234375
2 276.0 16.911792755126953 11.20151424407959 20.425367832183838 5.2552618980407715 15.170105934143066
2 277.0 16.87963104248047 11.09695816040039 20.443710803985596 5.147311687469482 15.296399116516113
2 278.0 16.864477157592773 11.023963928222656 20.34285831451416 5.00927734375 15.33358097076416
2 279.0 16.844009399414062 10.97761344909668 20.362658500671387 4.903201103210449 15.459457397460938
2 280.0 16.829753875732422 10.904601097106934 20.25324773788452 4.774871349334717 15.478376388549805
2 281.0 16.856359481811523 10.876272201538086 20.28416681289673 4.674442768096924 15.609724044799805
2 282.0 16.895431518554688 10.861461639404297 20.302757740020752 4.5692620277404785 15.733495712280273
2 283.0 16.914779663085938 10.841629028320312 20.255746841430664 4.454617500305176 15.801129341125488
2 284.0 16.942487716674805 10.82063102722168 20.237263679504395 4.362919807434082 15.874343872070312
2 285.0 17.008705139160156 10.80176830291748 20.27883291244507 4.2792181968688965 15.999614715576172
2 286.0 17.068119049072266 10.811111450195312 20.305142402648926 4.189135551452637 16.11600685119629
2 287.0 17.060791015625 10.798524856567383 20.316604137420654 4.1184916496276855 16.19811248779297
2 288.0 17.031208038330078 10.769882202148438 20.307162284851074 4.024100303649902 16.283061981201172
2 289.0 17.076183319091797 10.754390716552734 20.3667311668396 3.9478964805603027 16.418834686279297
2 290.0 17.120769500732422 10.73047161102295 20.386729955673218 3.8755242824554443 16.511205673217773
2 291.0 17.170263290405273 10.745445251464844 20.376922130584717 3.808518886566162 16.568403244018555
2 292.0 17.21652603149414 10.765149116516113 20.353541612625122 3.7178127765655518 16.63572883605957
2 293.0 17.238624572753906 10.776853561401367 20.347320318222046 3.623887777328491 16.723432540893555
2 294.0 17.230854034423828 10.787010192871094 20.29446792602539 3.5236892700195312 16.77077865600586
2 295.0 17.21509552001953 10.784941673278809 20.295440912246704 3.4378912448883057 16.8575496673584
2 296.0 17.193828582763672 10.801815032958984 20.175405740737915 3.3337175846099854 16.84168815612793
2 297.0 17.193950653076172 10.814645767211914 20.157357692718506 3.2562670707702637 16.901090621948242
2 298.0 17.181842803955078 10.810523986816406 20.145884037017822 3.1832756996154785 16.962608337402344
2 299.0 17.1301212310791 10.803922653198242 20.063838958740234 3.1119461059570312 16.951892852783203
2 300.0 17.126310348510742 10.832304000854492 20.08809781074524 3.037022829055786 17.051074981689453
2 301.0 17.091846466064453 10.862977981567383 20.02801752090454 2.961744785308838 17.066272735595703
2 302.0 17.011322021484375 10.886430740356445 19.9950213432312 2.9025416374206543 17.092479705810547
2 303.0 16.908050537109375 10.882606506347656 19.92840814590454 2.8669838905334473 17.061424255371094
2 304.0 16.860309600830078 10.882197380065918 19.90319323539734 2.84649920463562 17.05669403076172
2 305.0 16.824914932250977 10.887426376342773 19.892572164535522 2.8097360134124756 17.082836151123047
2 306.0 16.826766967773438 10.892749786376953 19.84784483909607 2.76554274559021 17.08230209350586
2 307.0 16.825796127319336 10.890812873840332 19.89156746864319 2.746999979019165 17.144567489624023
2 308.0 16.770084381103516 10.860774040222168 19.846372842788696 2.710218667984009 17.136154174804688
2 309.0 16.737483978271484 10.847153663635254 19.814475774765015 2.665332555770874 17.14914321899414
2 310.0 16.72872543334961 10.867603302001953 19.776616096496582 2.6306371688842773 17.145978927612305
2 311.0 16.747371673583984 10.940706253051758 19.681847095489502 2.5986199378967285 17.083227157592773
2 312.0 16.780344009399414 11.025300979614258 19.674092531204224 2.5660812854766846 17.10801124572754
2 313.0 16.89287757873535 11.138357162475586 19.60232710838318 2.5384881496429443 17.063838958740234
2 314.0 17.013553619384766 11.2691650390625 19.626232624053955 2.5383400917053223 17.087892532348633
2 315.0 17.114452362060547 11.393675804138184 19.620675802230835 2.539214849472046 17.08146095275879
2 316.0 17.219432830810547 11.530679702758789 19.6540424823761 2.5531208515167236 17.100921630859375
2 317.0 17.318201065063477 11.673494338989258 19.697904348373413 2.5950982570648193 17.102806091308594
2 318.0 17.499114990234375 11.840424537658691 19.790209770202637 2.6441469192504883 17.14606285095215
2 319.0 17.740428924560547 12.01690673828125 19.91270923614502 2.6705217361450195 17.2421875
2 320.0 17.913379669189453 12.193251609802246 19.988288402557373 2.664750576019287 17.323537826538086
2 321.0 17.980430603027344 12.328929901123047 20.045273542404175 2.67927622795105 17.365997314453125
2 322.0 18.043193817138672 12.420574188232422 20.1209659576416 2.7218780517578125 17.39908790588379
2 323.0 18.112945556640625 12.530314445495605 20.17255139350891 2.7416508197784424 17.43090057373047
2 324.0 18.15910530090332 12.630861282348633 20.26017451286316 2.7955806255340576 17.4645938873291
2 325.0 18.26512336730957 12.754161834716797 20.359611988067627 2.8248753547668457 17.53473663330078
2 326.0 18.36443328857422 12.898075103759766 20.436837911605835 2.87076735496521 17.566070556640625
2 327.0 18.441186904907227 13.044707298278809 20.42435336112976 2.9047610759735107 17.51959228515625
2 328.0 18.576522827148438 13.179570198059082 20.508784770965576 2.9709315299987793 17.537853240966797
2 329.0 18.68071937561035 13.29065227508545 20.601081371307373 3.0268759727478027 17.57420539855957
2 330.0 18.705533981323242 13.357565879821777 20.630951642990112 3.0800464153289795 17.550905227661133
2 331.0 18.759502410888672 13.42280101776123 20.7465763092041 3.1312427520751953 17.615333557128906
2 332.0 18.86597442626953 13.515524864196777 20.889602422714233 3.2397897243499756 17.649812698364258
2 333.0 19.075515747070312 13.684319496154785 21.036877870559692 3.343777894973755 17.693099975585938
2 334.0 19.21207046508789 13.857178688049316 21.181294441223145 3.41416072845459 17.767133712768555
2 335.0 19.350839614868164 14.007406234741211 21.325819730758667 3.502739667892456 17.82308006286621
2 336.0 19.516162872314453 14.159488677978516 21.44817614555359 3.6025779247283936 17.845598220825195
2 337.0 19.670761108398438 14.290191650390625 21.616743564605713 3.7254891395568848 17.891254425048828
2 338.0 19.794212341308594 14.419902801513672 21.793702363967896 3.8932526111602783 17.900449752807617
2 339.0 19.857885360717773 14.531682014465332 21.837451934814453 4.002870559692383 17.83458137512207
2 340.0 19.871477127075195 14.599004745483398 21.895923614501953 4.089744567871094 17.80617904663086
2 341.0 19.863906860351562 14.651849746704102 21.9592227935791 4.185907363891602 17.7733154296875
2 342.0 19.885765075683594 14.715961456298828 22.02420139312744 4.318070411682129 17.706130981445312
2 343.0 19.92589569091797 14.765605926513672 22.110761642456055 4.425024032592773 17.68573760986328
2 344.0 19.970739364624023 14.798757553100586 22.182941913604736 4.525335788726807 17.65760612487793
2 345.0 20.024852752685547 14.821300506591797 22.243282794952393 4.611805438995361 17.63147735595703
2 346.0 20.05023765563965 14.85843563079834 22.314849853515625 4.715940475463867 17.598909378051758
2 347.0 20.080617904663086 14.899555206298828 22.356501579284668 4.808957099914551 17.547544479370117
2 348.0 20.079570770263672 14.939870834350586 22.446298599243164 4.915225982666016 17.53107261657715
2 349.0 20.199928283691406 15.065295219421387 22.548471927642822 5.046457767486572 17.50201416015625
2 350.0 20.376062393188477 15.238616943359375 22.70996856689453 5.16200065612793 17.5479679107666
2 351.0 20.56180191040039 15.409595489501953 22.859359741210938 5.297586441040039 17.5617733001709
2 352.0 20.72745132446289 15.545048713684082 22.929439544677734 5.419410705566406 17.510028839111328
2 353.0 20.775827407836914 15.626483917236328 22.96931791305542 5.502645015716553 17.466672897338867
2 354.0 20.82084083557129 15.687494277954102 23.107226848602295 5.681128978729248 17.426097869873047
2 355.0 20.868518829345703 15.737119674682617 23.216294765472412 5.821544170379639 17.394750595092773
2 356.0 20.91897201538086 15.791494369506836 23.292131423950195 5.912454605102539 17.379676818847656
2 357.0 20.95322036743164 15.835403442382812 23.372769832611084 6.01753568649292 17.355234146118164
2 358.0 21.01885223388672 15.87761402130127 23.470121383666992 6.177276611328125 17.292844772338867
2 359.0 21.105575561523438 15.917020797729492 23.617530822753906 6.370811462402344 17.246719360351562
2 360.0 21.159744262695312 15.967546463012695 23.662139415740967 6.507148265838623 17.154991149902344
2 361.0 21.191394805908203 16.000335693359375 23.73965311050415 6.634180545806885 17.105472564697266
2 362.0 21.229610443115234 15.99106216430664 23.84025287628174 6.8093767166137695 17.03087615966797
2 363.0 21.334468841552734 16.005327224731445 24.03814172744751 7.029655933380127 17.008485794067383
2 364.0 21.488582611083984 16.07547378540039 24.272244453430176 7.254548072814941 17.017696380615234
2 365.0 21.629291534423828 16.161935806274414 24.369336128234863 7.442257881164551 16.927078247070312
2 366.0 21.72113800048828 16.20465850830078 24.462926864624023 7.654743194580078 16.808183670043945
3 1.0 22.372665405273438 22.723285675048828 26.558040618896484 8.757497787475586 17.8005428314209
3 2.0 22.260101318359375 22.481292724609375 26.61568832397461 8.862466812133789 17.75322151184082
3 3.0 22.112285614013672 22.278474807739258 26.684328079223633 8.945045471191406 17.739282608032227
3 4.0 21.95871353149414 22.077871322631836 26.704882621765137 9.056632041931152 17.648250579833984
3 5.0 21.82202911376953 21.91122817993164 26.68336582183838 9.166985511779785 17.516380310058594
3 6.0 21.63207244873047 21.6947021484375 26.600558280944824 9.279328346252441 17.321229934692383
3 7.0 21.474597930908203 21.483861923217773 26.56808567047119 9.40253734588623 17.16554832458496
3 8.0 21.32904815673828 21.285446166992188 26.488210678100586 9.499246597290039 16.988964080810547
3 9.0 21.18169403076172 21.138717651367188 26.39936637878418 9.600713729858398 16.79865264892578
3 10.0 20.996828079223633 20.97056007385254 26.320714950561523 9.703195571899414 16.61751937866211
3 11.0 20.77804946899414 20.785625457763672 26.138476371765137 9.780552864074707 16.35792350769043
3 12.0 20.628528594970703 20.624706268310547 26.02946376800537 9.897013664245605 16.132450103759766
3 13.0 20.447673797607422 20.42782974243164 25.8331356048584 10.018566131591797 15.814569473266602
3 14.0 20.180259704589844 20.174448013305664 25.644038200378418 10.100248336791992 15.543789863586426
3 15.0 19.95874786376953 19.96818733215332 25.51651096343994 10.230582237243652 15.285928726196289
3 16.0 19.710521697998047 19.779220581054688 25.28840732574463 10.332392692565918 14.956014633178711
3 17.0 19.416248321533203 19.593402862548828 24.96670627593994 10.374844551086426 14.591861724853516
3 18.0 19.195512771606445 19.451210021972656 24.623486518859863 10.423648834228516 14.199837684631348
3 19.0 18.99307632446289 19.32218360900879 24.418155670166016 10.492076873779297 13.926078796386719
3 20.0 18.769445419311523 19.14989471435547 24.184494972229004 10.598668098449707 13.585826873779297
3 21.0 18.552047729492188 18.96268653869629 23.918904304504395 10.692784309387207 13.226119995117188
3 22.0 18.289793014526367 18.76416015625 23.57065773010254 10.789694786071777 12.780962944030762
3 23.0 17.990373611450195 18.55617904663086 23.229866981506348 10.824851036071777 12.40501594543457
3 24.0 17.67761993408203 18.372325897216797 22.756826400756836 10.861124992370605 11.89570140838623
3 25.0 17.407188415527344 18.230918884277344 22.187180519104004 10.881220817565918 11.305959701538086
3 26.0 17.17092514038086 18.093610763549805 21.76023292541504 10.963010787963867 10.797222137451172
3 27.0 16.942960739135742 17.963335037231445 21.29557991027832 11.036924362182617 10.258655548095703
3 28.0 16.69178581237793 17.835914611816406 20.77560329437256 11.087753295898438 9.687849998474121
3 29.0 16.410972595214844 17.697410583496094 20.343223571777344 11.130932807922363 9.21229076385498
3 30.0 16.11151123046875 17.515670776367188 19.985857009887695 11.146370887756348 8.839486122131348
3 31.0 15.839107513427734 17.34006118774414 19.62384033203125 11.161493301391602 8.462347030639648
3 32.0 15.598004341125488 17.214481353759766 19.30215549468994 11.201560974121094 8.100594520568848
3 33.0 15.413768768310547 17.149566650390625 19.01662540435791 11.281913757324219 7.734711647033691
3 34.0 15.229720115661621 17.042394638061523 18.777955055236816 11.346593856811523 7.431361198425293
3 35.0 15.02697467803955 16.9073429107666 18.50333261489868 11.436932563781738 7.066400051116943
3 36.0 14.845928192138672 16.777935028076172 18.065619945526123 11.483521461486816 6.582098484039307
3 37.0 14.674700736999512 16.646984100341797 17.72922372817993 11.594444274902344 6.134779453277588
3 38.0 14.580496788024902 16.579017639160156 17.509755611419678 11.704670906066895 5.805084705352783
3 39.0 14.487143516540527 16.555295944213867 17.29287099838257 11.817869186401367 5.475001811981201
3 40.0 14.464134216308594 16.56096076965332 17.20743989944458 12.02370834350586 5.183731555938721
3 41.0 14.373125076293945 16.564476013183594 16.94529676437378 12.13758373260498 4.807713031768799
3 42.0 14.154597282409668 16.486858367919922 16.704410076141357 12.163613319396973 4.540796756744385
3 43.0 13.958976745605469 16.452848434448242 16.40556573867798 12.157870292663574 4.247695446014404
3 44.0 13.812533378601074 16.46074676513672 16.061253309249878 12.146602630615234 3.9146506786346436
3 45.0 13.709458351135254 16.449520111083984 15.820754528045654 12.151366233825684 3.6693882942199707
3 46.0 13.610952377319336 16.404273986816406 15.623956203460693 12.184952735900879 3.4390034675598145
3 47.0 13.465322494506836 16.330631256103516 15.386446714401245 12.184587478637695 3.20185923576355
3 48.0 13.374130249023438 16.291851043701172 15.14484429359436 12.221418380737305 2.9234259128570557
3 49.0 13.336799621582031 16.303510665893555 15.0446138381958 12.325166702270508 2.719447135925293
3 50.0 13.294950485229492 16.316143035888672 14.902071237564087 12.412988662719727 2.4890825748443604
3 51.0 13.163071632385254 16.334169387817383 14.640284776687622 12.420794486999512 2.2194902896881104
3 52.0 13.001928329467773 16.359525680541992 14.37772250175476 12.31892204284668 2.058800458908081
3 53.0 12.88206672668457 16.385812759399414 14.18093991279602 12.262478828430176 1.9184610843658447
3 54.0 12.78297233581543 16.407926559448242 13.957557320594788 12.222208976745605 1.7353483438491821
3 55.0 12.694482803344727 16.414072036743164 13.805771708488464 12.203653335571289 1.6021183729171753
3 56.0 12.619649887084961 16.42951774597168 13.686281085014343 12.185007095336914 1.5012739896774292
3 57.0 12.575689315795898 16.439468383789062 13.605062246322632 12.188638687133789 1.4164235591888428
3 58.0 12.508061408996582 16.4204158782959 13.603580355644226 12.244841575622559 1.3587387800216675
3 59.0 12.448348999023438 16.415620803833008 13.558958411216736 12.261375427246094 1.297582983970642
3 60.0 12.427610397338867 16.44005584716797 13.525540828704834 12.319025039672852 1.2065157890319824
3 61.0 12.475144386291504 16.514347076416016 13.494558691978455 12.373888969421387 1.1206697225570679
3 62.0 12.560376167297363 16.617977142333984 13.528439998626709 12.473255157470703 1.0551848411560059
3 63.0 12.617592811584473 16.71247100830078 13.535709977149963 12.530986785888672 1.0047231912612915
3 64.0 12.637331008911133 16.765661239624023 13.602524280548096 12.624978065490723 0.977546215057373
3 65.0 12.67009449005127 16.833948135375977 13.643817365169525 12.683355331420898 0.9604620337486267
3 66.0 12.71679401397705 16.90397834777832 13.698644816875458 12.770276069641113 0.9283687472343445
3 67.0 12.756263732910156 16.978267669677734 13.701827347278595 12.82961368560791 0.8722136616706848
3 68.0 12.817203521728516 17.05499839782715 13.753065526485443 12.927157402038574 0.8259081244468689
3 69.0 12.869948387145996 17.123085021972656 13.806810438632965 13.051726341247559 0.7550840973854065
3 70.0 12.898391723632812 17.210573196411133 13.844635784626007 13.170987129211426 0.6736486554145813
3 71.0 12.898364067077637 17.331649780273438 13.870156466960907 13.24240493774414 0.6277515292167664
3 72.0 12.843804359436035 17.421340942382812 13.788996756076813 13.199233055114746 0.5897637009620667
3 73.0 12.778327941894531 17.518779754638672 13.699580192565918 13.142992973327637 0.5565872192382812
3 74.0 12.742725372314453 17.613405227661133 13.64968916773796 13.154367446899414 0.49532172083854675
3 75.0 12.718785285949707 17.706378936767578 13.572256296873093 13.127745628356934 0.44451066851615906
3 76.0 12.685678482055664 17.806734085083008 13.568016290664673 13.15245532989502 0.4155609607696533
3 77.0 12.661419868469238 17.909305572509766 13.497779995203018 13.121217727661133 0.3765622675418854
3 78.0 12.652120590209961 17.99031639099121 13.492494732141495 13.144742012023926 0.34775272011756897
3 79.0 12.642569541931152 18.05547332763672 13.517627090215683 13.180220603942871 0.3374064862728119
3 80.0 12.66502571105957 18.154991149902344 13.528152048587799 13.211565971374512 0.31658607721328735
3 81.0 12.695990562438965 18.26576805114746 13.49868181347847 13.210136413574219 0.2885453999042511
3 82.0 12.715619087219238 18.364320755004883 13.513722151517868 13.258776664733887 0.2549454867839813
3 83.0 12.707018852233887 18.42459487915039 13.518394991755486 13.2855806350708 0.23281435668468475
3 84.0 12.726499557495117 18.473735809326172 13.540131568908691 13.329204559326172 0.21092700958251953
3 85.0 12.737772941589355 18.532997131347656 13.573873981833458 13.377642631530762 0.19623135030269623
3 86.0 12.738016128540039 18.61574363708496 13.59745106101036 13.409933090209961 0.18751797080039978
3 87.0 12.691250801086426 18.704505920410156 13.562496334314346 13.384580612182617 0.17791572213172913
3 88.0 12.676960945129395 18.80681610107422 13.545509412884712 13.371023178100586 0.17448623478412628
3 89.0 12.685213088989258 18.916601181030273 13.502673223614693 13.341588973999023 0.16108424961566925
3 90.0 12.707633972167969 19.040136337280273 13.50848414003849 13.351433753967285 0.15705038607120514
3 91.0 12.772035598754883 19.160097122192383 13.603991195559502 13.454427719116211 0.1495634764432907
3 92.0 12.844411849975586 19.273828506469727 13.663561895489693 13.523799896240234 0.1397619992494583
3 93.0 12.926322937011719 19.374160766601562 13.773191079497337 13.635578155517578 0.13761292397975922
3 94.0 12.973194122314453 19.462087631225586 13.815261080861092 13.68841552734375 0.1268455535173416
3 95.0 13.01030158996582 19.575740814208984 13.824212744832039 13.70446491241455 0.1197478324174881
3 96.0 13.021556854248047 19.67693519592285 13.864201501011848 13.748517036437988 0.11568446457386017
3 97.0 13.016554832458496 19.747055053710938 13.88785258680582 13.773958206176758 0.11389438062906265
3 98.0 13.042340278625488 19.821226119995117 13.943220742046833 13.83872127532959 0.1044994667172432
3 99.0 13.061849594116211 19.891162872314453 13.93770145624876 13.842523574829102 0.09517788141965866
3 100.0 13.047002792358398 19.938947677612305 13.943367071449757 13.854641914367676 0.08872515708208084
3 101.0 13.071396827697754 20.006093978881836 13.964734211564064 13.878988265991211 0.08574594557285309
3 102.0 13.101226806640625 20.099079132080078 13.988663099706173 13.903523445129395 0.08513965457677841
3 103.0 13.118561744689941 20.190961837768555 13.975689269602299 13.893059730529785 0.08262953907251358
3 104.0 13.134913444519043 20.268962860107422 13.994338564574718 13.919373512268066 0.07496505230665207
3 105.0 13.187956809997559 20.34718132019043 14.02814520150423 13.960843086242676 0.06730211526155472
3 106.0 13.203155517578125 20.430286407470703 14.079727329313755 14.015625953674316 0.06410137563943863
3 107.0 13.197319984436035 20.524837493896484 14.089777365326881 14.026206016540527 0.06357134878635406
3 108.0 13.191801071166992 20.619548797607422 14.091057851910591 14.029473304748535 0.06158454716205597
3 109.0 13.214070320129395 20.696693420410156 14.147571295499802 14.087149620056152 0.06042167544364929
3 110.0 13.257935523986816 20.79014778137207 14.210787031799555 14.14950180053711 0.06128523126244545
3 111.0 13.30372142791748 20.88983726501465 14.255757726728916 14.1936616897583 0.06209603697061539
3 112.0 13.325963973999023 20.983821868896484 14.236288577318192 14.173713684082031 0.06257489323616028
3 113.0 13.32816219329834 21.064098358154297 14.238284476101398 14.171375274658203 0.06690920144319534
3 114.0 13.323366165161133 21.13981819152832 14.256419643759727 14.188940048217773 0.06747959554195404
3 115.0 13.30623722076416 21.212913513183594 14.217704184353352 14.150657653808594 0.06704653054475784
3 116.0 13.262726783752441 21.287792205810547 14.18938384950161 14.124541282653809 0.06484256684780121
3 117.0 13.21912670135498 21.37344741821289 14.16503844410181 14.09843921661377 0.06659922748804092
3 118.0 13.199106216430664 21.46211814880371 14.149652995169163 14.085860252380371 0.06379274278879166
3 119.0 13.203614234924316 21.555387496948242 14.143305607140064 14.079011917114258 0.06429369002580643
3 120.0 13.181854248046875 21.617530822753906 14.180218368768692 14.115265846252441 0.06495252251625061
3 121.0 13.17033576965332 21.682130813598633 14.199399769306183 14.131837844848633 0.06756192445755005
3 122.0 13.219579696655273 21.783401489257812 14.239554658532143 14.165493965148926 0.07406069338321686
3 123.0 13.279410362243652 21.89719009399414 14.30155797302723 14.217649459838867 0.08390851318836212
3 124.0 13.31494426727295 21.99346923828125 14.314478620886803 14.226181030273438 0.08829759061336517
3 125.0 13.32400131225586 22.040908813476562 14.326973102986813 14.230358123779297 0.09661497920751572
3 126.0 13.353439331054688 22.101125717163086 14.374723069369793 14.275873184204102 0.09884988516569138
3 127.0 13.338489532470703 22.14950942993164 14.36740256100893 14.265276908874512 0.10212565213441849
3 128.0 13.280482292175293 22.155630111694336 14.32431772351265 14.220985412597656 0.10333231091499329
3 129.0 13.25409984588623 22.177513122558594 14.278828009963036 14.175976753234863 0.1028512567281723
3 130.0 13.249032974243164 22.27181053161621 14.22650983184576 14.119699478149414 0.10681035369634628
3 131.0 13.252790451049805 22.38709831237793 14.227429583668709 14.11221694946289 0.11521263420581818
3 132.0 13.223021507263184 22.480554580688477 14.236197173595428 14.108541488647461 0.12765568494796753
3 133.0 13.172954559326172 22.540761947631836 14.186406686902046 14.047788619995117 0.13861806690692902
3 134.0 13.142056465148926 22.61061668395996 14.166048988699913 14.015488624572754 0.15056036412715912
3 135.0 13.129325866699219 22.670757293701172 14.165315240621567 14.004951477050781 0.16036376357078552
3 136.0 13.12153148651123 22.720670700073242 14.197714731097221 14.030323028564453 0.16739170253276825
3 137.0 13.104255676269531 22.761154174804688 14.226467221975327 14.057499885559082 0.1689673364162445
3 138.0 13.101275444030762 22.821577072143555 14.200225129723549 14.025702476501465 0.17452265322208405
3 139.0 13.085919380187988 22.899484634399414 14.179098144173622 13.991226196289062 0.18787194788455963
3 140.0 13.039602279663086 22.960416793823242 14.126443803310394 13.926911354064941 0.19953244924545288
3 141.0 13.029012680053711 23.016048431396484 14.070210412144661 13.853915214538574 0.21629519760608673
3 142.0 13.034645080566406 23.062389373779297 14.067005559802055 13.82322883605957 0.24377672374248505
3 143.0 13.005270957946777 23.11516571044922 14.034579873085022 13.752058029174805 0.2825218439102173
3 144.0 12.985777854919434 23.160001754760742 14.055220991373062 13.740255355834961 0.3149656355381012
3 145.0 12.990674018859863 23.207988739013672 14.041015356779099 13.688135147094727 0.35288020968437195
3 146.0 13.016438484191895 23.260522842407227 14.058110475540161 13.670929908752441 0.3871805667877197
3 147.0 13.035687446594238 23.296009063720703 14.036560863256454 13.610868453979492 0.4256924092769623
3 148.0 13.050374984741211 23.319839477539062 14.063731729984283 13.601731300354004 0.46200042963027954
3 149.0 13.080001831054688 23.3828125 14.094492882490158 13.602751731872559 0.4917411506175995
3 150.0 13.094706535339355 23.451126098632812 14.095328390598297 13.56793212890625 0.5273962616920471
3 151.0 13.099196434020996 23.490283966064453 14.087325274944305 13.52148151397705 0.5658437609672546
3 152.0 13.118252754211426 23.543243408203125 14.10620504617691 13.505619049072266 0.6005859971046448
3 153.0 13.156501770019531 23.608137130737305 14.102373242378235 13.449747085571289 0.6526261568069458
3 154.0 13.196708679199219 23.676435470581055 14.124586701393127 13.425264358520508 0.6993223428726196
3 155.0 13.23398494720459 23.741552352905273 14.161953330039978 13.41447639465332 0.7474769353866577
3 156.0 13.257962226867676 23.792613983154297 14.225215017795563 13.417258262634277 0.8079567551612854
3 157.0 13.266518592834473 23.82211685180664 14.2627392411232 13.39582347869873 0.866915762424469
3 158.0 13.28330135345459 23.87453269958496 14.299201726913452 13.375066757202148 0.9241349697113037
3 159.0 13.299124717712402 23.927221298217773 14.31388634443283 13.35344123840332 0.9604451060295105
3 160.0 13.312710762023926 23.941909790039062 14.365160584449768 13.33942699432373 1.0257335901260376
3 161.0 13.331005096435547 23.94779396057129 14.419172048568726 13.288873672485352 1.130298376083374
3 162.0 13.363083839416504 23.96775245666504 14.462586879730225 13.238000869750977 1.224586009979248
3 163.0 13.402961730957031 24.024538040161133 14.453328013420105 13.168631553649902 1.2846964597702026
3 164.0 13.441040992736816 24.076921463012695 14.504929661750793 13.136404037475586 1.3685256242752075
3 165.0 13.476102828979492 24.10811424255371 14.56960153579712 13.14090633392334 1.4286952018737793
3 166.0 13.53063678741455 24.14876365661621 14.639444828033447 13.141429901123047 1.4980149269104004
3 167.0 13.546565055847168 24.15801429748535 14.692735075950623 13.125372886657715 1.5673621892929077
3 168.0 13.576131820678711 24.15459442138672 14.758209943771362 13.097249984741211 1.6609599590301514
3 169.0 13.58869457244873 24.131990432739258 14.79315960407257 13.092171669006348 1.7009879350662231
3 170.0 13.580887794494629 24.148653030395508 14.806360960006714 13.057982444763184 1.7483785152435303
3 171.0 13.59756851196289 24.17583656311035 14.878771305084229 13.057625770568848 1.8211455345153809
3 172.0 13.647856712341309 24.20831298828125 14.915331721305847 13.02792739868164 1.8874043226242065
3 173.0 13.678369522094727 24.22938346862793 14.96873927116394 13.041353225708008 1.9273860454559326
3 174.0 13.724325180053711 24.25856590270996 15.025489211082458 13.045462608337402 1.9800266027450562
3 175.0 13.77182388305664 24.292980194091797 15.073755979537964 13.009345054626465 2.064410924911499
3 176.0 13.807233810424805 24.31074333190918 15.142609596252441 12.980279922485352 2.16232967376709
3 177.0 13.849145889282227 24.319625854492188 15.233667373657227 12.95785903930664 2.275808334350586
3 178.0 13.866069793701172 24.31134796142578 15.298819780349731 12.950433731079102 2.34838604927063
3 179.0 13.863810539245605 24.2860050201416 15.343422412872314 12.916422843933105 2.426999568939209
3 180.0 13.88134479522705 24.266355514526367 15.379222393035889 12.85232162475586 2.5269007682800293
3 181.0 13.910660743713379 24.28011703491211 15.378576517105103 12.783092498779297 2.5954840183258057
3 182.0 13.95415210723877 24.30719566345215 15.37796139717102 12.704933166503906 2.6730282306671143
3 183.0 13.99769401550293 24.322750091552734 15.462554931640625 12.665764808654785 2.79679012298584
3 184.0 14.06435489654541 24.352270126342773 15.537795543670654 12.585906982421875 2.9518885612487793
3 185.0 14.119039535522461 24.36245346069336 15.590738534927368 12.515944480895996 3.074794054031372
3 186.0 14.147687911987305 24.305267333984375 15.642080068588257 12.457723617553711 3.184356451034546
3 187.0 14.203126907348633 24.247488021850586 15.75447416305542 12.398791313171387 3.355682849884033
3 188.0 14.30422592163086 24.250682830810547 15.892310619354248 12.355567932128906 3.536742687225342
3 189.0 14.354921340942383 24.268041610717773 15.981279373168945 12.329891204833984 3.651388168334961
3 190.0 14.367256164550781 24.265871047973633 16.035029649734497 12.313648223876953 3.721381425857544
3 191.0 14.358820915222168 24.215614318847656 16.081340789794922 12.29654598236084 3.784794807434082
3 192.0 14.350893020629883 24.14084243774414 16.129149913787842 12.281181335449219 3.847968578338623
3 193.0 14.340368270874023 24.08762550354004 16.155752658843994 12.248025894165039 3.907726764678955
3 194.0 14.359950065612793 24.05581283569336 16.157716512680054 12.201193809509277 3.9565227031707764
3 195.0 14.423906326293945 24.014719009399414 16.22825002670288 12.151453018188477 4.076797008514404
3 196.0 14.507547378540039 23.966934204101562 16.30410099029541 12.09592342376709 4.20817756652832
3 197.0 14.584366798400879 23.919837951660156 16.39533567428589 12.05041217803955 4.344923496246338
3 198.0 14.653900146484375 23.879594802856445 16.48520565032959 12.031227111816406 4.453978538513184
3 199.0 14.721658706665039 23.855207443237305 16.5582537651062 11.98566722869873 4.572586536407471
3 200.0 14.805570602416992 23.833520889282227 16.612342834472656 11.926286697387695 4.686056137084961
3 201.0 14.85077953338623 23.78032875061035 16.707624912261963 11.883566856384277 4.8240580558776855
3 202.0 14.856913566589355 23.708942413330078 16.731959342956543 11.812824249267578 4.919135093688965
3 203.0 14.85763168334961 23.62575340270996 16.7636399269104 11.77003002166748 4.99360990524292
3 204.0 14.804000854492188 23.517763137817383 16.786907196044922 11.724594116210938 5.062313079833984
3 205.0 14.76237964630127 23.403465270996094 16.760573863983154 11.661209106445312 5.099364757537842
3 206.0 14.77204704284668 23.312305450439453 16.75670576095581 11.598817825317383 5.157887935638428
3 207.0 14.806559562683105 23.230249404907227 16.860251426696777 11.573246002197266 5.287005424499512
3 208.0 14.846704483032227 23.153799057006836 16.904470443725586 11.521291732788086 5.3831787109375
3 209.0 14.838911056518555 23.042163848876953 16.96989107131958 11.47109317779541 5.49879789352417
3 210.0 14.82941722869873 22.907480239868164 16.93376398086548 11.382943153381348 5.550820827484131
3 211.0 14.907532691955566 22.794597625732422 17.058069705963135 11.3312406539917 5.7268290519714355
3 212.0 14.993476867675781 22.682580947875977 17.1508469581604 11.26395034790039 5.88689661026001
3 213.0 15.039730072021484 22.55466651916504 17.203418254852295 11.208954811096191 5.9944634437561035
3 214.0 15.072589874267578 22.389543533325195 17.27592420578003 11.12020206451416 6.155722141265869
3 215.0 15.10920238494873 22.22661781311035 17.30786895751953 10.990559577941895 6.317309379577637
3 216.0 15.15311050415039 22.062028884887695 17.355055332183838 10.880484580993652 6.4745707511901855
3 217.0 15.168939590454102 21.901676177978516 17.4219388961792 10.806821823120117 6.615117073059082
3 218.0 15.197040557861328 21.749650955200195 17.50364589691162 10.727447509765625 6.776198387145996
3 219.0 15.23774528503418 21.603351593017578 17.568785667419434 10.641219139099121 6.9275665283203125
3 220.0 15.310647964477539 21.455263137817383 17.670592784881592 10.545377731323242 7.12521505355835
3 221.0 15.42863655090332 21.29677963256836 17.771211624145508 10.460274696350098 7.31093692779541
3 222.0 15.52182674407959 21.11720085144043 17.86911964416504 10.377391815185547 7.491727828979492
3 223.0 15.645038604736328 20.946720123291016 18.05257558822632 10.347501754760742 7.705073833465576
3 224.0 15.730897903442383 20.78705406188965 18.192062377929688 10.29532527923584 7.896737098693848
3 225.0 15.81408405303955 20.614469528198242 18.34018898010254 10.252065658569336 8.088123321533203
3 226.0 15.9315185546875 20.427898406982422 18.440926551818848 10.172220230102539 8.268706321716309
3 227.0 16.031219482421875 20.217201232910156 18.55436134338379 10.140477180480957 8.413884162902832
3 228.0 16.080821990966797 19.97604751586914 18.654080390930176 10.077348709106445 8.57673168182373
3 229.0 16.16452407836914 19.743247985839844 18.77425193786621 10.037166595458984 8.737085342407227
3 230.0 16.265029907226562 19.526451110839844 18.85896587371826 9.958864212036133 8.900101661682129
3 231.0 16.358652114868164 19.27811050415039 19.030872344970703 9.880035400390625 9.150836944580078
3 232.0 16.469606399536133 18.971494674682617 19.1838436126709 9.81165599822998 9.372187614440918
3 233.0 16.539648056030273 18.661821365356445 19.390849113464355 9.79277229309082 9.598076820373535
3 234.0 16.617992401123047 18.382396697998047 19.489192962646484 9.746381759643555 9.74281120300293
3 235.0 16.73826026916504 18.102352142333984 19.60002899169922 9.684835433959961 9.915193557739258
3 236.0 16.829341888427734 17.817617416381836 19.79667854309082 9.628419876098633 10.168258666992188
3 237.0 16.924678802490234 17.52546501159668 19.896235466003418 9.527667045593262 10.368568420410156
3 238.0 17.040077209472656 17.2601318359375 20.00619888305664 9.423168182373047 10.583030700683594
3 239.0 17.07400131225586 16.984867095947266 20.070024490356445 9.307868957519531 10.762155532836914
3 240.0 17.08510971069336 16.712905883789062 20.146567344665527 9.197611808776855 10.948955535888672
3 241.0 17.182384490966797 16.46205711364746 20.259695053100586 9.09327220916748 11.166422843933105
3 242.0 17.207399368286133 16.193958282470703 20.322784423828125 8.984539031982422 11.338245391845703
3 243.0 17.188852310180664 15.904777526855469 20.368846893310547 8.861377716064453 11.507469177246094
3 244.0 17.196514129638672 15.584665298461914 20.371145248413086 8.715804100036621 11.655341148376465
3 245.0 17.233184814453125 15.251235961914062 20.39482593536377 8.572203636169434 11.822622299194336
3 246.0 17.299776077270508 14.975110054016113 20.483759880065918 8.506158828735352 11.977601051330566
3 247.0 17.33193016052246 14.711685180664062 20.589357376098633 8.43017578125 12.159181594848633
3 248.0 17.370683670043945 14.435615539550781 20.723917961120605 8.376344680786133 12.347573280334473
3 249.0 17.396198272705078 14.14435863494873 20.783549308776855 8.286500930786133 12.497048377990723
3 250.0 17.424022674560547 13.900716781616211 20.905275344848633 8.195342063903809 12.709933280944824
3 251.0 17.44837188720703 13.680444717407227 20.99502944946289 8.088720321655273 12.906309127807617
3 252.0 17.462852478027344 13.459030151367188 21.064995765686035 8.004680633544922 13.060315132141113
3 253.0 17.40691375732422 13.213553428649902 21.067007064819336 7.884098052978516 13.18290901184082
3 254.0 17.29817771911621 12.94226360321045 21.06818151473999 7.7631001472473145 13.305081367492676
3 255.0 17.113269805908203 12.660645484924316 20.90889883041382 7.5561747550964355 13.352724075317383
3 256.0 16.972309112548828 12.395159721374512 20.87930727005005 7.39758825302124 13.481719017028809
3 257.0 16.9462947845459 12.19124984741211 20.883026599884033 7.239175319671631 13.643851280212402
3 258.0 16.96405029296875 12.028867721557617 20.849358081817627 7.048024654388428 13.8013334274292
3 259.0 16.980928421020508 11.865447998046875 20.798847198486328 6.84178352355957 13.957063674926758
3 260.0 16.974239349365234 11.702665328979492 20.74127721786499 6.618924617767334 14.122352600097656
3 261.0 16.980213165283203 11.538228988647461 20.758760929107666 6.504787921905518 14.253973007202148
3 262.0 16.944486618041992 11.359766006469727 20.722360134124756 6.34965181350708 14.372708320617676
3 263.0 16.921390533447266 11.18962287902832 20.69349241256714 6.177218914031982 14.516273498535156
3 264.0 16.98453140258789 11.057138442993164 20.75836992263794 6.045085430145264 14.713284492492676
3 265.0 17.065288543701172 10.944877624511719 20.83959436416626 5.932539463043213 14.907054901123047
3 266.0 17.074277877807617 10.82375431060791 20.768540382385254 5.736380577087402 15.032159805297852
3 267.0 17.038267135620117 10.701284408569336 20.75412654876709 5.567967414855957 15.186159133911133
3 268.0 16.9773006439209 10.590215682983398 20.693593502044678 5.409059047698975 15.284534454345703
3 269.0 16.965232849121094 10.527512550354004 20.692663192749023 5.273100852966309 15.419562339782715
3 270.0 16.969919204711914 10.462543487548828 20.636216640472412 5.129675388336182 15.50654125213623
3 271.0 16.959415435791016 10.408154487609863 20.616877555847168 4.9728546142578125 15.644022941589355
3 272.0 16.98431396484375 10.374303817749023 20.53701686859131 4.845685958862305 15.691330909729004
3 273.0 17.02408218383789 10.351977348327637 20.565760612487793 4.730800628662109 15.834959983825684
3 274.0 17.02602767944336 10.325590133666992 20.527594566345215 4.606590270996094 15.921004295349121
3 275.0 17.030298233032227 10.288860321044922 20.539872646331787 4.5061163902282715 16.033756256103516
3 276.0 17.0472469329834 10.253793716430664 20.602908611297607 4.399552822113037 16.20335578918457
3 277.0 17.071813583374023 10.212174415588379 20.56772518157959 4.293553352355957 16.274171829223633
3 278.0 17.108293533325195 10.18674087524414 20.595913410186768 4.200315952301025 16.395597457885742
3 279.0 17.13787269592285 10.175540924072266 20.552698612213135 4.087250232696533 16.4654483795166
3 280.0 17.11785888671875 10.164819717407227 20.459481954574585 3.9077203273773193 16.551761627197266
3 281.0 17.13688087463379 10.156722068786621 20.39379906654358 3.686699151992798 16.70709991455078
3 282.0 17.18680763244629 10.14535903930664 20.331201553344727 3.566530227661133 16.764671325683594
3 283.0 17.282461166381836 10.163509368896484 20.314932107925415 3.4358255863189697 16.879106521606445
3 284.0 17.351224899291992 10.204437255859375 20.281476736068726 3.3111016750335693 16.970375061035156
3 285.0 17.399505615234375 10.23991584777832 20.296359539031982 3.15510892868042 17.141250610351562
3 286.0 17.378511428833008 10.242831230163574 20.292856216430664 3.0268077850341797 17.266048431396484
3 287.0 17.32501983642578 10.20716381072998 20.273075342178345 2.938995599746704 17.33407974243164
3 288.0 17.275081634521484 10.189179420471191 20.224064111709595 2.839142084121704 17.38492202758789
3 289.0 17.244325637817383 10.186722755432129 20.150877952575684 2.707158088684082 17.4437198638916
3 290.0 17.21025848388672 10.164819717407227 20.089016675949097 2.589857816696167 17.49915885925293
3 291.0 17.171592712402344 10.168730735778809 20.013458251953125 2.473630905151367 17.539827346801758
3 292.0 17.21588134765625 10.205400466918945 19.972151279449463 2.4011616706848145 17.57098960876465
3 293.0 17.32219123840332 10.233111381530762 19.993751764297485 2.3238279819488525 17.669923782348633
3 294.0 17.443693161010742 10.290590286254883 20.025139570236206 2.25604510307312 17.769094467163086
3 295.0 17.582237243652344 10.356571197509766 20.132596969604492 2.174692153930664 17.957904815673828
3 296.0 17.676685333251953 10.45117473602295 20.199671745300293 2.0986413955688477 18.101030349731445
3 297.0 17.73626136779785 10.531095504760742 20.171457171440125 1.9762552976608276 18.195201873779297
3 298.0 17.825578689575195 10.62836742401123 20.143098831176758 1.8115177154541016 18.331581115722656
3 299.0 17.89197540283203 10.7255277633667 20.059126138687134 1.670595407485962 18.388530731201172
3 300.0 17.899669647216797 10.772138595581055 20.06321907043457 1.5761528015136719 18.4870662689209
3 301.0 17.91436004638672 10.814730644226074 20.077098965644836 1.4928818941116333 18.584217071533203
3 302.0 17.93317985534668 10.866915702819824 20.101615071296692 1.4456034898757935 18.6560115814209
3 303.0 17.98164939880371 10.925984382629395 20.08019256591797 1.367401123046875 18.712791442871094
3 304.0 18.004230499267578 10.986754417419434 20.050353169441223 1.3301383256912231 18.72021484375
3 305.0 18.028518676757812 11.051207542419434 20.04144275188446 1.2719515562057495 18.76949119567871
3 306.0 18.022010803222656 11.099173545837402 20.04241907596588 1.245566964149475 18.796852111816406
3 307.0 17.995819091796875 11.138833045959473 20.00260829925537 1.215540885925293 18.787067413330078
3 308.0 17.987173080444336 11.182914733886719 19.986751794815063 1.184938669204712 18.80181312561035
3 309.0 18.022789001464844 11.256217956542969 19.992679953575134 1.1648658514022827 18.82781410217285
3 310.0 17.989532470703125 11.289451599121094 19.979333996772766 1.1621190309524536 18.817214965820312
3 311.0 17.956541061401367 11.307607650756836 19.979766607284546 1.1578176021575928 18.821949005126953
3 312.0 17.9525146484375 11.349706649780273 19.96170198917389 1.1451221704483032 18.816579818725586
3 313.0 18.026010513305664 11.457629203796387 19.939531803131104 1.1180768013000488 18.821455001831055
3 314.0 18.058134078979492 11.540121078491211 19.93529748916626 1.1072983741760254 18.827999114990234
3 315.0 18.01873207092285 11.530797958374023 19.87932848930359 1.113457441329956 18.765871047973633
3 316.0 17.9298038482666 11.536373138427734 19.870783805847168 1.0963048934936523 18.774478912353516
3 317.0 17.861732482910156 11.551982879638672 19.8253413438797 1.084534764289856 18.740806579589844
3 318.0 17.820510864257812 11.607481002807617 19.82723557949066 1.0677484273910522 18.75948715209961
3 319.0 17.811412811279297 11.659058570861816 19.794578075408936 1.0634455680847168 18.73113250732422
3 320.0 17.796960830688477 11.651557922363281 19.835054636001587 1.0801336765289307 18.754920959472656
3 321.0 17.795948028564453 11.651476860046387 19.965056538581848 1.1792536973953247 18.785802841186523
3 322.0 17.864595413208008 11.756354331970215 20.147539973258972 1.3976048231124878 18.749935150146484
3 323.0 17.950199127197266 11.869691848754883 20.342092514038086 1.57635498046875 18.765737533569336
3 324.0 18.089841842651367 12.002787590026855 20.458553791046143 1.653761386871338 18.804792404174805
3 325.0 18.18517303466797 12.117742538452148 20.51015317440033 1.6977771520614624 18.812376022338867
3 326.0 18.284900665283203 12.242433547973633 20.63066554069519 1.7386443614959717 18.89202117919922
3 327.0 18.391199111938477 12.391241073608398 20.650226950645447 1.7922958135604858 18.85793113708496
3 328.0 18.475982666015625 12.52853012084961 20.737822890281677 1.8584474325180054 18.879375457763672
3 329.0 18.522247314453125 12.627374649047852 20.783778309822083 1.9338618516921997 18.849916458129883
3 330.0 18.66826820373535 12.756956100463867 20.901777029037476 2.071326971054077 18.8304500579834
3 331.0 18.880786895751953 12.93007755279541 21.009817123413086 2.2153244018554688 18.794492721557617
3 332.0 19.11418342590332 13.114948272705078 21.2813401222229 2.441162586212158 18.840177536010742
3 333.0 19.317752838134766 13.293682098388672 21.50918483734131 2.667731285095215 18.841453552246094
3 334.0 19.423601150512695 13.405868530273438 21.651482820510864 2.8314850330352783 18.819997787475586
3 335.0 19.51262855529785 13.530649185180664 21.749818325042725 2.940459728240967 18.809358596801758
3 336.0 19.604671478271484 13.616455078125 21.827945232391357 3.0404486656188965 18.78749656677246
3 337.0 19.70778465270996 13.706012725830078 21.917048454284668 3.1416845321655273 18.77536392211914
3 338.0 19.81574058532715 13.815180778503418 21.972813844680786 3.216082811355591 18.756731033325195
3 339.0 19.94862174987793 13.939969062805176 22.106765270233154 3.339951992034912 18.766813278198242
3 340.0 20.033903121948242 14.009653091430664 22.172640323638916 3.412834644317627 18.75980567932129
3 341.0 20.13429069519043 14.089339256286621 22.268007278442383 3.4984169006347656 18.769590377807617
3 342.0 20.287500381469727 14.208057403564453 22.444364070892334 3.6659083366394043 18.77845573425293
3 343.0 20.441165924072266 14.326468467712402 22.724977016448975 3.906095027923584 18.81888198852539
3 344.0 20.59430694580078 14.44997501373291 22.860198974609375 4.048225402832031 18.811973571777344
3 345.0 20.76947021484375 14.58989143371582 23.069284915924072 4.2529778480529785 18.816307067871094
3 346.0 20.91062355041504 14.68813705444336 23.264930248260498 4.467935085296631 18.796995162963867
3 347.0 21.059947967529297 14.792752265930176 23.39192771911621 4.624380111694336 18.767547607421875
3 348.0 21.220449447631836 14.918596267700195 23.5340838432312 4.79260778427124 18.74147605895996
3 349.0 21.287681579589844 15.023727416992188 23.638567447662354 4.903622150421143 18.73494529724121
3 350.0 21.297016143798828 15.079145431518555 23.663330554962158 5.0037713050842285 18.65955924987793
3 351.0 21.358280181884766 15.11902141571045 23.746593952178955 5.156277179718018 18.590316772460938
3 352.0 21.483028411865234 15.176323890686035 23.953885555267334 5.3643107414245605 18.589574813842773
3 353.0 21.662372589111328 15.28773021697998 24.260427474975586 5.6790313720703125 18.581396102905273
3 354.0 21.88368034362793 15.436864852905273 24.55277681350708 6.018492221832275 18.534284591674805
3 355.0 22.062698364257812 15.564812660217285 24.748464107513428 6.251452922821045 18.497011184692383
3 356.0 22.34410858154297 15.709535598754883 25.0496563911438 6.564428806304932 18.485227584838867
3 357.0 22.659534454345703 15.85124397277832 25.33850383758545 6.858931541442871 18.479572296142578
3 358.0 22.889657974243164 15.975475311279297 25.534010887145996 7.057761192321777 18.47624969482422
3 359.0 23.04454231262207 16.092723846435547 25.730143547058105 7.259736061096191 18.470407485961914
3 360.0 23.089025497436523 16.17958641052246 25.775980949401855 7.390620231628418 18.385360717773438
3 361.0 23.095352172851562 16.255577087402344 25.88972806930542 7.495025157928467 18.394702911376953
3 362.0 23.07027244567871 16.287925720214844 25.899775981903076 7.616088390350342 18.283687591552734
3 363.0 23.12440299987793 16.333242416381836 25.940299034118652 7.736147880554199 18.204151153564453
3 364.0 23.241025924682617 16.398406982421875 26.079333305358887 7.940930366516113 18.138402938842773
3 365.0 23.32705307006836 16.445934295654297 26.192070960998535 8.103724479675293 18.088346481323242
3 366.0 23.41730499267578 16.5002498626709 26.314213752746582 8.280274391174316 18.033939361572266
4 1.0 22.314956665039062 22.66993522644043 26.550679206848145 8.745814323425293 17.80486488342285
4 2.0 22.214282989501953 22.41594123840332 26.618127822875977 8.86638069152832 17.751747131347656
4 3.0 22.062236785888672 22.21424674987793 26.65847682952881 8.96801471710205 17.690462112426758
4 4.0 21.893808364868164 22.014541625976562 26.640222549438477 9.082841873168945 17.55738067626953
4 5.0 21.747371673583984 21.811994552612305 26.648341178894043 9.19743824005127 17.450902938842773
4 6.0 21.53778076171875 21.56582260131836 26.589831352233887 9.311341285705566 17.27849006652832
4 7.0 21.39101791381836 21.34929084777832 26.591635704040527 9.439156532287598 17.15247917175293
4 8.0 21.22693634033203 21.125240325927734 26.50620174407959 9.559952735900879 16.94624900817871
4 9.0 21.077497482299805 20.91150665283203 26.49226951599121 9.72568130493164 16.76658821105957
4 10.0 20.92898178100586 20.74528694152832 26.391080856323242 9.812704086303711 16.57837677001953
4 11.0 20.73798942565918 20.553192138671875 26.307125091552734 9.911369323730469 16.395755767822266
4 12.0 20.456806182861328 20.33370590209961 26.131272315979004 9.943623542785645 16.18764877319336
4 13.0 20.146236419677734 20.116670608520508 25.76946449279785 9.996440887451172 15.77302360534668
4 14.0 19.8016414642334 19.849109649658203 25.346498489379883 10.02396297454834 15.322535514831543
4 15.0 19.437204360961914 19.559432983398438 25.05246925354004 9.977250099182129 15.07521915435791
4 16.0 19.057575225830078 19.32015609741211 24.652222633361816 9.95973014831543 14.692492485046387
4 17.0 18.677555084228516 19.057952880859375 24.232314109802246 9.924368858337402 14.307945251464844
4 18.0 18.387413024902344 18.82369613647461 23.899734497070312 9.968976974487305 13.930757522583008
4 19.0 18.2115478515625 18.671646118164062 23.552971839904785 10.080379486083984 13.4725923538208
4 20.0 18.0001220703125 18.520723342895508 23.084033012390137 10.155223846435547 12.92880916595459
4 21.0 17.758041381835938 18.373212814331055 22.703999519348145 10.23180103302002 12.472198486328125
4 22.0 17.510765075683594 18.21175765991211 22.321314811706543 10.30984115600586 12.011473655700684
4 23.0 17.21693992614746 18.03714370727539 21.939767837524414 10.340479850769043 11.599287986755371
4 24.0 16.90459442138672 17.872848510742188 21.543198585510254 10.355623245239258 11.187575340270996
4 25.0 16.607582092285156 17.72354507446289 21.04573345184326 10.360042572021484 10.685690879821777
4 26.0 16.371015548706055 17.58356475830078 20.640493392944336 10.43620777130127 10.204285621643066
4 27.0 16.218215942382812 17.432958602905273 20.388623237609863 10.606188774108887 9.782434463500977
4 28.0 16.098236083984375 17.293413162231445 20.192983627319336 10.784106254577637 9.4088773727417
4 29.0 15.885578155517578 17.11725425720215 19.893831253051758 10.867819786071777 9.02601146697998
4 30.0 15.697942733764648 16.983924865722656 19.648953437805176 10.96444320678711 8.684510231018066
4 31.0 15.485081672668457 16.837087631225586 19.39109992980957 11.06080436706543 8.33029556274414
4 32.0 15.264476776123047 16.67610740661621 19.1019024848938 11.188488960266113 7.9134135246276855
4 33.0 15.108545303344727 16.583206176757812 18.826096534729004 11.292524337768555 7.533572196960449
4 34.0 14.89576530456543 16.464351654052734 18.42135715484619 11.369074821472168 7.052282333374023
4 35.0 14.630821228027344 16.325979232788086 17.980891704559326 11.411264419555664 6.569627285003662
4 36.0 14.365787506103516 16.159963607788086 17.499417304992676 11.433183670043945 6.0662336349487305
4 37.0 14.161226272583008 16.056800842285156 17.04019021987915 11.480805397033691 5.559384822845459
4 38.0 14.013973236083984 16.01734161376953 16.70381498336792 11.569031715393066 5.1347832679748535
4 39.0 13.909843444824219 16.006105422973633 16.303871154785156 11.65149974822998 4.652371406555176
4 40.0 13.8153657913208 15.992291450500488 15.92622995376587 11.748678207397461 4.177551746368408
4 41.0 13.745855331420898 15.96517562866211 15.635667324066162 11.871376991271973 3.7642903327941895
4 42.0 13.667186737060547 15.946706771850586 15.459343433380127 11.967901229858398 3.4914422035217285
4 43.0 13.595123291015625 15.93120288848877 15.30655813217163 12.044169425964355 3.2623887062072754
4 44.0 13.517793655395508 15.912054061889648 15.183501243591309 12.120442390441895 3.063058853149414
4 45.0 13.494010925292969 15.943387985229492 15.110708951950073 12.219870567321777 2.890838384628296
4 46.0 13.448408126831055 15.994370460510254 14.931312084197998 12.260161399841309 2.6711506843566895
4 47.0 13.363073348999023 16.008686065673828 14.717737913131714 12.280385971069336 2.437351942062378
4 48.0 13.253409385681152 15.993630409240723 14.545576572418213 12.318648338317871 2.226928234100342
4 49.0 13.105289459228516 15.961685180664062 14.278975367546082 12.336945533752441 1.9420298337936401
4 50.0 13.017915725708008 15.969975471496582 14.076543688774109 12.37654972076416 1.6999939680099487
4 51.0 12.997190475463867 16.02197265625 13.99725604057312 12.439577102661133 1.5576789379119873
4 52.0 13.026902198791504 16.10666847229004 13.989514112472534 12.574251174926758 1.4152629375457764
4 53.0 13.071028709411621 16.220783233642578 13.986748814582825 12.686307907104492 1.3004409074783325
4 54.0 13.089295387268066 16.317930221557617 13.943964719772339 12.760064125061035 1.1839005947113037
4 55.0 13.121282577514648 16.39575958251953 13.94424855709076 12.848504066467285 1.0957444906234741
4 56.0 13.143534660339355 16.482154846191406 14.001874923706055 12.944211959838867 1.0576629638671875
4 57.0 13.10432243347168 16.56892967224121 13.979567110538483 12.98027515411377 0.9992919564247131
4 58.0 13.062646865844727 16.6509952545166 13.920252442359924 12.966269493103027 0.953982949256897
4 59.0 13.005756378173828 16.709430694580078 13.889531314373016 12.987212181091309 0.9023191332817078
4 60.0 12.957846641540527 16.769338607788086 13.804015338420868 12.982494354248047 0.821520984172821
4 61.0 12.942094802856445 16.854267120361328 13.752589344978333 13.028524398803711 0.7240649461746216
4 62.0 12.998611450195312 16.941814422607422 13.775592744350433 13.136624336242676 0.6389684081077576
4 63.0 13.034836769104004 17.038013458251953 13.810836732387543 13.21510124206543 0.595735490322113
4 64.0 12.98107624053955 17.106966018676758 13.77986490726471 13.221294403076172 0.5585705041885376
4 65.0 12.910102844238281 17.166135787963867 13.6888827085495 13.173446655273438 0.515436053276062
4 66.0 12.914280891418457 17.26593780517578 13.712391048669815 13.220210075378418 0.4921809732913971
4 67.0 12.937398910522461 17.38055419921875 13.720329314470291 13.255507469177246 0.46482184529304504
4 68.0 12.946929931640625 17.4783992767334 13.727841436862946 13.293384552001953 0.43445688486099243
4 69.0 12.963687896728516 17.5685977935791 13.737532496452332 13.341885566711426 0.39564692974090576
4 70.0 12.988226890563965 17.660364151000977 13.770354747772217 13.398509979248047 0.3718447685241699
4 71.0 13.029449462890625 17.76409149169922 13.7947399020195 13.434847831726074 0.3598920702934265
4 72.0 13.046630859375 17.89252471923828 13.789089798927307 13.443853378295898 0.3452364206314087
4 73.0 13.088485717773438 18.01811408996582 13.817727863788605 13.489704132080078 0.3280237317085266
4 74.0 13.176548957824707 18.13343620300293 13.932313412427902 13.619792938232422 0.31252047419548035
4 75.0 13.244685173034668 18.241607666015625 14.01531034708023 13.720537185668945 0.2947731614112854
4 76.0 13.28908634185791 18.353628158569336 14.06756466627121 13.786322593688965 0.2812420725822449
4 77.0 13.318097114562988 18.457170486450195 14.07291579246521 13.807893753051758 0.26502203941345215
4 78.0 13.351275444030762 18.534225463867188 14.144518673419952 13.892199516296387 0.2523191571235657
4 79.0 13.343219757080078 18.608701705932617 14.188880667090416 13.951494216918945 0.23738645017147064
4 80.0 13.313737869262695 18.687780380249023 14.19549249112606 13.972721099853516 0.22277139127254486
4 81.0 13.325735092163086 18.810470581054688 14.223951309919357 14.014244079589844 0.20970723032951355
4 82.0 13.36436939239502 18.951303482055664 14.267730847001076 14.068772315979004 0.19895853102207184
4 83.0 13.434122085571289 19.09455108642578 14.298847317695618 14.109508514404297 0.1893388032913208
4 84.0 13.470455169677734 19.20221710205078 14.318038418889046 14.137495040893555 0.18054337799549103
4 85.0 13.486418724060059 19.283206939697266 14.349927619099617 14.176299095153809 0.1736285239458084
4 86.0 13.497151374816895 19.345138549804688 14.375118747353554 14.208925247192383 0.16619350016117096
4 87.0 13.475740432739258 19.405122756958008 14.410064667463303 14.255803108215332 0.15426155924797058
4 88.0 13.492330551147461 19.497114181518555 14.409710884094238 14.26729679107666 0.14241409301757812
4 89.0 13.516213417053223 19.586898803710938 14.444756045937538 14.309072494506836 0.1356835514307022
4 90.0 13.532323837280273 19.708881378173828 14.448557734489441 14.324892044067383 0.1236656904220581
4 91.0 13.546194076538086 19.859886169433594 14.450300231575966 14.330109596252441 0.12019063532352448
4 92.0 13.527972221374512 19.977048873901367 14.443100348114967 14.3240385055542 0.11906184256076813
4 93.0 13.552436828613281 20.067949295043945 14.498184159398079 14.377875328063965 0.12030883133411407
4 94.0 13.596672058105469 20.17306137084961 14.550423130393028 14.433004379272461 0.11741875112056732
4 95.0 13.633491516113281 20.266633987426758 14.589266404509544 14.473945617675781 0.11532078683376312
4 96.0 13.633757591247559 20.289505004882812 14.652731642127037 14.54125690460205 0.11147473752498627
4 97.0 13.63996410369873 20.336156845092773 14.688293308019638 14.581216812133789 0.107076495885849
4 98.0 13.659719467163086 20.403614044189453 14.72356604039669 14.620780944824219 0.10278509557247162
4 99.0 13.66231918334961 20.47970199584961 14.712441071867943 14.612822532653809 0.09961853921413422
4 100.0 13.670860290527344 20.592058181762695 14.692406877875328 14.595892906188965 0.09651397168636322
4 101.0 13.6934814453125 20.711698532104492 14.68855994939804 14.593488693237305 0.09507125616073608
4 102.0 13.727811813354492 20.817665100097656 14.692767776548862 14.59990119934082 0.09286657720804214
4 103.0 13.751971244812012 20.92083168029785 14.72558131814003 14.638962745666504 0.086618572473526
4 104.0 13.798117637634277 21.027801513671875 14.785365849733353 14.694437980651855 0.09092786908149719
4 105.0 13.823317527770996 21.123859405517578 14.801635682582855 14.709761619567871 0.09187406301498413
4 106.0 13.76616382598877 21.161678314208984 14.734372772276402 14.654546737670898 0.07982603460550308
4 107.0 13.677664756774902 21.179716110229492 14.670146830379963 14.59503173828125 0.07511509209871292
4 108.0 13.610051155090332 21.223615646362305 14.559308633208275 14.487066268920898 0.0722423642873764
4 109.0 13.575434684753418 21.299468994140625 14.463644318282604 14.394913673400879 0.06873064488172531
4 110.0 13.562765121459961 21.378374099731445 14.443285427987576 14.373507499694824 0.06977792829275131
4 111.0 13.566842079162598 21.460979461669922 14.394922435283661 14.327703475952148 0.06721895933151245
4 112.0 13.549463272094727 21.538909912109375 14.387634061276913 14.320204734802246 0.0674293264746666
4 113.0 13.5306978225708 21.60204315185547 14.402188785374165 14.334474563598633 0.06771422177553177
4 114.0 13.509010314941406 21.66145133972168 14.373364441096783 14.304757118225098 0.06860732287168503
4 115.0 13.522994041442871 21.737899780273438 14.419542729854584 14.349617004394531 0.06992572546005249
4 116.0 13.569867134094238 21.842741012573242 14.459988363087177 14.388428688049316 0.07155967503786087
4 117.0 13.620888710021973 21.95267105102539 14.504396848380566 14.43558406829834 0.0688127800822258
4 118.0 13.641982078552246 22.05648422241211 14.514762707054615 14.448410034179688 0.06635267287492752
4 119.0 13.643558502197266 22.16307258605957 14.506125174462795 14.441069602966309 0.06505557149648666
4 120.0 13.646388053894043 22.276016235351562 14.506023176014423 14.442173957824707 0.06384921818971634
4 121.0 13.648107528686523 22.381553649902344 14.503691799938679 14.440031051635742 0.06366074830293655
4 122.0 13.6259126663208 22.46632194519043 14.474678836762905 14.409515380859375 0.06516345590353012
4 123.0 13.572189331054688 22.504777908325195 14.450770147144794 14.385854721069336 0.06491542607545853
4 124.0 13.528475761413574 22.551986694335938 14.439088083803654 14.371950149536133 0.0671379342675209
4 125.0 13.499140739440918 22.60496711730957 14.446200139820576 14.373896598815918 0.07230354100465775
4 126.0 13.480581283569336 22.669509887695312 14.448209628462791 14.371469497680664 0.07674013078212738
4 127.0 13.466073989868164 22.725631713867188 14.435412518680096 14.349308013916016 0.08610450476408005
4 128.0 13.466303825378418 22.799026489257812 14.456882998347282 14.362738609313965 0.09414438903331757
4 129.0 13.493244171142578 22.898386001586914 14.468607753515244 14.364778518676758 0.10382923483848572
4 130.0 13.544973373413086 23.015777587890625 14.46530319005251 14.345165252685547 0.12013793736696243
4 131.0 13.576621055603027 23.11333465576172 14.474149785935879 14.352499008178711 0.12165077775716782
4 132.0 13.600811958312988 23.193347930908203 14.483934231102467 14.366801261901855 0.11713296920061111
4 133.0 13.635289192199707 23.266942977905273 14.520344913005829 14.389592170715332 0.13075274229049683
4 134.0 13.672553062438965 23.31443214416504 14.568440228700638 14.416048049926758 0.15239217877388
4 135.0 13.684269905090332 23.35803985595703 14.595758974552155 14.420199394226074 0.17555958032608032
4 136.0 13.675677299499512 23.396167755126953 14.60414069890976 14.40405559539795 0.2000851035118103
4 137.0 13.662846565246582 23.430294036865234 14.588427856564522 14.365702629089355 0.22272522747516632
4 138.0 13.657794952392578 23.46063804626465 14.59944149851799 14.33956527709961 0.25987622141838074
4 139.0 13.651503562927246 23.465280532836914 14.612605303525925 14.31432056427002 0.29828473925590515
4 140.0 13.669880867004395 23.492692947387695 14.655116975307465 14.329241752624512 0.3258752226829529
4 141.0 13.674715042114258 23.562255859375 14.677165299654007 14.329181671142578 0.34798362851142883
4 142.0 13.638707160949707 23.639892578125 14.698126435279846 14.333883285522461 0.36424314975738525
4 143.0 13.619285583496094 23.70626449584961 14.693825662136078 14.311184883117676 0.3826407790184021
4 144.0 13.626784324645996 23.78295135498047 14.723334103822708 14.330560684204102 0.39277341961860657
4 145.0 13.629945755004883 23.86345100402832 14.676334917545319 14.279327392578125 0.3970075249671936
4 146.0 13.632637023925781 23.92792320251465 14.694816410541534 14.252618789672852 0.44219762086868286
4 147.0 13.641502380371094 23.987131118774414 14.671964824199677 14.205016136169434 0.4669486880302429
4 148.0 13.622801780700684 24.041709899902344 14.650419473648071 14.155207633972168 0.4952118396759033
4 149.0 13.610784530639648 24.10082244873047 14.671680808067322 14.146490097045898 0.5251907110214233
4 150.0 13.618264198303223 24.172338485717773 14.662371695041656 14.112493515014648 0.5498781800270081
4 151.0 13.617230415344238 24.23978614807129 14.65622878074646 14.078666687011719 0.5775620937347412
4 152.0 13.59390926361084 24.283737182617188 14.618921995162964 14.02778434753418 0.5911376476287842
4 153.0 13.554494857788086 24.283300399780273 14.590637683868408 13.984004974365234 0.6066327095031738
4 154.0 13.504451751708984 24.281394958496094 14.523194253444672 13.898679733276367 0.6245145201683044
4 155.0 13.482845306396484 24.298908233642578 14.502759397029877 13.845070838928223 0.657688558101654
4 156.0 13.486019134521484 24.32215690612793 14.546007812023163 13.833776473999023 0.7122313380241394
4 157.0 13.485804557800293 24.345115661621094 14.577115178108215 13.814329147338867 0.7627860307693481
4 158.0 13.471561431884766 24.336395263671875 14.610791325569153 13.791528701782227 0.8192626237869263
4 159.0 13.437485694885254 24.32024383544922 14.595903158187866 13.728256225585938 0.8676469326019287
4 160.0 13.417916297912598 24.316852569580078 14.59348338842392 13.676841735839844 0.9166416525840759
4 161.0 13.426652908325195 24.324787139892578 14.61862337589264 13.632314682006836 0.9863086938858032
4 162.0 13.435184478759766 24.353126525878906 14.640347123146057 13.602845191955566 1.0375019311904907
4 163.0 13.437018394470215 24.3836727142334 14.658230662345886 13.574851036071777 1.0833796262741089
4 164.0 13.45228385925293 24.40642547607422 14.67326557636261 13.551770210266113 1.1214953660964966
4 165.0 13.44978141784668 24.40870475769043 14.70257043838501 13.526330947875977 1.1762394905090332
4 166.0 13.445106506347656 24.413843154907227 14.695292472839355 13.479391098022461 1.2159013748168945
4 167.0 13.44192123413086 24.426042556762695 14.669499158859253 13.418959617614746 1.2505395412445068
4 168.0 13.427106857299805 24.429790496826172 14.638181209564209 13.349801063537598 1.2883801460266113
4 169.0 13.43581485748291 24.44935417175293 14.671922206878662 13.335245132446289 1.336677074432373
4 170.0 13.454208374023438 24.47779655456543 14.688554763793945 13.287640571594238 1.400914192199707
4 171.0 13.462185859680176 24.515472412109375 14.662527322769165 13.228082656860352 1.4344446659088135
4 172.0 13.465496063232422 24.537328720092773 14.661950469017029 13.172576904296875 1.4893735647201538
4 173.0 13.452027320861816 24.53485679626465 14.640508651733398 13.117706298828125 1.5228023529052734
4 174.0 13.426297187805176 24.53618049621582 14.62410020828247 13.064837455749512 1.559262752532959
4 175.0 13.417986869812012 24.552698135375977 14.597532987594604 13.010608673095703 1.5869243144989014
4 176.0 13.377567291259766 24.52610969543457 14.55863356590271 12.959524154663086 1.599109411239624
4 177.0 13.34549331665039 24.464826583862305 14.60507357120514 12.921069145202637 1.6840044260025024
4 178.0 13.358695983886719 24.405988693237305 14.6677006483078 12.894023895263672 1.7736767530441284
4 179.0 13.367021560668945 24.359825134277344 14.741407632827759 12.872068405151367 1.8693392276763916
4 180.0 13.36663818359375 24.3226318359375 14.791649580001831 12.86044692993164 1.9312026500701904
4 181.0 13.353606224060059 24.28679656982422 14.789074420928955 12.793098449707031 1.9959759712219238
4 182.0 13.362598419189453 24.25333595275879 14.821548223495483 12.766815185546875 2.0547330379486084
4 183.0 13.39053726196289 24.233612060546875 14.833773851394653 12.73136043548584 2.1024134159088135
4 184.0 13.390246391296387 24.18505859375 14.828896284103394 12.695940017700195 2.1329562664031982
4 185.0 13.376237869262695 24.09644317626953 14.819573640823364 12.614376068115234 2.20519757270813
4 186.0 13.353727340698242 24.020084381103516 14.849119424819946 12.588876724243164 2.2602427005767822
4 187.0 13.35327434539795 23.982202529907227 14.869890451431274 12.554397583007812 2.315492868423462
4 188.0 13.380216598510742 23.97809600830078 14.883520126342773 12.5001859664917 2.383334159851074
4 189.0 13.4085111618042 23.966154098510742 14.930707693099976 12.455673217773438 2.475034475326538
4 190.0 13.455561637878418 23.941143035888672 14.99113392829895 12.417015075683594 2.5741188526153564
4 191.0 13.499549865722656 23.904470443725586 15.061334371566772 12.385377883911133 2.6759564876556396
4 192.0 13.493900299072266 23.83870506286621 15.104594707489014 12.333606719970703 2.7709879875183105
4 193.0 13.467528343200684 23.765222549438477 15.102362394332886 12.265645980834961 2.836716413497925
4 194.0 13.479120254516602 23.732534408569336 15.131391286849976 12.198114395141602 2.933276891708374
4 195.0 13.528339385986328 23.714237213134766 15.198532104492188 12.151810646057129 3.0467214584350586
4 196.0 13.595746994018555 23.681556701660156 15.352550745010376 12.11203384399414 3.2405169010162354
4 197.0 13.639623641967773 23.659786224365234 15.382779121398926 12.051046371459961 3.331732749938965
4 198.0 13.687409400939941 23.640350341796875 15.433540105819702 11.972138404846191 3.4614017009735107
4 199.0 13.681803703308105 23.608966827392578 15.462891578674316 11.865946769714355 3.596944808959961
4 200.0 13.68172836303711 23.549304962158203 15.521233558654785 11.837491035461426 3.6837425231933594
4 201.0 13.702415466308594 23.483795166015625 15.5619637966156 11.787782669067383 3.7741811275482178
4 202.0 13.736410140991211 23.420989990234375 15.64161992073059 11.739907264709473 3.901712656021118
4 203.0 13.76091480255127 23.33943748474121 15.694342136383057 11.662477493286133 4.031864643096924
4 204.0 13.768476486206055 23.229814529418945 15.75831937789917 11.623549461364746 4.134769916534424
4 205.0 13.777508735656738 23.103113174438477 15.844895839691162 11.57320785522461 4.271687984466553
4 206.0 13.785604476928711 22.988126754760742 15.875579833984375 11.522612571716309 4.352967262268066
4 207.0 13.795754432678223 22.88045883178711 15.900796890258789 11.480234146118164 4.420562744140625
4 208.0 13.84093952178955 22.75041961669922 15.94792890548706 11.40818977355957 4.53973913192749
4 209.0 13.88241958618164 22.6243839263916 16.071057319641113 11.334221839904785 4.736835479736328
4 210.0 13.908002853393555 22.496068954467773 16.162567138671875 11.268588066101074 4.893979072570801
4 211.0 13.930662155151367 22.364513397216797 16.160154342651367 11.15278148651123 5.007372856140137
4 212.0 13.957986831665039 22.234617233276367 16.175798416137695 11.0308837890625 5.144914627075195
4 213.0 14.00953197479248 22.101964950561523 16.26087188720703 10.983214378356934 5.277657508850098
4 214.0 14.115999221801758 21.960735321044922 16.399721145629883 10.93140983581543 5.468311309814453
4 215.0 14.214994430541992 21.818132400512695 16.545988082885742 10.900357246398926 5.645630836486816
4 216.0 14.24148178100586 21.66132926940918 16.6036114692688 10.853511810302734 5.7500996589660645
4 217.0 14.229594230651855 21.514728546142578 16.590434551239014 10.754766464233398 5.835668087005615
4 218.0 14.211532592773438 21.35781478881836 16.575400829315186 10.700922012329102 5.874478816986084
4 219.0 14.2467041015625 21.18646812438965 16.69157648086548 10.658687591552734 6.032888889312744
4 220.0 14.287875175476074 21.017717361450195 16.753708839416504 10.617668151855469 6.136040687561035
4 221.0 14.30582332611084 20.843839645385742 16.800579071044922 10.543402671813965 6.257176399230957
4 222.0 14.323196411132812 20.67537498474121 16.813116550445557 10.453452110290527 6.359664440155029
4 223.0 14.348128318786621 20.489173889160156 16.846762657165527 10.37248420715332 6.474278450012207
4 224.0 14.364619255065918 20.277952194213867 16.891536235809326 10.305525779724121 6.586010456085205
4 225.0 14.363059043884277 20.06488800048828 16.91395854949951 10.215813636779785 6.698144912719727
4 226.0 14.369115829467773 19.864654541015625 16.954579830169678 10.140485763549805 6.814094066619873
4 227.0 14.363377571105957 19.65961456298828 16.99962854385376 10.067554473876953 6.932074069976807
4 228.0 14.375001907348633 19.468103408813477 17.001235485076904 9.984761238098145 7.01647424697876
4 229.0 14.37169075012207 19.262605667114258 17.01946449279785 9.897307395935059 7.122157096862793
4 230.0 14.382209777832031 19.035566329956055 16.997713088989258 9.823775291442871 7.173937797546387
4 231.0 14.432483673095703 18.78719711303711 17.050500869750977 9.7576904296875 7.292810440063477
4 232.0 14.491195678710938 18.5148983001709 17.174970149993896 9.702414512634277 7.472555637359619
4 233.0 14.550241470336914 18.207645416259766 17.21340799331665 9.565288543701172 7.6481194496154785
4 234.0 14.611234664916992 17.897485733032227 17.273990631103516 9.498693466186523 7.775297164916992
4 235.0 14.643826484680176 17.596542358398438 17.337636470794678 9.421756744384766 7.915879726409912
4 236.0 14.671363830566406 17.302156448364258 17.40769386291504 9.353211402893066 8.054482460021973
4 237.0 14.702341079711914 17.01146697998047 17.455656051635742 9.289690971374512 8.16596508026123
4 238.0 14.738630294799805 16.688642501831055 17.55673885345459 9.228475570678711 8.328263282775879
4 239.0 14.739509582519531 16.350107192993164 17.713735580444336 9.171723365783691 8.542012214660645
4 240.0 14.723785400390625 15.954070091247559 17.82641887664795 9.129595756530762 8.696823120117188
4 241.0 14.69897747039795 15.57779312133789 17.888562202453613 9.093534469604492 8.795027732849121
4 242.0 14.696789741516113 15.262641906738281 17.968788146972656 9.012015342712402 8.956772804260254
4 243.0 14.685384750366211 14.961570739746094 18.00814723968506 8.929815292358398 9.07833194732666
4 244.0 14.671562194824219 14.659566879272461 18.002145767211914 8.809782981872559 9.192362785339355
4 245.0 14.63447093963623 14.340812683105469 17.993905067443848 8.700376510620117 9.29352855682373
4 246.0 14.620712280273438 14.051742553710938 17.977200508117676 8.57968807220459 9.397512435913086
4 247.0 14.640933990478516 13.786628723144531 18.048255920410156 8.460745811462402 9.587510108947754
4 248.0 14.672551155090332 13.53955078125 18.11924934387207 8.369937896728516 9.749311447143555
4 249.0 14.692168235778809 13.30764102935791 18.15107822418213 8.295807838439941 9.855270385742188
4 250.0 14.674291610717773 13.05955696105957 18.211207389831543 8.2138671875 9.997340202331543
4 251.0 14.741405487060547 12.812871932983398 18.291749000549316 8.135259628295898 10.156489372253418
4 252.0 14.792147636413574 12.572599411010742 18.344633102416992 8.048980712890625 10.295652389526367
4 253.0 14.747797012329102 12.286685943603516 18.29398536682129 7.900384902954102 10.393600463867188
4 254.0 14.678743362426758 11.963665008544922 18.26153564453125 7.740879058837891 10.52065658569336
4 255.0 14.605871200561523 11.65765380859375 18.206137657165527 7.5918378829956055 10.614299774169922
4 256.0 14.513006210327148 11.36398983001709 18.150744438171387 7.461764335632324 10.688980102539062
4 257.0 14.460723876953125 11.10141372680664 18.103135108947754 7.315936088562012 10.787199020385742
4 258.0 14.456538200378418 10.881338119506836 18.09834384918213 7.168373107910156 10.929970741271973
4 259.0 14.518292427062988 10.692848205566406 18.1263484954834 6.982059478759766 11.144289016723633
4 260.0 14.5856294631958 10.513410568237305 18.272207736968994 6.846373081207275 11.425834655761719
4 261.0 14.576940536499023 10.344034194946289 18.317750930786133 6.740445137023926 11.577305793762207
4 262.0 14.518255233764648 10.158480644226074 18.339853763580322 6.604957103729248 11.734896659851074
4 263.0 14.462904930114746 9.98124885559082 18.23741340637207 6.456865310668945 11.780548095703125
4 264.0 14.415728569030762 9.772092819213867 18.24459457397461 6.295654296875 11.94894027709961
4 265.0 14.371227264404297 9.567935943603516 18.22135639190674 6.139704704284668 12.08165168762207
4 266.0 14.349067687988281 9.389446258544922 18.184542655944824 5.999734878540039 12.184807777404785
4 267.0 14.359504699707031 9.244972229003906 18.139639854431152 5.871122360229492 12.26851749420166
4 268.0 14.399439811706543 9.108203887939453 18.119335174560547 5.743722915649414 12.375612258911133
4 269.0 14.456995010375977 8.965335845947266 18.292914390563965 5.592630386352539 12.700284004211426
4 270.0 14.512218475341797 8.839797973632812 18.28728485107422 5.428362846374512 12.858922004699707
4 271.0 14.572151184082031 8.747346878051758 18.302494049072266 5.286046028137207 13.016448020935059
4 272.0 14.67658805847168 8.693047523498535 18.2853741645813 5.059200763702393 13.226173400878906
4 273.0 14.781145095825195 8.663829803466797 18.20271348953247 4.813117504119873 13.389595985412598
4 274.0 14.801389694213867 8.612936019897461 18.104925632476807 4.604386806488037 13.50053882598877
4 275.0 14.856026649475098 8.569141387939453 18.183913230895996 4.478128433227539 13.705784797668457
4 276.0 14.918207168579102 8.538595199584961 18.175904273986816 4.294944763183594 13.880959510803223
4 277.0 14.889707565307617 8.45963191986084 18.17366313934326 4.135580062866211 14.03808307647705
4 278.0 14.893355369567871 8.39794635772705 18.11669611930847 3.9597108364105225 14.15698528289795
4 279.0 14.925956726074219 8.380163192749023 18.069584608078003 3.7908084392547607 14.278776168823242
4 280.0 15.025674819946289 8.393775939941406 18.128036737442017 3.678868532180786 14.44916820526123
4 281.0 15.11369800567627 8.444388389587402 18.210509777069092 3.5718932151794434 14.638616561889648
4 282.0 15.13768482208252 8.473029136657715 18.18322205543518 3.476599931716919 14.706622123718262
4 283.0 15.201767921447754 8.512073516845703 18.23743510246277 3.3705813884735107 14.866853713989258
4 284.0 15.243127822875977 8.552969932556152 18.276051998138428 3.2609429359436035 15.015109062194824
4 285.0 15.258546829223633 8.607316970825195 18.24509072303772 3.1664535999298096 15.07863712310791
4 286.0 15.350257873535156 8.689956665039062 18.287566661834717 3.0875229835510254 15.200043678283691
4 287.0 15.47895622253418 8.747919082641602 18.359086990356445 3.0196619033813477 15.339425086975098
4 288.0 15.546357154846191 8.808524131774902 18.372092723846436 2.9418158531188965 15.430276870727539
4 289.0 15.564238548278809 8.867870330810547 18.370352029800415 2.8500311374664307 15.520320892333984
4 290.0 15.674942970275879 8.905423164367676 18.465568780899048 2.7822000980377197 15.683368682861328
4 291.0 15.775121688842773 8.931424140930176 18.566221714019775 2.7279105186462402 15.838311195373535
4 292.0 15.845126152038574 8.929357528686523 18.651382207870483 2.6731793880462646 15.978202819824219
4 293.0 15.907797813415527 8.961871147155762 18.682385444641113 2.5914220809936523 16.09096336364746
4 294.0 15.978979110717773 9.021197319030762 18.668132066726685 2.465665102005005 16.20246696472168
4 295.0 16.049362182617188 9.084524154663086 18.671040773391724 2.3554928302764893 16.315547943115234
4 296.0 16.116724014282227 9.164800643920898 18.704249143600464 2.225876569747925 16.47837257385254
4 297.0 16.19975471496582 9.267814636230469 18.697423458099365 2.1259684562683105 16.571455001831055
4 298.0 16.26708984375 9.362055778503418 18.68656015396118 2.0400967597961426 16.64646339416504
4 299.0 16.30792236328125 9.410054206848145 18.742581844329834 1.96864652633667 16.773935317993164
4 300.0 16.371068954467773 9.467570304870605 18.823895931243896 1.9047884941101074 16.91910743713379
4 301.0 16.430099487304688 9.51854419708252 18.787014603614807 1.8256689310073853 16.961345672607422
4 302.0 16.444002151489258 9.522061347961426 18.83177626132965 1.7730337381362915 17.05874252319336
4 303.0 16.464025497436523 9.518070220947266 18.919956922531128 1.7296817302703857 17.190275192260742
4 304.0 16.47894859313965 9.565664291381836 18.945374369621277 1.7089546918869019 17.236419677734375
4 305.0 16.512393951416016 9.632105827331543 18.931618452072144 1.671971082687378 17.259647369384766
4 306.0 16.592378616333008 9.677010536193848 18.952351450920105 1.6356476545333862 17.31670379638672
4 307.0 16.669618606567383 9.697026252746582 18.960439443588257 1.584411382675171 17.376028060913086
4 308.0 16.798542022705078 9.74982738494873 19.09507656097412 1.5703973770141602 17.52467918395996
4 309.0 16.890670776367188 9.847983360290527 19.13241410255432 1.5168097019195557 17.615604400634766
4 310.0 16.934980392456055 9.941122055053711 19.190893173217773 1.4691162109375 17.721776962280273
4 311.0 16.935272216796875 10.000312805175781 19.202304124832153 1.4502594470977783 17.752044677734375
4 312.0 16.981306076049805 10.10405445098877 19.200499057769775 1.424248218536377 17.7762508392334
4 313.0 17.076122283935547 10.222726821899414 19.255857706069946 1.3949339389801025 17.860923767089844
4 314.0 17.183183670043945 10.338123321533203 19.295941829681396 1.373115062713623 17.922826766967773
4 315.0 17.279592514038086 10.448354721069336 19.386820673942566 1.3706234693527222 18.016197204589844
4 316.0 17.370798110961914 10.552659034729004 19.463541865348816 1.3550251722335815 18.108516693115234
4 317.0 17.44879150390625 10.661290168762207 19.487473964691162 1.3294787406921387 18.157995223999023
4 318.0 17.529109954833984 10.759296417236328 19.490301966667175 1.3200348615646362 18.17026710510254
4 319.0 17.678739547729492 10.888931274414062 19.549440145492554 1.3209798336029053 18.22846031188965
4 320.0 17.852298736572266 11.039323806762695 19.69114923477173 1.3296074867248535 18.361541748046875
4 321.0 17.94759750366211 11.151350021362305 19.821096897125244 1.3325676918029785 18.488529205322266
4 322.0 17.97295570373535 11.22391128540039 19.846199989318848 1.359330177307129 18.48686981201172
4 323.0 18.049209594726562 11.275675773620605 20.036163568496704 1.4757730960845947 18.56039047241211
4 324.0 18.08367919921875 11.326157569885254 20.138267993927002 1.6318650245666504 18.50640296936035
4 325.0 18.144453048706055 11.399615287780762 20.273192763328552 1.7676233053207397 18.505569458007812
4 326.0 18.25820541381836 11.511643409729004 20.39902353286743 1.8544774055480957 18.544546127319336
4 327.0 18.354856491088867 11.632685661315918 20.46914505958557 1.9061052799224854 18.563039779663086
4 328.0 18.431503295898438 11.765170097351074 20.556456685066223 1.9758998155593872 18.580556869506836
4 329.0 18.546903610229492 11.915006637573242 20.665117979049683 2.0813491344451904 18.583768844604492
4 330.0 18.70641326904297 12.067181587219238 20.742533206939697 2.144381046295166 18.59815216064453
4 331.0 18.834228515625 12.194201469421387 20.831081867218018 2.1968159675598145 18.634265899658203
4 332.0 18.927160263061523 12.298131942749023 20.93747091293335 2.2767977714538574 18.660673141479492
4 333.0 18.967609405517578 12.352787017822266 21.065770149230957 2.3301191329956055 18.73565101623535
4 334.0 19.01871109008789 12.433464050292969 21.153343200683594 2.4205093383789062 18.732833862304688
4 335.0 19.215499877929688 12.550951957702637 21.38099694252014 2.5571577548980713 18.82383918762207
4 336.0 19.472387313842773 12.763385772705078 21.560826063156128 2.6842448711395264 18.8765811920166
4 337.0 19.626808166503906 12.988361358642578 21.656829357147217 2.788846492767334 18.867982864379883
4 338.0 19.67623519897461 13.116496086120605 21.76606249809265 2.8656508922576904 18.90041160583496
4 339.0 19.671070098876953 13.15899658203125 21.84321665763855 2.9646689891815186 18.87854766845703
4 340.0 19.682682037353516 13.225852966308594 21.872523546218872 3.0222008228302 18.850322723388672
4 341.0 19.711488723754883 13.29376220703125 21.917012214660645 3.1048593521118164 18.812152862548828
4 342.0 19.764318466186523 13.348215103149414 21.96500253677368 3.192497730255127 18.772504806518555
4 343.0 19.868310928344727 13.408896446228027 22.07749652862549 3.3103437423706055 18.767152786254883
4 344.0 20.015010833740234 13.466118812561035 22.264381647109985 3.505838632583618 18.758543014526367
4 345.0 20.2354793548584 13.602141380310059 22.576094150543213 3.806349277496338 18.769744873046875
4 346.0 20.368467330932617 13.711400985717773 22.721563577651978 3.977562189102173 18.744001388549805
4 347.0 20.481897354125977 13.802621841430664 22.90504789352417 4.138125896453857 18.766921997070312
4 348.0 20.601720809936523 13.925280570983887 23.066352367401123 4.301656246185303 18.76469612121582
4 349.0 20.66948127746582 14.033477783203125 23.237879276275635 4.413055896759033 18.8248233795166
4 350.0 20.798742294311523 14.158234596252441 23.336734771728516 4.560850143432617 18.7758846282959
4 351.0 20.937740325927734 14.254830360412598 23.506985664367676 4.732308387756348 18.774677276611328
4 352.0 21.05274772644043 14.316638946533203 23.608959674835205 4.905584812164307 18.7033748626709
4 353.0 21.183353424072266 14.375749588012695 23.840555667877197 5.137327671051025 18.703227996826172
4 354.0 21.38522720336914 14.43906307220459 24.13717222213745 5.422606945037842 18.71456527709961
4 355.0 21.454517364501953 14.466581344604492 24.2277193069458 5.542763710021973 18.684955596923828
4 356.0 21.495426177978516 14.46130084991455 24.318960666656494 5.6396260261535645 18.67933464050293
4 357.0 21.615365982055664 14.502053260803223 24.444320678710938 5.785396575927734 18.658924102783203
4 358.0 21.746143341064453 14.56895923614502 24.521764755249023 5.879917144775391 18.641847610473633
4 359.0 21.810794830322266 14.63624095916748 24.620004653930664 5.992807388305664 18.627197265625
4 360.0 21.931671142578125 14.725408554077148 24.771223545074463 6.153221607208252 18.61800193786621
4 361.0 22.13007354736328 14.833290100097656 24.88724660873413 6.3102126121521 18.57703399658203
4 362.0 22.2845401763916 14.915902137756348 25.027435302734375 6.477781295776367 18.549654006958008
4 363.0 22.37361717224121 14.991065979003906 25.15755271911621 6.614437103271484 18.543115615844727
4 364.0 22.405790328979492 15.067523956298828 25.222925186157227 6.752546310424805 18.470378875732422
4 365.0 22.435781478881836 15.119573593139648 25.32969617843628 6.887231349945068 18.44246482849121
4 366.0 22.480295181274414 15.15507698059082 25.44379234313965 7.012779235839844 18.431013107299805
5 1.0 22.34668731689453 22.687963485717773 26.5555419921875 8.75529670715332 17.80024528503418
5 2.0 22.247364044189453 22.448925018310547 26.62575626373291 8.884692192077637 17.741064071655273
5 3.0 22.090858459472656 22.24319839477539 26.662487030029297 8.966970443725586 17.69551658630371
5 4.0 21.918319702148438 22.041553497314453 26.64669418334961 9.05422592163086 17.59246826171875
5 5.0 21.756179809570312 21.852863311767578 26.621442794799805 9.15938949584961 17.462053298950195
5 6.0 21.57622718811035 21.636886596679688 26.616507530212402 9.28575611114502 17.330751419067383
5 7.0 21.41572380065918 21.4300537109375 26.57559585571289 9.42021369934082 17.15538215637207
5 8.0 21.259307861328125 21.19903564453125 26.548770904541016 9.568378448486328 16.980392456054688
5 9.0 21.099960327148438 21.016910552978516 26.47356414794922 9.650075912475586 16.823488235473633
5 10.0 20.875751495361328 20.839149475097656 26.340415000915527 9.73241138458252 16.608003616333008
5 11.0 20.606996536254883 20.59170150756836 26.192100524902344 9.788299560546875 16.40380096435547
5 12.0 20.31696319580078 20.321786880493164 26.04137420654297 9.855056762695312 16.186317443847656
5 13.0 20.048969268798828 20.10769271850586 25.74213409423828 9.908318519592285 15.833815574645996
5 14.0 19.799564361572266 19.913063049316406 25.48917293548584 9.93319320678711 15.55597972869873
5 15.0 19.533721923828125 19.68517303466797 25.28215789794922 9.998136520385742 15.284021377563477
5 16.0 19.26124382019043 19.478252410888672 25.059064865112305 10.060894012451172 14.998170852661133
5 17.0 18.971588134765625 19.290489196777344 24.809326171875 10.132264137268066 14.677062034606934
5 18.0 18.66333770751953 19.086936950683594 24.4815673828125 10.196982383728027 14.284584999084473
5 19.0 18.36365509033203 18.891630172729492 24.058372497558594 10.262163162231445 13.796209335327148
5 20.0 18.108964920043945 18.70734214782715 23.69107437133789 10.354366302490234 13.336708068847656
5 21.0 17.855764389038086 18.49489402770996 23.294034004211426 10.443306922912598 12.850727081298828
5 22.0 17.58588981628418 18.301082611083984 22.908124923706055 10.53676986694336 12.371355056762695
5 23.0 17.34375 18.13327407836914 22.569576263427734 10.641831398010254 11.92774486541748
5 24.0 17.099510192871094 17.971445083618164 22.075568199157715 10.745942115783691 11.329626083374023
5 25.0 16.824661254882812 17.809410095214844 21.584567070007324 10.78333854675293 10.801228523254395
5 26.0 16.587928771972656 17.69265365600586 21.12366771697998 10.818784713745117 10.304883003234863
5 27.0 16.37873649597168 17.591211318969727 20.71382236480713 10.896014213562012 9.817808151245117
5 28.0 16.16258430480957 17.479934692382812 20.315669059753418 10.967426300048828 9.34824275970459
5 29.0 15.990608215332031 17.408954620361328 20.078779220581055 11.056199073791504 9.02258014678955
5 30.0 15.782124519348145 17.307371139526367 19.75130844116211 11.13351058959961 8.6177978515625
5 31.0 15.542780876159668 17.190593719482422 19.22992181777954 11.23019790649414 7.9997239112854
5 32.0 15.357100486755371 17.11117172241211 18.815324306488037 11.310046195983887 7.50527811050415
5 33.0 15.192036628723145 17.032907485961914 18.38882303237915 11.403565406799316 6.985257625579834
5 34.0 14.962661743164062 16.938692092895508 17.830427169799805 11.467792510986328 6.362634658813477
5 35.0 14.738771438598633 16.857830047607422 17.43709135055542 11.520302772521973 5.916788578033447
5 36.0 14.615867614746094 16.83348846435547 17.14902925491333 11.636526107788086 5.512503147125244
5 37.0 14.544262886047363 16.833213806152344 16.947461128234863 11.75101375579834 5.196447372436523
5 38.0 14.456695556640625 16.839603424072266 16.708799839019775 11.847524642944336 4.8612751960754395
5 39.0 14.304454803466797 16.830902099609375 16.351125240325928 11.911148071289062 4.439977169036865
5 40.0 14.156351089477539 16.82053565979004 16.05402183532715 11.951972007751465 4.102049827575684
5 41.0 13.997065544128418 16.789836883544922 15.762688398361206 11.988147735595703 3.774540662765503
5 42.0 13.832206726074219 16.769149780273438 15.404241561889648 11.995453834533691 3.408787727355957
5 43.0 13.699954986572266 16.751708984375 15.149234771728516 12.028583526611328 3.1206512451171875
5 44.0 13.637872695922852 16.74567222595215 15.027326822280884 12.165221214294434 2.86210560798645
5 45.0 13.641084671020508 16.76633644104004 14.967395544052124 12.3147554397583 2.6526401042938232
5 46.0 13.630613327026367 16.82452964782715 14.850463390350342 12.45266342163086 2.3977999687194824
5 47.0 13.583308219909668 16.860477447509766 14.762420654296875 12.514583587646484 2.2478370666503906
5 48.0 13.521267890930176 16.91539764404297 14.702205896377563 12.5535249710083 2.1486809253692627
5 49.0 13.436027526855469 16.949798583984375 14.670925617218018 12.598565101623535 2.0723605155944824
5 50.0 13.353034019470215 16.9742488861084 14.642762541770935 12.672602653503418 1.970159888267517
5 51.0 13.354540824890137 17.054296493530273 14.578128218650818 12.747352600097656 1.8307756185531616
5 52.0 13.35779094696045 17.111007690429688 14.51723337173462 12.826689720153809 1.6905436515808105
5 53.0 13.369316101074219 17.166725158691406 14.482851266860962 12.885767936706543 1.597083330154419
5 54.0 13.425653457641602 17.27490234375 14.500444769859314 12.985807418823242 1.5146373510360718
5 55.0 13.493664741516113 17.384151458740234 14.49588680267334 13.090435981750488 1.4054508209228516
5 56.0 13.478876113891602 17.440210342407227 14.46366822719574 13.176689147949219 1.286979079246521
5 57.0 13.41125774383545 17.483295440673828 14.39322566986084 13.176809310913086 1.216416358947754
5 58.0 13.384073257446289 17.543052673339844 14.303711771965027 13.186866760253906 1.1168450117111206
5 59.0 13.38621997833252 17.616910934448242 14.306291818618774 13.255192756652832 1.0510990619659424
5 60.0 13.380834579467773 17.687299728393555 14.307542204856873 13.292439460754395 1.015102744102478
5 61.0 13.376216888427734 17.73865509033203 14.3107088804245 13.32160758972168 0.9891012907028198
5 62.0 13.409822463989258 17.794628143310547 14.36365407705307 13.396239280700684 0.9674147963523865
5 63.0 13.46074104309082 17.89640998840332 14.430509150028229 13.50890827178955 0.921600878238678
5 64.0 13.492546081542969 17.996793746948242 14.488709330558777 13.608620643615723 0.8800886869430542
5 65.0 13.497567176818848 18.071842193603516 14.504306733608246 13.666484832763672 0.837821900844574
5 66.0 13.517157554626465 18.16360855102539 14.533020436763763 13.748915672302246 0.7841047644615173
5 67.0 13.567005157470703 18.282453536987305 14.516934990882874 13.761027336120605 0.7559076547622681
5 68.0 13.619933128356934 18.411758422851562 14.623886406421661 13.899252891540527 0.724633514881134
5 69.0 13.631277084350586 18.518964767456055 14.632728099822998 13.961179733276367 0.6715483665466309
5 70.0 13.627602577209473 18.619266510009766 14.61405611038208 13.996954917907715 0.6171011924743652
5 71.0 13.617589950561523 18.696369171142578 14.612078487873077 14.03178882598877 0.5802896618843079
5 72.0 13.55199146270752 18.756916046142578 14.541661858558655 14.002907752990723 0.5387541055679321
5 73.0 13.50283432006836 18.826635360717773 14.459321141242981 13.976154327392578 0.48316681385040283
5 74.0 13.526609420776367 18.904170989990234 14.470999628305435 14.036356925964355 0.4346427023410797
5 75.0 13.587421417236328 19.006685256958008 14.522199839353561 14.1146240234375 0.4075758159160614
5 76.0 13.661954879760742 19.096948623657227 14.538192868232727 14.153299331665039 0.384893536567688
5 77.0 13.748266220092773 19.186140060424805 14.639231115579605 14.272491455078125 0.3667396605014801
5 78.0 13.849471092224121 19.265806198120117 14.711580216884613 14.364501953125 0.34707826375961304
5 79.0 13.918293952941895 19.365127563476562 14.79368257522583 14.468374252319336 0.32530832290649414
5 80.0 13.811010360717773 19.407806396484375 14.744997650384903 14.450395584106445 0.29460206627845764
5 81.0 13.695192337036133 19.457258224487305 14.661446541547775 14.38746166229248 0.2739848792552948
5 82.0 13.716781616210938 19.566265106201172 14.649518996477127 14.39305591583252 0.25646308064460754
5 83.0 13.703080177307129 19.65616226196289 14.605447426438332 14.376579284667969 0.22886814177036285
5 84.0 13.706039428710938 19.750080108642578 14.60634033381939 14.396867752075195 0.20947258174419403
5 85.0 13.652569770812988 19.80389404296875 14.549850448966026 14.352149963378906 0.19770048558712006
5 86.0 13.633240699768066 19.868009567260742 14.555921450257301 14.366866111755371 0.18905533850193024
5 87.0 13.66069507598877 19.922727584838867 14.623907580971718 14.443501472473145 0.1804061084985733
5 88.0 13.695910453796387 20.03413963317871 14.668386951088905 14.489506721496582 0.1788802295923233
5 89.0 13.738038063049316 20.190845489501953 14.68138301372528 14.5034761428833 0.17790687084197998
5 90.0 13.756709098815918 20.312501907348633 14.653734475374222 14.475465774536133 0.178268700838089
5 91.0 13.769946098327637 20.418880462646484 14.637121364474297 14.47143268585205 0.1656886786222458
5 92.0 13.762988090515137 20.500446319580078 14.684741839766502 14.528968811035156 0.15577302873134613
5 93.0 13.776238441467285 20.592754364013672 14.696669206023216 14.550024032592773 0.1466451734304428
5 94.0 13.824193000793457 20.69728660583496 14.745333135128021 14.604628562927246 0.14070457220077515
5 95.0 13.840384483337402 20.774337768554688 14.766355946660042 14.625977516174316 0.1403784304857254
5 96.0 13.802627563476562 20.81774139404297 14.768549606204033 14.622991561889648 0.14555804431438446
5 97.0 13.785186767578125 20.87447166442871 14.765553295612335 14.626554489135742 0.13899880647659302
5 98.0 13.76307487487793 20.90192413330078 14.747161850333214 14.61238956451416 0.13477228581905365
5 99.0 13.716160774230957 20.921510696411133 14.733347564935684 14.597105026245117 0.13624253869056702
5 100.0 13.674521446228027 20.94605255126953 14.670297518372536 14.53628158569336 0.13401593267917633
5 101.0 13.725323677062988 21.010740280151367 14.718154266476631 14.587617874145508 0.13053639233112335
5 102.0 13.756948471069336 21.13987159729004 14.718989804387093 14.587296485900879 0.13169331848621368
5 103.0 13.772540092468262 21.2614803314209 14.764339566230774 14.634210586547852 0.13012897968292236
5 104.0 13.830423355102539 21.396299362182617 14.781449005007744 14.656508445739746 0.12494055926799774
5 105.0 13.83704948425293 21.465578079223633 14.808744579553604 14.68426513671875 0.12447944283485413
5 106.0 13.830904006958008 21.528972625732422 14.804335586726665 14.681462287902832 0.12287329882383347
5 107.0 13.862446784973145 21.659212112426758 14.828621737658978 14.706088066101074 0.12253367155790329
5 108.0 13.905519485473633 21.794147491455078 14.8405691832304 14.722344398498535 0.11822478473186493
5 109.0 13.940905570983887 21.911636352539062 14.847661651670933 14.731806755065918 0.1158548966050148
5 110.0 13.950545310974121 22.007431030273438 14.865133330225945 14.757079124450684 0.10805420577526093
5 111.0 13.985003471374512 22.108728408813477 14.857111349701881 14.750898361206055 0.10621298849582672
5 112.0 14.041769981384277 22.232580184936523 14.908926412463188 14.80435562133789 0.10457079112529755
5 113.0 14.091424942016602 22.343971252441406 14.955277144908905 14.853108406066895 0.1021687388420105
5 114.0 14.148735046386719 22.4509334564209 14.989459469914436 14.88110065460205 0.10835881531238556
5 115.0 14.181889533996582 22.56070899963379 15.003930814564228 14.898553848266602 0.1053769662976265
5 116.0 14.19997501373291 22.668384552001953 15.035722240805626 14.929272651672363 0.10644958913326263
5 117.0 14.182356834411621 22.73107147216797 15.042625062167645 14.937267303466797 0.10535775870084763
5 118.0 14.136114120483398 22.76993179321289 15.096981629729271 14.99376392364502 0.1032177060842514
5 119.0 14.127686500549316 22.83331871032715 15.133219555020332 15.026240348815918 0.10697920620441437
5 120.0 14.147762298583984 22.926193237304688 15.15016008913517 15.04312801361084 0.10703207552433014
5 121.0 14.177983283996582 23.03449249267578 15.144096247851849 15.039716720581055 0.10437952727079391
5 122.0 14.18953800201416 23.124935150146484 15.162591822445393 15.060853004455566 0.1017388179898262
5 123.0 14.142386436462402 23.16661262512207 15.111220628023148 15.01460075378418 0.0966198742389679
5 124.0 14.109598159790039 23.20294952392578 15.097142711281776 15.002802848815918 0.09433986246585846
5 125.0 14.094402313232422 23.275222778320312 15.078552283346653 14.987561225891113 0.0909910574555397
5 126.0 14.091848373413086 23.343921661376953 15.035603642463684 14.942631721496582 0.09297192096710205
5 127.0 14.098183631896973 23.4243221282959 15.034993313252926 14.940056800842285 0.09493651241064072
5 128.0 14.103349685668945 23.48160743713379 15.062450878322124 14.961161613464355 0.10128926485776901
5 129.0 14.13315486907959 23.52975845336914 15.11584983766079 14.9990816116333 0.11676822602748871
5 130.0 14.16714859008789 23.563291549682617 15.131436005234718 14.997088432312012 0.1343475729227066
5 131.0 14.177724838256836 23.598102569580078 15.17045183479786 15.014300346374512 0.15615148842334747
5 132.0 14.160601615905762 23.636152267456055 15.197582721710205 15.024886131286621 0.17269659042358398
5 133.0 14.130061149597168 23.670257568359375 15.207785233855247 15.019980430603027 0.18780480325222015
5 134.0 14.099820137023926 23.700780868530273 15.186130300164223 14.983241081237793 0.20288921892642975
5 135.0 14.062349319458008 23.7289981842041 15.138199284672737 14.922710418701172 0.21548886597156525
5 136.0 14.031214714050293 23.75617218017578 15.098068997263908 14.875680923461914 0.22238807380199432
5 137.0 13.979211807250977 23.799226760864258 15.040493503212929 14.806251525878906 0.23424197733402252
5 138.0 13.936553001403809 23.848155975341797 15.012915641069412 14.765676498413086 0.2472391426563263
5 139.0 13.902105331420898 23.89815902709961 15.00511160492897 14.740067481994629 0.26504412293434143
5 140.0 13.881016731262207 23.95189666748047 14.945594042539597 14.66759204864502 0.278001993894577
5 141.0 13.849431037902832 23.992698669433594 14.922364711761475 14.634994506835938 0.2873702049255371
5 142.0 13.827838897705078 24.015918731689453 14.936504393815994 14.622710227966309 0.31379416584968567
5 143.0 13.815415382385254 24.03773307800293 14.920217901468277 14.583972930908203 0.33624497056007385
5 144.0 13.814501762390137 24.067075729370117 14.939774751663208 14.570714950561523 0.36905980110168457
5 145.0 13.811830520629883 24.106149673461914 14.945790767669678 14.565497398376465 0.3802933692932129
5 146.0 13.813758850097656 24.136484146118164 14.963622897863388 14.562784194946289 0.400838702917099
5 147.0 13.812369346618652 24.137351989746094 15.000330239534378 14.577521324157715 0.4228089153766632
5 148.0 13.814746856689453 24.125747680664062 15.061426103115082 14.592717170715332 0.46870893239974976
5 149.0 13.819829940795898 24.099058151245117 15.090494453907013 14.56869125366211 0.5218032002449036
5 150.0 13.848956108093262 24.147470474243164 15.133545100688934 14.56877326965332 0.564771831035614
5 151.0 13.85582447052002 24.207233428955078 15.155830264091492 14.568775177001953 0.5870550870895386
5 152.0 13.867246627807617 24.249670028686523 15.204034447669983 14.58265209197998 0.6213823556900024
5 153.0 13.85317325592041 24.270174026489258 15.188737869262695 14.545299530029297 0.6434383392333984
5 154.0 13.811559677124023 24.278738021850586 15.175482273101807 14.493274688720703 0.6822075843811035
5 155.0 13.78151798248291 24.299896240234375 15.154785573482513 14.448163986206055 0.7066215872764587
5 156.0 13.747152328491211 24.316280364990234 15.112710118293762 14.369385719299316 0.7433243989944458
5 157.0 13.742749214172363 24.32371711730957 15.099100768566132 14.321475982666016 0.777624785900116
5 158.0 13.719474792480469 24.327280044555664 15.09533566236496 14.296990394592285 0.7983452677726746
5 159.0 13.686234474182129 24.313230514526367 15.047802686691284 14.220808982849121 0.8269937038421631
5 160.0 13.6722993850708 24.358261108398438 15.030784368515015 14.162381172180176 0.8684031963348389
5 161.0 13.6831636428833 24.42418670654297 15.007358968257904 14.077468872070312 0.9298900961875916
5 162.0 13.7272310256958 24.47911262512207 15.045487523078918 14.038369178771973 1.0071183443069458
5 163.0 13.69902229309082 24.513591766357422 15.006436944007874 13.945127487182617 1.0613094568252563
5 164.0 13.695409774780273 24.5451602935791 15.00978934764862 13.864450454711914 1.1453388929367065
5 165.0 13.69729232788086 24.595014572143555 14.974316596984863 13.759496688842773 1.2148199081420898
5 166.0 13.691719055175781 24.65908432006836 14.9452383518219 13.666780471801758 1.2784578800201416
5 167.0 13.709382057189941 24.68552017211914 14.944211840629578 13.57884407043457 1.3653677701950073
5 168.0 13.762419700622559 24.71534538269043 15.013455748558044 13.565461158752441 1.447994589805603
5 169.0 13.818694114685059 24.759157180786133 15.141667485237122 13.58742618560791 1.5542412996292114
5 170.0 13.857739448547363 24.811901092529297 15.208099246025085 13.586119651794434 1.6219795942306519
5 171.0 13.861751556396484 24.844038009643555 15.227652668952942 13.53467845916748 1.6929742097854614
5 172.0 13.868691444396973 24.879966735839844 15.280311226844788 13.516753196716309 1.763558030128479
5 173.0 13.889174461364746 24.90959358215332 15.296579957008362 13.482588768005371 1.8139911890029907
5 174.0 13.928308486938477 24.92157554626465 15.314164161682129 13.447775840759277 1.8663883209228516
5 175.0 13.935053825378418 24.909996032714844 15.312263369560242 13.405084609985352 1.9071787595748901
5 176.0 13.921717643737793 24.908660888671875 15.297115564346313 13.337006568908691 1.960108995437622
5 177.0 13.936609268188477 24.927684783935547 15.325515270233154 13.276893615722656 2.048621654510498
5 178.0 13.972443580627441 24.945541381835938 15.38237714767456 13.228716850280762 2.153660297393799
5 179.0 13.988408088684082 24.957239151000977 15.418679475784302 13.180856704711914 2.2378227710723877
5 180.0 14.006387710571289 24.957056045532227 15.417547464370728 13.121820449829102 2.295727014541626
5 181.0 13.996709823608398 24.949926376342773 15.408369541168213 13.065986633300781 2.3423829078674316
5 182.0 13.995686531066895 24.958438873291016 15.426540851593018 13.037178039550781 2.3893628120422363
5 183.0 14.010799407958984 24.95823097229004 15.475184917449951 12.982150077819824 2.493034839630127
5 184.0 14.017205238342285 24.965219497680664 15.506275415420532 12.930301666259766 2.5759737491607666
5 185.0 14.01453685760498 24.971839904785156 15.536202430725098 12.857767105102539 2.6784353256225586
5 186.0 14.018939018249512 24.942642211914062 15.571045160293579 12.82293701171875 2.748108148574829
5 187.0 14.061846733093262 24.86566734313965 15.674736022949219 12.77571964263916 2.8990163803100586
5 188.0 14.096396446228027 24.82029914855957 15.718229293823242 12.723434448242188 2.9947948455810547
5 189.0 14.078736305236816 24.842832565307617 15.694638967514038 12.663593292236328 3.03104567527771
5 190.0 14.026500701904297 24.820526123046875 15.634933948516846 12.61030101776123 3.0246329307556152
5 191.0 14.059005737304688 24.759063720703125 15.743547439575195 12.565969467163086 3.1775779724121094
5 192.0 14.174214363098145 24.728534698486328 15.863072156906128 12.512015342712402 3.3510568141937256
5 193.0 14.253599166870117 24.699235916137695 15.965951204299927 12.477097511291504 3.488853693008423
5 194.0 14.295355796813965 24.655248641967773 15.97522759437561 12.372025489807129 3.6032021045684814
5 195.0 14.344173431396484 24.645313262939453 15.939455270767212 12.256274223327637 3.683181047439575
5 196.0 14.411710739135742 24.65287971496582 15.989620447158813 12.195369720458984 3.794250726699829
5 197.0 14.466728210449219 24.64011001586914 16.085872411727905 12.171951293945312 3.9139211177825928
5 198.0 14.513824462890625 24.627155303955078 16.17304801940918 12.158416748046875 4.014631271362305
5 199.0 14.547669410705566 24.594348907470703 16.246542930603027 12.138107299804688 4.10843563079834
5 200.0 14.600460052490234 24.557476043701172 16.273216724395752 12.08337688446045 4.189839839935303
5 201.0 14.694279670715332 24.51011085510254 16.390242099761963 12.041180610656738 4.349061489105225
5 202.0 14.741806983947754 24.455142974853516 16.466511249542236 11.9807710647583 4.4857401847839355
5 203.0 14.720793724060059 24.366350173950195 16.489131927490234 11.938957214355469 4.550174713134766
5 204.0 14.699353218078613 24.28830909729004 16.51267957687378 11.889177322387695 4.623502254486084
5 205.0 14.667769432067871 24.2287540435791 16.56407880783081 11.859910011291504 4.704168796539307
5 206.0 14.676318168640137 24.170835494995117 16.63359498977661 11.834183692932129 4.799411296844482
5 207.0 14.655878067016602 24.092336654663086 16.682274341583252 11.802122116088867 4.880152225494385
5 208.0 14.664033889770508 24.01926040649414 16.706204891204834 11.748600006103516 4.957604885101318
5 209.0 14.703280448913574 23.976850509643555 16.752464771270752 11.68056869506836 5.071896076202393
5 210.0 14.740728378295898 23.95781135559082 16.73408079147339 11.580946922302246 5.153133869171143
5 211.0 14.756795883178711 23.90652084350586 16.704494953155518 11.502345085144043 5.202149868011475
5 212.0 14.802934646606445 23.83225440979004 16.758665561676025 11.442022323608398 5.316643238067627
5 213.0 14.806940078735352 23.7404842376709 16.789321422576904 11.385934829711914 5.40338659286499
5 214.0 14.830705642700195 23.642845153808594 16.833223342895508 11.318717956542969 5.514505386352539
5 215.0 14.86919116973877 23.533180236816406 16.9050350189209 11.277233123779297 5.627801895141602
5 216.0 14.970064163208008 23.420398712158203 17.034687995910645 11.22968864440918 5.804999351501465
5 217.0 15.067607879638672 23.311908721923828 17.177313804626465 11.18198299407959 5.995330810546875
5 218.0 15.13257884979248 23.16697883605957 17.257898807525635 11.10194206237793 6.155956745147705
5 219.0 15.103188514709473 23.039709091186523 17.243995666503906 11.00667953491211 6.237316131591797
5 220.0 15.07364273071289 22.913915634155273 17.248511791229248 10.901839256286621 6.346672534942627
5 221.0 15.070971488952637 22.779199600219727 17.198638916015625 10.763235092163086 6.435403823852539
5 222.0 15.05375862121582 22.625225067138672 17.224284172058105 10.671384811401367 6.552899360656738
5 223.0 15.037739753723145 22.439067840576172 17.23565435409546 10.56429386138916 6.671360492706299
5 224.0 15.06795883178711 22.235136032104492 17.306410312652588 10.482714653015137 6.823695659637451
5 225.0 15.129875183105469 22.022329330444336 17.399937629699707 10.40473747253418 6.995200157165527
5 226.0 15.213980674743652 21.79248809814453 17.50654649734497 10.34898567199707 7.1575608253479
5 227.0 15.236881256103516 21.522014617919922 17.53719425201416 10.258068084716797 7.279126167297363
5 228.0 15.225532531738281 21.251983642578125 17.53858757019043 10.139915466308594 7.398672103881836
5 229.0 15.178356170654297 21.001056671142578 17.558897495269775 10.074097633361816 7.484799861907959
5 230.0 15.150918960571289 20.745098114013672 17.512023448944092 9.980576515197754 7.531446933746338
5 231.0 15.159457206726074 20.465139389038086 17.56908941268921 9.909743309020996 7.659346103668213
5 232.0 15.139921188354492 20.172815322875977 17.61499261856079 9.832661628723145 7.7823309898376465
5 233.0 15.120750427246094 19.88702392578125 17.613576889038086 9.737927436828613 7.875649452209473
5 234.0 15.131756782531738 19.58705711364746 17.628138065338135 9.65096664428711 7.977171421051025
5 235.0 15.129133224487305 19.290729522705078 17.680546760559082 9.5674467086792 8.113100051879883
5 236.0 15.14124870300293 19.00188446044922 17.710084915161133 9.482741355895996 8.227343559265137
5 237.0 15.16387939453125 18.710805892944336 17.755810737609863 9.405856132507324 8.349954605102539
5 238.0 15.164368629455566 18.408994674682617 17.798912048339844 9.294572830200195 8.504339218139648
5 239.0 15.118486404418945 18.10392951965332 17.751646995544434 9.170631408691406 8.581015586853027
5 240.0 15.081819534301758 17.832685470581055 17.726423263549805 9.051356315612793 8.675066947937012
5 241.0 15.101828575134277 17.559646606445312 17.7066650390625 8.911120414733887 8.795544624328613
5 242.0 15.122766494750977 17.273197174072266 17.665218353271484 8.779789924621582 8.885428428649902
5 243.0 15.166603088378906 16.98367691040039 17.612616539001465 8.636736869812012 8.975879669189453
5 244.0 15.204902648925781 16.67965316772461 17.657517433166504 8.514376640319824 9.14314079284668
5 245.0 15.208685874938965 16.362689971923828 17.71908187866211 8.42905044555664 9.290031433105469
5 246.0 15.172582626342773 16.030588150024414 17.7363920211792 8.348546028137207 9.387845993041992
5 247.0 15.165679931640625 15.701284408569336 17.801194190979004 8.282008171081543 9.519186019897461
5 248.0 15.2013521194458 15.418275833129883 17.833434104919434 8.197200775146484 9.63623332977295
5 249.0 15.218769073486328 15.135860443115234 17.92581272125244 8.123634338378906 9.802178382873535
5 250.0 15.242379188537598 14.891312599182129 18.016263961791992 8.030889511108398 9.985374450683594
5 251.0 15.215798377990723 14.644428253173828 18.035935401916504 7.914455413818359 10.121479988098145
5 252.0 15.192190170288086 14.390233993530273 18.082711696624756 7.843039035797119 10.239672660827637
5 253.0 15.182687759399414 14.15970516204834 18.17560338973999 7.797515392303467 10.378087997436523
5 254.0 15.172752380371094 13.935869216918945 18.31522512435913 7.757989406585693 10.557235717773438
5 255.0 15.117652893066406 13.730390548706055 18.395949840545654 7.699385166168213 10.696564674377441
5 256.0 15.04543685913086 13.519274711608887 18.401081085205078 7.612215995788574 10.788865089416504
5 257.0 14.998159408569336 13.296141624450684 18.428309440612793 7.517988204956055 10.910321235656738
5 258.0 14.971585273742676 13.06678581237793 18.412303924560547 7.391666412353516 11.020637512207031
5 259.0 14.945306777954102 12.832147598266602 18.402151584625244 7.261653423309326 11.140498161315918
5 260.0 14.965088844299316 12.626134872436523 18.44496774673462 7.141429424285889 11.30353832244873
5 261.0 15.00401782989502 12.432769775390625 18.473309993743896 6.978909015655518 11.494400978088379
5 262.0 15.037859916687012 12.260523796081543 18.501585006713867 6.8146162033081055 11.686968803405762
5 263.0 15.103202819824219 12.0995512008667 18.54688835144043 6.658968925476074 11.887919425964355
5 264.0 15.149788856506348 11.940876007080078 18.541539192199707 6.4773406982421875 12.06419849395752
5 265.0 15.18586540222168 11.783212661743164 18.63917589187622 6.316440105438232 12.322735786437988
5 266.0 15.182563781738281 11.621922492980957 18.683794498443604 6.127455234527588 12.556339263916016
5 267.0 15.184106826782227 11.47608470916748 18.709163665771484 5.960980415344238 12.748183250427246
5 268.0 15.181378364562988 11.357070922851562 18.692134857177734 5.809723854064941 12.882411003112793
5 269.0 15.186567306518555 11.191595077514648 18.67029047012329 5.681755542755127 12.988534927368164
5 270.0 15.277837753295898 11.041976928710938 18.6871976852417 5.560628890991211 13.126568794250488
5 271.0 15.41802978515625 10.938793182373047 18.755928993225098 5.436887741088867 13.31904125213623
5 272.0 15.509664535522461 10.844687461853027 18.780450344085693 5.293466091156006 13.486984252929688
5 273.0 15.55600357055664 10.762662887573242 18.76677942276001 5.107950687408447 13.658828735351562
5 274.0 15.589516639709473 10.705106735229492 18.757862091064453 4.9634857177734375 13.794376373291016
5 275.0 15.642799377441406 10.671558380126953 18.763930320739746 4.815936088562012 13.947994232177734
5 276.0 15.682379722595215 10.627616882324219 18.778395175933838 4.68870210647583 14.089693069458008
5 277.0 15.690837860107422 10.56278133392334 18.775938034057617 4.558606147766113 14.217331886291504
5 278.0 15.731912612915039 10.524184226989746 18.77644395828247 4.369553089141846 14.406890869140625
5 279.0 15.838277816772461 10.513104438781738 18.829941749572754 4.231467247009277 14.598474502563477
5 280.0 15.996513366699219 10.493759155273438 18.98408079147339 4.118556499481201 14.865524291992188
5 281.0 16.032175064086914 10.482423782348633 19.084497451782227 4.016164779663086 15.06833267211914
5 282.0 16.03105354309082 10.460458755493164 19.068485021591187 3.921339750289917 15.14714527130127
5 283.0 15.998912811279297 10.437522888183594 19.066977977752686 3.842710018157959 15.224267959594727
5 284.0 16.017112731933594 10.4254732131958 19.070475578308105 3.762701988220215 15.30777359008789
5 285.0 16.09708595275879 10.441740036010742 19.189054489135742 3.7180566787719727 15.47099781036377
5 286.0 16.209531784057617 10.471710205078125 19.249187469482422 3.6357650756835938 15.613422393798828
5 287.0 16.304590225219727 10.492011070251465 19.304682970046997 3.565471887588501 15.739211082458496
5 288.0 16.41455078125 10.525907516479492 19.343185424804688 3.4978103637695312 15.845375061035156
5 289.0 16.491344451904297 10.545766830444336 19.41672658920288 3.42964506149292 15.987081527709961
5 290.0 16.530494689941406 10.554137229919434 19.4696204662323 3.360316038131714 16.109304428100586
5 291.0 16.567087173461914 10.569009780883789 19.479548931121826 3.288236141204834 16.191312789916992
5 292.0 16.641328811645508 10.597349166870117 19.57592487335205 3.2261877059936523 16.3497371673584
5 293.0 16.651643753051758 10.617215156555176 19.5828857421875 3.149444580078125 16.433441162109375
5 294.0 16.657894134521484 10.613353729248047 19.6029052734375 3.091825485229492 16.511079788208008
5 295.0 16.714319229125977 10.644643783569336 19.640076398849487 3.044752836227417 16.59532356262207
5 296.0 16.732065200805664 10.676095008850098 19.681718349456787 2.9960551261901855 16.6856632232666
5 297.0 16.670442581176758 10.698043823242188 19.66866707801819 2.9455111026763916 16.723155975341797
5 298.0 16.60715103149414 10.718189239501953 19.636473178863525 2.9078259468078613 16.728647232055664
5 299.0 16.627790451049805 10.73483943939209 19.6291766166687 2.8613200187683105 16.76785659790039
5 300.0 16.60617446899414 10.730813980102539 19.562324285507202 2.796333074569702 16.7659912109375
5 301.0 16.618064880371094 10.708492279052734 19.516958475112915 2.7139055728912354 16.80305290222168
5 302.0 16.69331932067871 10.736381530761719 19.482552766799927 2.6027214527130127 16.879831314086914
5 303.0 16.834320068359375 10.803486824035645 19.53180956840515 2.5522563457489014 16.97955322265625
5 304.0 17.034486770629883 10.868099212646484 19.673294067382812 2.5177230834960938 17.15557098388672
5 305.0 17.15206527709961 10.928227424621582 19.70753049850464 2.484954357147217 17.222576141357422
5 306.0 17.26828384399414 11.013649940490723 19.76267671585083 2.4722657203674316 17.2904109954834
5 307.0 17.37592887878418 11.126903533935547 19.91693902015686 2.4544222354888916 17.46251678466797
5 308.0 17.42845916748047 11.210390090942383 19.98432207107544 2.4476113319396973 17.536710739135742
5 309.0 17.460437774658203 11.312179565429688 20.064414739608765 2.4316537380218506 17.632761001586914
5 310.0 17.43423080444336 11.377240180969238 20.063563585281372 2.418299913406372 17.645263671875
5 311.0 17.415788650512695 11.431381225585938 20.066397666931152 2.407374382019043 17.65902328491211
5 312.0 17.402851104736328 11.477559089660645 20.126209020614624 2.3906686305999756 17.73554039001465
5 313.0 17.458003997802734 11.51701831817627 20.222049713134766 2.3872737884521484 17.834775924682617
5 314.0 17.551921844482422 11.593619346618652 20.275219202041626 2.3920633792877197 17.883155822753906
5 315.0 17.672435760498047 11.739693641662598 20.319706439971924 2.387363910675049 17.932342529296875
5 316.0 17.7719783782959 11.88047981262207 20.348034620285034 2.360579252243042 17.987455368041992
5 317.0 17.88964080810547 12.050333976745605 20.327434062957764 2.3420119285583496 17.985422134399414
5 318.0 18.038284301757812 12.234642028808594 20.394420862197876 2.3227522373199463 18.07166862487793
5 319.0 18.133195877075195 12.415508270263672 20.44035577774048 2.323183536529541 18.117172241210938
5 320.0 18.20525550842285 12.592951774597168 20.490415811538696 2.3326056003570557 18.15781021118164
5 321.0 18.302461624145508 12.777800559997559 20.55831265449524 2.365281343460083 18.193031311035156
5 322.0 18.384456634521484 12.923747062683105 20.54121422767639 2.3825552463531494 18.158658981323242
5 323.0 18.39246368408203 13.005922317504883 20.523011922836304 2.367236852645874 18.15577507019043
5 324.0 18.383617401123047 13.073369026184082 20.478569746017456 2.3640944957733154 18.11447525024414
5 325.0 18.362794876098633 13.158065795898438 20.44430685043335 2.339210033416748 18.1050968170166
5 326.0 18.338132858276367 13.226059913635254 20.461382627487183 2.348952054977417 18.112430572509766
5 327.0 18.275772094726562 13.235454559326172 20.4432590007782 2.378063917160034 18.065195083618164
5 328.0 18.288318634033203 13.257071495056152 20.624485969543457 2.482264518737793 18.142221450805664
5 329.0 18.420612335205078 13.353334426879883 20.812133312225342 2.596574306488037 18.215559005737305
5 330.0 18.59541130065918 13.482990264892578 20.97559118270874 2.683457851409912 18.292133331298828
5 331.0 18.76247215270996 13.599406242370605 21.136595010757446 2.769644021987915 18.36695098876953
5 332.0 18.903411865234375 13.708539009094238 21.25330352783203 2.8181705474853516 18.43513298034668
5 333.0 19.011526107788086 13.78052043914795 21.330332279205322 2.9038033485412598 18.426528930664062
5 334.0 19.151004791259766 13.880239486694336 21.566651344299316 3.0651769638061523 18.501474380493164
5 335.0 19.30453872680664 13.984302520751953 21.67118787765503 3.1875815391540527 18.483606338500977
5 336.0 19.42868423461914 14.09980297088623 21.82401704788208 3.3102173805236816 18.5137996673584
5 337.0 19.51382064819336 14.236567497253418 21.93040418624878 3.3953070640563965 18.535097122192383
5 338.0 19.619741439819336 14.396064758300781 21.993379831314087 3.458976984024048 18.53440284729004
5 339.0 19.707624435424805 14.51777458190918 22.0727276802063 3.503134250640869 18.56959342956543
5 340.0 19.789695739746094 14.633308410644531 22.08825945854187 3.5301806926727295 18.55807876586914
5 341.0 19.889280319213867 14.746391296386719 22.11553955078125 3.615049362182617 18.500490188598633
5 342.0 19.99004364013672 14.861001968383789 22.3076012134552 3.754168748855591 18.55343246459961
5 343.0 20.097749710083008 14.986408233642578 22.468506813049316 3.9283971786499023 18.540109634399414
5 344.0 20.249534606933594 15.142595291137695 22.629199028015137 4.077212333679199 18.551986694335938
5 345.0 20.3580322265625 15.259289741516113 22.77061176300049 4.186093330383301 18.584518432617188
5 346.0 20.434764862060547 15.363670349121094 22.87712574005127 4.275609016418457 18.601516723632812
5 347.0 20.523475646972656 15.429753303527832 22.996976375579834 4.4269118309021 18.570064544677734
5 348.0 20.71012306213379 15.486089706420898 23.155163288116455 4.577742099761963 18.577421188354492
5 349.0 20.834714889526367 15.524263381958008 23.315239429473877 4.775068759918213 18.540170669555664
5 350.0 20.87594985961914 15.582759857177734 23.418294429779053 4.9130682945251465 18.505226135253906
5 351.0 20.936264038085938 15.667448043823242 23.488511562347412 5.011504650115967 18.477006912231445
5 352.0 21.08443260192871 15.803138732910156 23.554335594177246 5.109410285949707 18.44492530822754
5 353.0 21.20212173461914 15.900581359863281 23.60328722000122 5.217207431793213 18.386079788208008
5 354.0 21.295991897583008 15.959758758544922 23.7276668548584 5.385959625244141 18.341707229614258
5 355.0 21.388534545898438 16.029056549072266 23.87309741973877 5.572442054748535 18.300655364990234
5 356.0 21.528820037841797 16.085491180419922 24.031441688537598 5.745944023132324 18.285497665405273
5 357.0 21.7115478515625 16.143718719482422 24.27142572402954 6.017160892486572 18.25426483154297
5 358.0 21.917930603027344 16.22301483154297 24.56507921218872 6.293110370635986 18.271968841552734
5 359.0 22.082792282104492 16.310871124267578 24.809600353240967 6.555800914764404 18.253799438476562
5 360.0 22.182085037231445 16.385913848876953 24.921100616455078 6.710693359375 18.210407257080078
5 361.0 22.19462013244629 16.438230514526367 25.021456718444824 6.785798072814941 18.235658645629883
5 362.0 22.112459182739258 16.44782257080078 24.989810943603516 6.801586151123047 18.18822479248047
5 363.0 22.12134552001953 16.485233306884766 25.011213779449463 6.87736177444458 18.133852005004883
5 364.0 22.195819854736328 16.554218292236328 25.051175594329834 6.9981303215026855 18.05304527282715
5 365.0 22.233566284179688 16.61225128173828 25.125444889068604 7.1049065589904785 18.020538330078125
5 366.0 22.244827270507812 16.642932891845703 25.18429708480835 7.205319881439209 17.97897720336914
6 1.0 22.36709976196289 22.7111759185791 26.5830078125 8.781187057495117 17.801820755004883
6 2.0 22.28546905517578 22.480274200439453 26.64628791809082 8.915216445922852 17.73107147216797
6 3.0 22.139972686767578 22.276840209960938 26.72980785369873 9.027997016906738 17.701810836791992
6 4.0 21.99649429321289 22.066059112548828 26.710773468017578 9.142059326171875 17.568714141845703
6 5.0 21.858158111572266 21.86827850341797 26.728090286254883 9.25323486328125 17.474855422973633
6 6.0 21.673477172851562 21.661460876464844 26.6630802154541 9.37559700012207 17.28748321533203
6 7.0 21.51220703125 21.462013244628906 26.634578704833984 9.494710922241211 17.139867782592773
6 8.0 21.344589233398438 21.2584285736084 26.503759384155273 9.588598251342773 16.9151611328125
6 9.0 21.13397979736328 21.04701805114746 26.403209686279297 9.715080261230469 16.688129425048828
6 10.0 20.905576705932617 20.830059051513672 26.220170974731445 9.840288162231445 16.3798828125
6 11.0 20.59300994873047 20.53855323791504 26.002236366271973 9.882107734680176 16.120128631591797
6 12.0 20.256664276123047 20.26333999633789 25.727619171142578 9.909026145935059 15.81859302520752
6 13.0 19.93305206298828 20.01858139038086 25.44063377380371 9.944794654846191 15.49583911895752
6 14.0 19.612640380859375 19.735340118408203 25.252293586730957 10.005934715270996 15.246358871459961
6 15.0 19.304349899291992 19.467594146728516 25.03571319580078 10.105192184448242 14.930521011352539
6 16.0 18.994007110595703 19.248048782348633 24.74925708770752 10.120140075683594 14.629117012023926
6 17.0 18.715778350830078 19.066547393798828 24.299039840698242 10.130902290344238 14.168137550354004
6 18.0 18.465343475341797 18.860624313354492 23.9531192779541 10.236257553100586 13.716861724853516
6 19.0 18.147693634033203 18.60614013671875 23.46384048461914 10.287546157836914 13.176294326782227
6 20.0 17.813539505004883 18.34675407409668 22.925166130065918 10.386259078979492 12.538907051086426
6 21.0 17.571826934814453 18.177406311035156 22.625398635864258 10.444756507873535 12.180642127990723
6 22.0 17.361570358276367 18.054637908935547 22.282410621643066 10.503881454467773 11.778529167175293
6 23.0 17.202465057373047 17.95395278930664 22.01019287109375 10.612810134887695 11.397382736206055
6 24.0 17.103803634643555 17.850521087646484 21.738380432128906 10.74894905090332 10.989431381225586
6 25.0 16.996402740478516 17.771196365356445 21.52902126312256 10.882979393005371 10.646041870117188
6 26.0 16.82461166381836 17.64959716796875 21.323962211608887 10.963797569274902 10.360164642333984
6 27.0 16.585433959960938 17.48101806640625 21.124150276184082 11.049254417419434 10.074895858764648
6 28.0 16.3497314453125 17.333248138427734 20.801600456237793 11.180999755859375 9.620600700378418
6 29.0 16.113866806030273 17.1633358001709 20.46017551422119 11.307723999023438 9.152451515197754
6 30.0 15.89403247833252 16.983415603637695 20.11504077911377 11.408053398132324 8.706987380981445
6 31.0 15.71320915222168 16.883058547973633 19.821330070495605 11.485554695129395 8.335775375366211
6 32.0 15.494444847106934 16.808515548706055 19.45044708251953 11.545574188232422 7.904872894287109
6 33.0 15.269323348999023 16.713464736938477 19.04508399963379 11.629325866699219 7.41575813293457
6 34.0 15.059642791748047 16.63076400756836 18.555095195770264 11.694916725158691 6.860178470611572
6 35.0 14.874373435974121 16.553098678588867 18.117920875549316 11.785726547241211 6.3321943283081055
6 36.0 14.735427856445312 16.506837844848633 17.64571237564087 11.92920207977295 5.71651029586792
6 37.0 14.620879173278809 16.479215621948242 17.178857803344727 12.047861099243164 5.1309967041015625
6 38.0 14.53123664855957 16.485218048095703 16.76846218109131 12.166897773742676 4.601564407348633
6 39.0 14.39663314819336 16.482215881347656 16.412831783294678 12.262903213500977 4.149928569793701
6 40.0 14.240949630737305 16.457529067993164 16.12848925590515 12.303824424743652 3.824664831161499
6 41.0 14.022315979003906 16.390289306640625 15.819442510604858 12.322460174560547 3.4969823360443115
6 42.0 13.846087455749512 16.367647171020508 15.586083889007568 12.338807106018066 3.247276782989502
6 43.0 13.74510669708252 16.369646072387695 15.43183970451355 12.38610553741455 3.045734167098999
6 44.0 13.7637939453125 16.399765014648438 15.35152006149292 12.515515327453613 2.8360047340393066
6 45.0 13.80424690246582 16.46904754638672 15.287314414978027 12.618640899658203 2.668673515319824
6 46.0 13.755313873291016 16.529464721679688 15.135822534561157 12.647085189819336 2.4887373447418213
6 47.0 13.6740083694458 16.557039260864258 15.012806177139282 12.65377426147461 2.359031915664673
6 48.0 13.632250785827637 16.579097747802734 14.903545618057251 12.698077201843262 2.2054684162139893
6 49.0 13.59147834777832 16.595191955566406 14.83662462234497 12.760766983032227 2.075857639312744
6 50.0 13.567364692687988 16.622051239013672 14.781802892684937 12.81610107421875 1.9657018184661865
6 51.0 13.518898010253906 16.69831657409668 14.668607592582703 12.856099128723145 1.812508463859558
6 52.0 13.42150592803955 16.767677307128906 14.530202984809875 12.84938907623291 1.6808139085769653
6 53.0 13.352676391601562 16.821781158447266 14.42471694946289 12.851296424865723 1.573420524597168
6 54.0 13.291887283325195 16.88660430908203 14.315776109695435 12.873001098632812 1.442775011062622
6 55.0 13.249832153320312 16.96047592163086 14.236546516418457 12.90393352508545 1.3326129913330078
6 56.0 13.189716339111328 17.03123664855957 14.152779698371887 12.93477725982666 1.218002438545227
6 57.0 13.15749454498291 17.13395118713379 14.010765552520752 12.921233177185059 1.0895323753356934
6 58.0 13.118559837341309 17.201431274414062 14.013652205467224 12.985638618469238 1.0280135869979858
6 59.0 13.076272010803223 17.23969841003418 13.970075845718384 12.981395721435547 0.9886801242828369
6 60.0 13.026617050170898 17.275497436523438 13.957858800888062 13.021590232849121 0.9362685680389404
6 61.0 12.999675750732422 17.305322647094727 13.90003091096878 13.008337020874023 0.8916938900947571
6 62.0 12.98853874206543 17.362321853637695 13.906237125396729 13.070525169372559 0.8357119560241699
6 63.0 12.988921165466309 17.474050521850586 13.852355897426605 13.08951473236084 0.7628411650657654
6 64.0 13.018750190734863 17.6130428314209 13.8236443400383 13.10688591003418 0.7167584300041199
6 65.0 13.03638744354248 17.735069274902344 13.807034730911255 13.13704776763916 0.6699869632720947
6 66.0 12.999150276184082 17.820987701416016 13.82105177640915 13.181997299194336 0.6390544772148132
6 67.0 13.016139030456543 17.962894439697266 13.797625184059143 13.220564842224121 0.577060341835022
6 68.0 13.044172286987305 18.091693878173828 13.789476335048676 13.25364875793457 0.5358275771141052
6 69.0 13.04542350769043 18.176881790161133 13.805411040782928 13.2916259765625 0.5137850642204285
6 70.0 13.039627075195312 18.259069442749023 13.817500174045563 13.331005096435547 0.48649507761001587
6 71.0 13.089037895202637 18.382230758666992 13.834689438343048 13.372783660888672 0.4619057774543762
6 72.0 13.122486114501953 18.486942291259766 13.858960628509521 13.412336349487305 0.4466242790222168
6 73.0 13.190422058105469 18.582157135009766 13.971425175666809 13.53533935546875 0.4360858201980591
6 74.0 13.227937698364258 18.65138816833496 14.029944568872452 13.610796928405762 0.41914764046669006
6 75.0 13.235708236694336 18.735218048095703 14.055721491575241 13.649685859680176 0.4060356318950653
6 76.0 13.316070556640625 18.85945701599121 14.114447623491287 13.731732368469238 0.38271525502204895
6 77.0 13.36622428894043 18.988651275634766 14.135406345129013 13.775805473327637 0.35960087180137634
6 78.0 13.388279914855957 19.090179443359375 14.181560635566711 13.823566436767578 0.3579941987991333
6 79.0 13.400208473205566 19.183612823486328 14.185445696115494 13.841301918029785 0.3441437780857086
6 80.0 13.405301094055176 19.290298461914062 14.20199254155159 13.87578010559082 0.32621243596076965
6 81.0 13.445334434509277 19.424863815307617 14.2580486536026 13.942831993103027 0.31521666049957275
6 82.0 13.494378089904785 19.59720230102539 14.279459863901138 13.985130310058594 0.29432955384254456
6 83.0 13.526094436645508 19.75574493408203 14.334811925888062 14.061530113220215 0.2732818126678467
6 84.0 13.509456634521484 19.872907638549805 14.310295224189758 14.04332160949707 0.266973614692688
6 85.0 13.488595008850098 19.948692321777344 14.280551582574844 14.02429485321045 0.25625672936439514
6 86.0 13.474748611450195 20.012102127075195 14.307197540998459 14.056635856628418 0.2505616843700409
6 87.0 13.460042953491211 20.05303192138672 14.32131676375866 14.084067344665527 0.23724941909313202
6 88.0 13.403685569763184 20.059513092041016 14.382139891386032 14.150832176208496 0.231307715177536
6 89.0 13.347990036010742 20.13693618774414 14.331616431474686 14.105976104736328 0.22564032673835754
6 90.0 13.33792495727539 20.231416702270508 14.332217901945114 14.115373611450195 0.21684429049491882
6 91.0 13.391310691833496 20.33553123474121 14.392655909061432 14.181174278259277 0.21148163080215454
6 92.0 13.45775318145752 20.45023536682129 14.400406017899513 14.192784309387207 0.2076217085123062
6 93.0 13.46757698059082 20.53371238708496 14.377843722701073 14.175085067749023 0.20275865495204926
6 94.0 13.49205207824707 20.619840621948242 14.365945935249329 14.16678237915039 0.199163556098938
6 95.0 13.502235412597656 20.699024200439453 14.376798912882805 14.178565979003906 0.19823293387889862
6 96.0 13.472164154052734 20.75489616394043 14.355327501893044 14.16070556640625 0.19462193548679352
6 97.0 13.4712495803833 20.828094482421875 14.344219893217087 14.153776168823242 0.1904437243938446
6 98.0 13.480287551879883 20.8759822845459 14.366481676697731 14.179082870483398 0.18739880621433258
6 99.0 13.554595947265625 20.944494247436523 14.457141682505608 14.274277687072754 0.1828639954328537
6 100.0 13.61508846282959 21.034154891967773 14.500951170921326 14.320414543151855 0.18053662776947021
6 101.0 13.596165657043457 21.08417510986328 14.485170066356659 14.306103706359863 0.17906635999679565
6 102.0 13.60932445526123 21.180200576782227 14.510058358311653 14.33248233795166 0.17757602035999298
6 103.0 13.671491622924805 21.308757781982422 14.555277958512306 14.377182006835938 0.1780959516763687
6 104.0 13.701889038085938 21.41071128845215 14.569196030497551 14.395078659057617 0.17411737143993378
6 105.0 13.725804328918457 21.479700088500977 14.598145544528961 14.428166389465332 0.16997915506362915
6 106.0 13.763805389404297 21.544414520263672 14.633602023124695 14.47164249420166 0.16195952892303467
6 107.0 13.817187309265137 21.641277313232422 14.709660977125168 14.549592018127441 0.16006895899772644
6 108.0 13.861027717590332 21.74820899963379 14.801747798919678 14.641562461853027 0.1601853370666504
6 109.0 13.827872276306152 21.827802658081055 14.785451918840408 14.627344131469727 0.15810778737068176
6 110.0 13.785443305969238 21.88545799255371 14.73017942905426 14.573186874389648 0.15699255466461182
6 111.0 13.784608840942383 21.946605682373047 14.734987512230873 14.581249237060547 0.15373827517032623
6 112.0 13.793606758117676 22.056629180908203 14.787990719079971 14.634464263916016 0.1535264551639557
6 113.0 13.751200675964355 22.158100128173828 14.774074852466583 14.624421119689941 0.14965373277664185
6 114.0 13.683077812194824 22.230636596679688 14.80175967514515 14.651250839233398 0.1505088359117508
6 115.0 13.641748428344727 22.28559684753418 14.760262355208397 14.618498802185059 0.14176355302333832
6 116.0 13.64636516571045 22.357736587524414 14.702072709798813 14.566573143005371 0.13549956679344177
6 117.0 13.630223274230957 22.436901092529297 14.657786265015602 14.528101921081543 0.12968434393405914
6 118.0 13.632527351379395 22.508914947509766 14.657627418637276 14.532788276672363 0.12483914196491241
6 119.0 13.699109077453613 22.581106185913086 14.651212356984615 14.530123710632324 0.12108864635229111
6 120.0 13.735259056091309 22.634836196899414 14.63574805855751 14.513900756835938 0.12184730172157288
6 121.0 13.734794616699219 22.702106475830078 14.644357174634933 14.522429466247559 0.12192770838737488
6 122.0 13.747319221496582 22.794559478759766 14.628151081502438 14.507786750793457 0.12036433070898056
6 123.0 13.76318645477295 22.84360122680664 14.688012801110744 14.565831184387207 0.12218161672353745
6 124.0 13.775022506713867 22.91086196899414 14.709195345640182 14.586773872375488 0.12242147326469421
6 125.0 13.733606338500977 22.938507080078125 14.706674739718437 14.584406852722168 0.12226788699626923
6 126.0 13.700199127197266 22.961387634277344 14.676737032830715 14.555392265319824 0.12134476751089096
6 127.0 13.693326950073242 22.992765426635742 14.65171067416668 14.526997566223145 0.12471310794353485
6 128.0 13.711130142211914 23.054914474487305 14.663108259439468 14.531188011169434 0.1319202482700348
6 129.0 13.745418548583984 23.145816802978516 14.704826548695564 14.56006145477295 0.14476509392261505
6 130.0 13.796304702758789 23.257675170898438 14.73561792075634 14.59232234954834 0.14329557120800018
6 131.0 13.834078788757324 23.359739303588867 14.781484052538872 14.626143455505371 0.15534059703350067
6 132.0 13.846423149108887 23.455720901489258 14.808430030941963 14.637273788452148 0.17115624248981476
6 133.0 13.81450366973877 23.54498863220215 14.75139956176281 14.57535457611084 0.1760449856519699
6 134.0 13.745905876159668 23.590269088745117 14.715213611721992 14.538158416748047 0.17705519497394562
6 135.0 13.730070114135742 23.662919998168945 14.736573457717896 14.553508758544922 0.18306469917297363
6 136.0 13.731155395507812 23.738149642944336 14.77177181839943 14.579625129699707 0.1921466886997223
6 137.0 13.729217529296875 23.793333053588867 14.7653668820858 14.557479858398438 0.20788702368736267
6 138.0 13.730939865112305 23.86159896850586 14.770568445324898 14.550689697265625 0.21987874805927277
6 139.0 13.733388900756836 23.898544311523438 14.796912282705307 14.561948776245117 0.23496350646018982
6 140.0 13.754194259643555 23.939197540283203 14.839977502822876 14.594289779663086 0.24568772315979004
6 141.0 13.744614601135254 23.962461471557617 14.857232511043549 14.579486846923828 0.27774566411972046
6 142.0 13.724292755126953 24.009117126464844 14.879335284233093 14.565895080566406 0.313440203666687
6 143.0 13.715482711791992 24.06671142578125 14.883173644542694 14.53521728515625 0.3479563593864441
6 144.0 13.719871520996094 24.133817672729492 14.91245150566101 14.54167366027832 0.37077784538269043
6 145.0 13.721193313598633 24.210298538208008 14.88626092672348 14.49938678741455 0.38687413930892944
6 146.0 13.711824417114258 24.270864486694336 14.864006370306015 14.4343900680542 0.4296163022518158
6 147.0 13.691226959228516 24.34889793395996 14.813044518232346 14.35126781463623 0.4617767035961151
6 148.0 13.646936416625977 24.359630584716797 14.771666198968887 14.283252716064453 0.4884134829044342
6 149.0 13.587324142456055 24.37209701538086 14.736642301082611 14.209627151489258 0.5270151495933533
6 150.0 13.539820671081543 24.40260887145996 14.634185910224915 14.0753755569458 0.5588103532791138
6 151.0 13.519853591918945 24.468578338623047 14.572493016719818 13.98012924194336 0.5923637747764587
6 152.0 13.488093376159668 24.515745162963867 14.519091963768005 13.902626991271973 0.6164649724960327
6 153.0 13.44356632232666 24.527677536010742 14.448161900043488 13.805123329162598 0.6430385708808899
6 154.0 13.41006851196289 24.54073715209961 14.440458476543427 13.779841423034668 0.6606170535087585
6 155.0 13.385498046875 24.567808151245117 14.42107629776001 13.715639114379883 0.705437183380127
6 156.0 13.36751937866211 24.57247543334961 14.429756581783295 13.670358657836914 0.7593979239463806
6 157.0 13.359086990356445 24.590290069580078 14.406431794166565 13.60628890991211 0.8001428842544556
6 158.0 13.364099502563477 24.653303146362305 14.391296744346619 13.549942016601562 0.8413547277450562
6 159.0 13.345878601074219 24.712312698364258 14.36335837841034 13.496514320373535 0.8668440580368042
6 160.0 13.341114044189453 24.776344299316406 14.37634414434433 13.465341567993164 0.9110025763511658
6 161.0 13.355080604553223 24.845579147338867 14.411768555641174 13.42795467376709 0.9838138818740845
6 162.0 13.343082427978516 24.901456832885742 14.431188702583313 13.376723289489746 1.054465413093567
6 163.0 13.352468490600586 24.957218170166016 14.43800401687622 13.329296112060547 1.1087079048156738
6 164.0 13.377882957458496 24.977447509765625 14.515015840530396 13.309540748596191 1.205475091934204
6 165.0 13.417552947998047 24.99824333190918 14.569961190223694 13.275835037231445 1.2941261529922485
6 166.0 13.448793411254883 25.036027908325195 14.57777225971222 13.240716934204102 1.3370553255081177
6 167.0 13.469276428222656 25.08234214782715 14.563776850700378 13.166204452514648 1.39757239818573
6 168.0 13.52216625213623 25.120777130126953 14.642885327339172 13.148481369018555 1.4944039583206177
6 169.0 13.566265106201172 25.142654418945312 14.71595811843872 13.119626998901367 1.5963311195373535
6 170.0 13.61595630645752 25.14300537109375 14.778209447860718 13.04973030090332 1.7284791469573975
6 171.0 13.660038948059082 25.132295608520508 14.834564447402954 12.98093032836914 1.8536341190338135
6 172.0 13.718581199645996 25.1356143951416 14.901975154876709 12.925667762756348 1.9763073921203613
6 173.0 13.741788864135742 25.13552474975586 14.910086154937744 12.868734359741211 2.041351795196533
6 174.0 13.739603996276855 25.13472557067871 14.93793272972107 12.834917068481445 2.103015661239624
6 175.0 13.732421875 25.12909698486328 14.932881355285645 12.789265632629395 2.14361572265625
6 176.0 13.743062019348145 25.110979080200195 15.007361888885498 12.791082382202148 2.2162795066833496
6 177.0 13.797956466674805 25.113765716552734 15.112399578094482 12.783820152282715 2.3285794258117676
6 178.0 13.865936279296875 25.11934471130371 15.223626375198364 12.771965980529785 2.451660394668579
6 179.0 13.916502952575684 25.096738815307617 15.365791320800781 12.794227600097656 2.571563720703125
6 180.0 14.004719734191895 25.08944320678711 15.477369785308838 12.809037208557129 2.668332576751709
6 181.0 14.095229148864746 25.09760284423828 15.570090770721436 12.788019180297852 2.782071590423584
6 182.0 14.14963436126709 25.105091094970703 15.642615556716919 12.768587112426758 2.874028444290161
6 183.0 14.23154067993164 25.11496925354004 15.698445320129395 12.735865592956543 2.9625797271728516
6 184.0 14.3231840133667 25.143930435180664 15.768945932388306 12.69422721862793 3.074718713760376
6 185.0 14.389636039733887 25.18415641784668 15.834493398666382 12.656421661376953 3.1780717372894287
6 186.0 14.414177894592285 25.209964752197266 15.870882749557495 12.62761116027832 3.243271589279175
6 187.0 14.441622734069824 25.220680236816406 15.9014151096344 12.617422103881836 3.2839930057525635
6 188.0 14.485623359680176 25.246925354003906 15.95769214630127 12.601815223693848 3.355876922607422
6 189.0 14.559293746948242 25.27806282043457 16.045741081237793 12.567815780639648 3.4779253005981445
6 190.0 14.684385299682617 25.295747756958008 16.174658060073853 12.532668113708496 3.6419899463653564
6 191.0 14.82990550994873 25.300922393798828 16.339407205581665 12.510921478271484 3.8284857273101807
6 192.0 14.924633026123047 25.315107345581055 16.461726188659668 12.479345321655273 3.9823808670043945
6 193.0 15.015458106994629 25.32407569885254 16.615684032440186 12.440634727478027 4.175049304962158
6 194.0 15.068711280822754 25.32820701599121 16.684051990509033 12.393739700317383 4.29031229019165
6 195.0 15.109094619750977 25.311729431152344 16.771536350250244 12.332499504089355 4.439036846160889
6 196.0 15.177163124084473 25.307828903198242 16.917219638824463 12.310606002807617 4.606613636016846
6 197.0 15.237218856811523 25.297632217407227 16.996764659881592 12.254071235656738 4.7426934242248535
6 198.0 15.243025779724121 25.26666259765625 17.060394287109375 12.202665328979492 4.857728958129883
6 199.0 15.26183795928955 25.239416122436523 17.15666675567627 12.155556678771973 5.001110076904297
6 200.0 15.315265655517578 25.214086532592773 17.231187343597412 12.106786727905273 5.124400615692139
6 201.0 15.379834175109863 25.175031661987305 17.30242395401001 12.081603050231934 5.220820903778076
6 202.0 15.454561233520508 25.125988006591797 17.40372657775879 12.0249605178833 5.378766059875488
6 203.0 15.543864250183105 25.07454490661621 17.477689743041992 11.953655242919922 5.52403450012207
6 204.0 15.646265029907227 24.99991226196289 17.586220741271973 11.915367126464844 5.670853614807129
6 205.0 15.743465423583984 24.948429107666016 17.695154190063477 11.881065368652344 5.814088821411133
6 206.0 15.806017875671387 24.89969253540039 17.859305381774902 11.85624885559082 6.003056526184082
6 207.0 15.895264625549316 24.852764129638672 17.977287769317627 11.80158805847168 6.175699710845947
6 208.0 16.067398071289062 24.804651260375977 18.199681758880615 11.756025314331055 6.4436564445495605
6 209.0 16.27474594116211 24.76142692565918 18.45881223678589 11.742168426513672 6.716643810272217
6 210.0 16.419532775878906 24.708572387695312 18.64175271987915 11.722562789916992 6.919189929962158
6 211.0 16.517372131347656 24.678815841674805 18.805028915405273 11.69931697845459 7.105711936950684
6 212.0 16.627079010009766 24.659969329833984 18.944940090179443 11.609940528869629 7.3349995613098145
6 213.0 16.71392059326172 24.615779876708984 19.04646062850952 11.557764053344727 7.488696575164795
6 214.0 16.793418884277344 24.565704345703125 19.11446523666382 11.488870620727539 7.625594615936279
6 215.0 16.942859649658203 24.50990867614746 19.321532249450684 11.445694923400879 7.875837326049805
6 216.0 17.026241302490234 24.43663787841797 19.446521759033203 11.411670684814453 8.03485107421875
6 217.0 17.129703521728516 24.343900680541992 19.634384155273438 11.387479782104492 8.246904373168945
6 218.0 17.233543395996094 24.23992156982422 19.787117958068848 11.333340644836426 8.453777313232422
6 219.0 17.38840675354004 24.158157348632812 19.931861877441406 11.269328117370605 8.6625337600708
6 220.0 17.533954620361328 24.07742691040039 20.02814769744873 11.17502498626709 8.85312271118164
6 221.0 17.624771118164062 23.959556579589844 20.147456169128418 11.079614639282227 9.067841529846191
6 222.0 17.761558532714844 23.87153434753418 20.334752082824707 10.998373985290527 9.33637809753418
6 223.0 17.887470245361328 23.76361656188965 20.437557220458984 10.913865089416504 9.52369213104248
6 224.0 17.97262954711914 23.61590576171875 20.600749015808105 10.861868858337402 9.738880157470703
6 225.0 18.099166870117188 23.464344024658203 20.699898719787598 10.793936729431152 9.905961990356445
6 226.0 18.15296173095703 23.292877197265625 20.791410446166992 10.756807327270508 10.034603118896484
6 227.0 18.185791015625 23.138444900512695 20.886152267456055 10.69861888885498 10.187533378601074
6 228.0 18.216203689575195 22.963653564453125 20.93674373626709 10.620833396911621 10.315910339355469
6 229.0 18.310218811035156 22.75707244873047 20.994107246398926 10.499229431152344 10.494877815246582
6 230.0 18.352649688720703 22.539859771728516 21.030653953552246 10.364527702331543 10.666126251220703
6 231.0 18.343564987182617 22.311416625976562 21.079004287719727 10.206421852111816 10.87258243560791
6 232.0 18.33753204345703 22.08938980102539 21.084178924560547 10.069252014160156 11.01492691040039
6 233.0 18.39097023010254 21.85746955871582 21.141931533813477 9.980239868164062 11.161691665649414
6 234.0 18.494850158691406 21.624691009521484 21.279807090759277 9.88209342956543 11.397713661193848
6 235.0 18.53603744506836 21.380634307861328 21.321069717407227 9.780074119567871 11.540995597839355
6 236.0 18.614248275756836 21.12078285217285 21.373376846313477 9.675589561462402 11.697787284851074
6 237.0 18.691471099853516 20.845739364624023 21.400192260742188 9.576680183410645 11.823512077331543
6 238.0 18.769380569458008 20.522403717041016 21.474398612976074 9.49853801727295 11.975860595703125
6 239.0 18.816856384277344 20.161226272583008 21.524535179138184 9.402287483215332 12.122247695922852
6 240.0 18.809280395507812 19.848094940185547 21.590214729309082 9.3031644821167 12.287050247192383
6 241.0 18.77967643737793 19.53818130493164 21.568904876708984 9.192578315734863 12.376326560974121
6 242.0 18.763504028320312 19.240697860717773 21.625800132751465 9.093343734741211 12.532456398010254
6 243.0 18.78033447265625 18.969255447387695 21.63026714324951 8.946035385131836 12.684231758117676
6 244.0 18.787931442260742 18.68168830871582 21.603638648986816 8.82573127746582 12.777907371520996
6 245.0 18.790122985839844 18.400726318359375 21.625447273254395 8.704627990722656 12.920819282531738
6 246.0 18.78280258178711 18.11972999572754 21.641189575195312 8.58080768585205 13.060381889343262
6 247.0 18.830768585205078 17.86695098876953 21.726170539855957 8.463675498962402 13.262495040893555
6 248.0 18.85721206665039 17.62549591064453 21.70283317565918 8.326858520507812 13.375974655151367
6 249.0 18.866069793701172 17.355844497680664 21.746329307556152 8.23820972442627 13.508119583129883
6 250.0 18.836837768554688 17.068675994873047 21.83847999572754 8.143829345703125 13.694650650024414
6 251.0 18.75945472717285 16.772546768188477 21.878143310546875 8.019451141357422 13.858692169189453
6 252.0 18.719995498657227 16.501001358032227 21.867661476135254 7.909749984741211 13.957911491394043
6 253.0 18.75179100036621 16.27997398376465 21.907915592193604 7.813662052154541 14.094253540039062
6 254.0 18.782089233398438 16.032894134521484 21.935319423675537 7.704784870147705 14.230534553527832
6 255.0 18.813983917236328 15.804217338562012 21.985307693481445 7.602889060974121 14.382418632507324
6 256.0 18.824289321899414 15.595840454101562 22.03353500366211 7.497336387634277 14.536198616027832
6 257.0 18.864721298217773 15.4149751663208 22.091451168060303 7.389907360076904 14.701543807983398
6 258.0 18.905900955200195 15.2456636428833 22.12561273574829 7.302249431610107 14.823363304138184
6 259.0 18.98301124572754 15.09286880493164 22.271514415740967 7.209116458892822 15.062397956848145
6 260.0 18.991348266601562 14.935985565185547 22.309916019439697 7.0923991203308105 15.217516899108887
6 261.0 18.948028564453125 14.729155540466309 22.330495834350586 7.000643730163574 15.329852104187012
6 262.0 18.921695709228516 14.544819831848145 22.393990993499756 6.911344051361084 15.482646942138672
6 263.0 18.899169921875 14.3817720413208 22.424205780029297 6.812777519226074 15.611428260803223
6 264.0 18.833419799804688 14.2439546585083 22.3209171295166 6.5995941162109375 15.721323013305664
6 265.0 18.708940505981445 14.089543342590332 22.198326110839844 6.419461250305176 15.778864860534668
6 266.0 18.63636016845703 13.925298690795898 22.145785331726074 6.284881591796875 15.8609037399292
6 267.0 18.632999420166016 13.775445938110352 22.13198471069336 6.175149917602539 15.95683479309082
6 268.0 18.62458038330078 13.617732048034668 22.065446376800537 6.041749477386475 16.023696899414062
6 269.0 18.650339126586914 13.462645530700684 22.06569194793701 5.888333320617676 16.177358627319336
6 270.0 18.65913200378418 13.342805862426758 22.015199184417725 5.729146480560303 16.286052703857422
6 271.0 18.65416717529297 13.246667861938477 21.89902687072754 5.5305938720703125 16.368432998657227
6 272.0 18.641521453857422 13.129518508911133 21.76725721359253 5.326976299285889 16.44028091430664
6 273.0 18.668930053710938 13.013816833496094 21.7707257270813 5.1712117195129395 16.59951400756836
6 274.0 18.680410385131836 12.933971405029297 21.735382556915283 4.9964280128479 16.738954544067383
6 275.0 18.662002563476562 12.818532943725586 21.707181930541992 4.862409591674805 16.844772338867188
6 276.0 18.579479217529297 12.700716018676758 21.69715166091919 4.736649036407471 16.96050262451172
6 277.0 18.519855499267578 12.57512092590332 21.617652416229248 4.60516881942749 17.012483596801758
6 278.0 18.514955520629883 12.457005500793457 21.666215896606445 4.492511749267578 17.173704147338867
6 279.0 18.50786781311035 12.37253475189209 21.654890537261963 4.3996968269348145 17.25519371032715
6 280.0 18.490510940551758 12.350641250610352 21.607109546661377 4.279686450958252 17.327423095703125
6 281.0 18.455392837524414 12.353042602539062 21.539330005645752 4.161301136016846 17.378028869628906
6 282.0 18.413509368896484 12.334195137023926 21.530476570129395 4.079289436340332 17.451187133789062
6 283.0 18.41891860961914 12.337183952331543 21.514317750930786 3.9760963916778564 17.53822135925293
6 284.0 18.459793090820312 12.370807647705078 21.434025764465332 3.827040672302246 17.606985092163086
6 285.0 18.47540855407715 12.414811134338379 21.422345638275146 3.7016100883483887 17.720735549926758
6 286.0 18.438642501831055 12.433571815490723 21.289217948913574 3.5684080123901367 17.720809936523438
6 287.0 18.40464973449707 12.44172477722168 21.26908278465271 3.4526803493499756 17.816402435302734
6 288.0 18.407548904418945 12.452581405639648 21.25536012649536 3.3499321937561035 17.905427932739258
6 289.0 18.45488929748535 12.485591888427734 21.201491594314575 3.2473671436309814 17.954124450683594
6 290.0 18.456985473632812 12.476001739501953 21.228411436080933 3.1674869060516357 18.060924530029297
6 291.0 18.41650390625 12.460443496704102 21.249267101287842 3.08119535446167 18.168071746826172
6 292.0 18.33658218383789 12.444429397583008 21.208399057388306 3.016004800796509 18.192394256591797
6 293.0 18.329450607299805 12.45595645904541 21.2303786277771 2.936898708343506 18.293479919433594
6 294.0 18.38762092590332 12.505615234375 21.267448902130127 2.860933780670166 18.40651512145996
6 295.0 18.434101104736328 12.555519104003906 21.27089762687683 2.8083655834198 18.46253204345703
6 296.0 18.473615646362305 12.603700637817383 21.287577152252197 2.748976230621338 18.53860092163086
6 297.0 18.459074020385742 12.632104873657227 21.288008213043213 2.6807808876037598 18.607227325439453
6 298.0 18.44484519958496 12.65407657623291 21.251918077468872 2.637019395828247 18.614898681640625
6 299.0 18.4544734954834 12.671737670898438 21.291243314743042 2.590864896774292 18.70037841796875
6 300.0 18.469545364379883 12.698681831359863 21.247086763381958 2.5181572437286377 18.72892951965332
6 301.0 18.519681930541992 12.741621971130371 21.334638833999634 2.486278772354126 18.848360061645508
6 302.0 18.615535736083984 12.796783447265625 21.359447717666626 2.4462358951568604 18.913211822509766
6 303.0 18.744596481323242 12.877283096313477 21.35614824295044 2.4081063270568848 18.948041915893555
6 304.0 18.815662384033203 12.922698020935059 21.365566730499268 2.394379138946533 18.971187591552734
6 305.0 18.75336265563965 12.895696640014648 21.364111185073853 2.3762495517730713 18.98786163330078
6 306.0 18.655914306640625 12.832642555236816 21.284267902374268 2.338156223297119 18.94611167907715
6 307.0 18.60590934753418 12.823192596435547 21.227008819580078 2.302440643310547 18.92456817626953
6 308.0 18.559085845947266 12.820630073547363 21.242701768875122 2.275365114212036 18.967336654663086
6 309.0 18.5896053314209 12.821767807006836 21.26826548576355 2.2643821239471436 19.003883361816406
6 310.0 18.69593620300293 12.863029479980469 21.3644700050354 2.2837185859680176 19.080751419067383
6 311.0 18.83664894104004 12.9498929977417 21.43299627304077 2.2880396842956543 19.144956588745117
6 312.0 18.901920318603516 13.027194023132324 21.548112630844116 2.2800652980804443 19.268047332763672
6 313.0 18.94271469116211 13.123744010925293 21.568586826324463 2.2904934883117676 19.278093338012695
6 314.0 19.026573181152344 13.23477554321289 21.55906915664673 2.3058247566223145 19.253244400024414
6 315.0 19.1688232421875 13.44068717956543 21.58474588394165 2.2997708320617676 19.284975051879883
6 316.0 19.337129592895508 13.676736831665039 21.669979333877563 2.3120672702789307 19.357912063598633
6 317.0 19.528392791748047 13.929899215698242 21.697165727615356 2.307898759841919 19.389266967773438
6 318.0 19.72579574584961 14.177082061767578 21.782447338104248 2.349414348602295 19.433032989501953
6 319.0 19.869375228881836 14.302892684936523 21.894004344940186 2.4047789573669434 19.489225387573242
6 320.0 19.93808937072754 14.417240142822266 21.948593139648438 2.439058303833008 19.50953483581543
6 321.0 20.067026138305664 14.557997703552246 22.071619987487793 2.534573554992676 19.537046432495117
6 322.0 20.189638137817383 14.744039535522461 22.147218465805054 2.5746896266937256 19.572528839111328
6 323.0 20.299575805664062 14.954792022705078 22.236945629119873 2.5860610008239746 19.6508846282959
6 324.0 20.44112777709961 15.151479721069336 22.402445316314697 2.6371731758117676 19.76527214050293
6 325.0 20.566959381103516 15.336660385131836 22.559824228286743 2.7417051792144775 19.818119049072266
6 326.0 20.698745727539062 15.540706634521484 22.65565299987793 2.822633743286133 19.833019256591797
6 327.0 20.756582260131836 15.677595138549805 22.760926485061646 2.8941586017608643 19.86676788330078
6 328.0 20.79657745361328 15.759291648864746 22.85655188560486 2.9870316982269287 19.86952018737793
6 329.0 20.89592933654785 15.922198295593262 23.00788426399231 3.1051723957061768 19.902711868286133
6 330.0 20.975255966186523 16.0645694732666 23.094501733779907 3.2549498081207275 19.83955192565918
6 331.0 21.080394744873047 16.15007209777832 23.3001868724823 3.4327876567840576 19.867399215698242
6 332.0 21.192821502685547 16.240211486816406 23.38813328742981 3.5685226917266846 19.819610595703125
6 333.0 21.27853012084961 16.357425689697266 23.47608733177185 3.713622808456421 19.76246452331543
6 334.0 21.368860244750977 16.52197265625 23.500411987304688 3.82611083984375 19.674301147460938
6 335.0 21.389192581176758 16.61627197265625 23.598155736923218 3.906240224838257 19.69191551208496
6 336.0 21.389738082885742 16.689836502075195 23.619861841201782 3.993133783340454 19.626728057861328
6 337.0 21.45412826538086 16.83325958251953 23.777403831481934 4.115019798278809 19.662384033203125
6 338.0 21.566232681274414 16.944869995117188 23.925501346588135 4.2898945808410645 19.63560676574707
6 339.0 21.602344512939453 17.03769874572754 23.988373279571533 4.36028528213501 19.628087997436523
6 340.0 21.648366928100586 17.114482879638672 24.070076942443848 4.484087944030762 19.585988998413086
6 341.0 21.723899841308594 17.177108764648438 24.186761379241943 4.587279796600342 19.5994815826416
6 342.0 21.77754020690918 17.24629783630371 24.273772716522217 4.680419445037842 19.593353271484375
6 343.0 21.879066467285156 17.35808563232422 24.421854496002197 4.742380619049072 19.679473876953125
6 344.0 22.00641632080078 17.489614486694336 24.487109184265137 4.829741477966309 19.657367706298828
6 345.0 22.04542350769043 17.54294204711914 24.57254695892334 4.926274299621582 19.646272659301758
6 346.0 22.1053466796875 17.597909927368164 24.73681402206421 5.076882839202881 19.659931182861328
6 347.0 22.227787017822266 17.66883087158203 24.869707107543945 5.250968933105469 19.618738174438477
6 348.0 22.415834426879883 17.72049331665039 25.142000198364258 5.522045135498047 19.61995506286621
6 349.0 22.474884033203125 17.718017578125 25.253174304962158 5.690523624420166 19.562650680541992
6 350.0 22.415815353393555 17.652761459350586 25.349093437194824 5.834908485412598 19.514184951782227
6 351.0 22.378488540649414 17.60918426513672 25.332711219787598 5.873013496398926 19.459697723388672
6 352.0 22.398386001586914 17.620738983154297 25.378055095672607 5.9596076011657715 19.418447494506836
6 353.0 22.561555862426758 17.67919921875 25.520872116088867 6.182336807250977 19.33853530883789
6 354.0 22.855331420898438 17.736953735351562 25.82323169708252 6.488572120666504 19.334659576416016
6 355.0 23.229515075683594 17.79412078857422 26.22218418121338 6.969220161437988 19.25296401977539
6 356.0 23.53428840637207 17.875856399536133 26.49597406387329 7.299377918243408 19.196596145629883
6 357.0 23.712337493896484 17.966323852539062 26.631028175354004 7.550808906555176 19.080219268798828
6 358.0 23.818147659301758 18.0549259185791 26.77127170562744 7.752242088317871 19.01902961730957
6 359.0 23.865123748779297 18.139957427978516 26.878714084625244 7.922121524810791 18.956592559814453
6 360.0 23.848716735839844 18.18247413635254 26.913803100585938 8.015222549438477 18.89858055114746
6 361.0 23.803911209106445 18.139921188354492 26.9612979888916 8.081937789916992 18.87936019897461
6 362.0 23.743999481201172 18.12190818786621 26.84784984588623 8.057242393493652 18.790607452392578
6 363.0 23.653289794921875 18.156036376953125 26.75308895111084 8.085360527038574 18.667728424072266
6 364.0 23.657245635986328 18.23727035522461 26.762136459350586 8.134466171264648 18.627670288085938
6 365.0 23.72422981262207 18.325590133666992 26.83576011657715 8.280721664428711 18.555038452148438
6 366.0 23.816627502441406 18.42559242248535 26.86806011199951 8.420968055725098 18.447092056274414
7 1.0 22.36221694946289 22.721277236938477 26.548452377319336 8.746877670288086 17.80157470703125
7 2.0 22.25223159790039 22.454696655273438 26.610167503356934 8.866654396057129 17.743513107299805
7 3.0 22.11260986328125 22.23168182373047 26.72110939025879 8.991939544677734 17.729169845581055
7 4.0 21.965106964111328 22.02994155883789 26.703904151916504 9.082833290100098 17.621070861816406
7 5.0 21.82427978515625 21.851139068603516 26.730616569519043 9.188736915588379 17.541879653930664
7 6.0 21.64762306213379 21.631025314331055 26.66455841064453 9.288419723510742 17.37613868713379
7 7.0 21.48427391052246 21.414661407470703 26.63200855255127 9.41633129119873 17.21567726135254
7 8.0 21.300291061401367 21.15170669555664 26.62411880493164 9.552499771118164 17.071619033813477
7 9.0 21.137187957763672 20.939128875732422 26.472688674926758 9.67503547668457 16.797653198242188
7 10.0 20.918773651123047 20.71823501586914 26.334474563598633 9.760557174682617 16.573917388916016
7 11.0 20.634414672851562 20.49074935913086 26.100729942321777 9.778685569763184 16.322044372558594
7 12.0 20.34714126586914 20.25613784790039 25.937111854553223 9.842312812805176 16.094799041748047
7 13.0 20.178844451904297 20.105375289916992 25.70248317718506 9.923419952392578 15.77906322479248
7 14.0 20.026369094848633 19.967376708984375 25.597272872924805 10.023571968078613 15.573700904846191
7 15.0 19.874465942382812 19.81111717224121 25.44532012939453 10.128031730651855 15.317288398742676
7 16.0 19.641536712646484 19.62075424194336 25.16405487060547 10.187369346618652 14.976685523986816
7 17.0 19.306652069091797 19.386425018310547 24.791242599487305 10.217852592468262 14.573390007019043
7 18.0 18.965648651123047 19.176918029785156 24.41454792022705 10.232720375061035 14.181827545166016
7 19.0 18.67902183532715 19.005725860595703 24.123493194580078 10.251407623291016 13.872085571289062
7 20.0 18.365501403808594 18.80845832824707 23.8333683013916 10.245511054992676 13.587857246398926
7 21.0 18.080476760864258 18.64031219482422 23.483052253723145 10.255224227905273 13.227828025817871
7 22.0 17.84754753112793 18.5048828125 23.120027542114258 10.3485746383667 12.771452903747559
7 23.0 17.65719985961914 18.3762149810791 22.771015167236328 10.4423246383667 12.328690528869629
7 24.0 17.415630340576172 18.200714111328125 22.39778423309326 10.533380508422852 11.86440372467041
7 25.0 17.146808624267578 17.997880935668945 21.906651496887207 10.636270523071289 11.270380973815918
7 26.0 16.894723892211914 17.833484649658203 21.5242338180542 10.739096641540527 10.785137176513672
7 27.0 16.641069412231445 17.68430519104004 21.134742736816406 10.819231986999512 10.315510749816895
7 28.0 16.390466690063477 17.564313888549805 20.747928619384766 10.917638778686523 9.830289840698242
7 29.0 16.138656616210938 17.431642532348633 20.351030349731445 10.992734909057617 9.358295440673828
7 30.0 15.876712799072266 17.285009384155273 19.88475513458252 11.034936904907227 8.849818229675293
7 31.0 15.619504928588867 17.15532875061035 19.368032455444336 11.060861587524414 8.307170867919922
7 32.0 15.387714385986328 17.05803871154785 18.93951177597046 11.102228164672852 7.837283611297607
7 33.0 15.177644729614258 16.965255737304688 18.533647537231445 11.149115562438965 7.3845319747924805
7 34.0 14.978864669799805 16.88263511657715 18.208224773406982 11.227071762084961 6.9811530113220215
7 35.0 14.841552734375 16.849075317382812 17.90580654144287 11.260632514953613 6.645174026489258
7 36.0 14.713509559631348 16.835546493530273 17.658373832702637 11.302448272705078 6.355925559997559
7 37.0 14.540356636047363 16.801685333251953 17.317561626434326 11.358236312866211 5.959325313568115
7 38.0 14.35915470123291 16.770662307739258 16.858548641204834 11.363310813903809 5.495237827301025
7 39.0 14.165014266967773 16.722015380859375 16.527222633361816 11.353226661682129 5.1739959716796875
7 40.0 14.015626907348633 16.68216896057129 16.31907033920288 11.42330265045166 4.895767688751221
7 41.0 13.873943328857422 16.62647247314453 16.04788637161255 11.471150398254395 4.576735973358154
7 42.0 13.73012924194336 16.570802688598633 15.745889663696289 11.538573265075684 4.2073163986206055
7 43.0 13.600444793701172 16.57205581665039 15.511821508407593 11.567835807800293 3.9439857006073
7 44.0 13.52023696899414 16.583120346069336 15.326720714569092 11.640233993530273 3.6864867210388184
7 45.0 13.46693229675293 16.62753677368164 15.14085340499878 11.72631549835205 3.4145379066467285
7 46.0 13.398591041564941 16.64542007446289 14.987108707427979 11.820263862609863 3.1668448448181152
7 47.0 13.320049285888672 16.656780242919922 14.818168640136719 11.898702621459961 2.919466018676758
7 48.0 13.272912979125977 16.739181518554688 14.664290428161621 11.945279121398926 2.7190113067626953
7 49.0 13.24815559387207 16.824846267700195 14.579727172851562 12.027755737304688 2.551971435546875
7 50.0 13.226577758789062 16.895620346069336 14.459239482879639 12.109485626220703 2.3497538566589355
7 51.0 13.212821006774902 16.97153663635254 14.335474967956543 12.197288513183594 2.138186454772949
7 52.0 13.204208374023438 17.036399841308594 14.291337728500366 12.334217071533203 1.957120656967163
7 53.0 13.23661994934082 17.10307502746582 14.345652222633362 12.518928527832031 1.8267236948013306
7 54.0 13.333826065063477 17.208969116210938 14.377465605735779 12.693598747253418 1.6838668584823608
7 55.0 13.404974937438965 17.317644119262695 14.368430614471436 12.850400924682617 1.5180296897888184
7 56.0 13.432524681091309 17.40848731994629 14.37919819355011 12.949779510498047 1.429418683052063
7 57.0 13.446982383728027 17.508089065551758 14.436410784721375 13.081650733947754 1.3547600507736206
7 58.0 13.478790283203125 17.61515235900879 14.46360993385315 13.181595802307129 1.2820141315460205
7 59.0 13.486522674560547 17.715728759765625 14.418500542640686 13.254047393798828 1.164453148841858
7 60.0 13.430971145629883 17.792219161987305 14.347513556480408 13.252269744873047 1.0952438116073608
7 61.0 13.35358715057373 17.835363388061523 14.275577783584595 13.25141429901123 1.0241634845733643
7 62.0 13.341659545898438 17.923675537109375 14.25423377752304 13.272753715515137 0.981480062007904
7 63.0 13.317914962768555 17.996610641479492 14.212317883968353 13.283056259155273 0.9292616248130798
7 64.0 13.25811767578125 18.029558181762695 14.192638456821442 13.302998542785645 0.8896399140357971
7 65.0 13.177433013916016 18.050304412841797 14.1140838265419 13.26801872253418 0.846065104007721
7 66.0 13.121275901794434 18.121429443359375 14.07314783334732 13.254042625427246 0.8191052079200745
7 67.0 13.075429916381836 18.210187911987305 13.981894969940186 13.200749397277832 0.7811455726623535
7 68.0 13.03774642944336 18.294353485107422 13.942481279373169 13.213020324707031 0.7294609546661377
7 69.0 13.03284740447998 18.372915267944336 13.94066721200943 13.247231483459473 0.6934357285499573
7 70.0 13.065814971923828 18.468355178833008 13.95998239517212 13.297588348388672 0.6623940467834473
7 71.0 13.061625480651855 18.55415916442871 13.910096824169159 13.296485900878906 0.6136109232902527
7 72.0 13.07460880279541 18.632051467895508 13.93908429145813 13.36028003692627 0.5788042545318604
7 73.0 13.11457633972168 18.728782653808594 14.001880764961243 13.461447715759277 0.5404330492019653
7 74.0 13.165252685546875 18.839189529418945 14.023494452238083 13.53052043914795 0.49297401309013367
7 75.0 13.146833419799805 18.927562713623047 13.969471156597137 13.523941993713379 0.44552916288375854
7 76.0 13.090539932250977 19.000797271728516 13.89950406551361 13.501360893249512 0.3981431722640991
7 77.0 13.090975761413574 19.098682403564453 13.85860151052475 13.53553581237793 0.32306569814682007
7 78.0 13.061098098754883 19.173879623413086 13.80172523856163 13.540180206298828 0.2615450322628021
7 79.0 13.013714790344238 19.22844123840332 13.763632014393806 13.53207778930664 0.23155422508716583
7 80.0 13.031431198120117 19.294864654541016 13.774646610021591 13.561493873596191 0.21315273642539978
7 81.0 13.043742179870605 19.374095916748047 13.793655589222908 13.583109855651855 0.21054573357105255
7 82.0 13.019916534423828 19.464500427246094 13.798340067267418 13.596152305603027 0.20218776166439056
7 83.0 12.977517127990723 19.508012771606445 13.821982309222221 13.625991821289062 0.19599048793315887
7 84.0 12.954378128051758 19.562816619873047 13.764411136507988 13.576382637023926 0.1880284994840622
7 85.0 12.91596508026123 19.628904342651367 13.735324144363403 13.559429168701172 0.17589497566223145
7 86.0 12.918150901794434 19.706960678100586 13.70171844959259 13.536338806152344 0.16537964344024658
7 87.0 12.919331550598145 19.80021858215332 13.665124580264091 13.508442878723145 0.15668170154094696
7 88.0 12.893013000488281 19.86048698425293 13.644735842943192 13.495177268981934 0.14955857396125793
7 89.0 12.847427368164062 19.86102294921875 13.65414571762085 13.507142066955566 0.1470036506652832
7 90.0 12.814366340637207 19.86200523376465 13.656763926148415 13.517532348632812 0.1392315775156021
7 91.0 12.889179229736328 19.944368362426758 13.707926005125046 13.574663162231445 0.13326284289360046
7 92.0 12.95412540435791 20.043804168701172 13.741242125630379 13.609041213989258 0.1322009116411209
7 93.0 13.004409790039062 20.153099060058594 13.752846077084541 13.6276273727417 0.1252187043428421
7 94.0 13.043378829956055 20.258996963500977 13.781907677650452 13.662529945373535 0.1193777322769165
7 95.0 13.091410636901855 20.363487243652344 13.83556529134512 13.721917152404785 0.11364813894033432
7 96.0 13.197914123535156 20.489173889160156 13.972352027893066 13.865596771240234 0.10675525665283203
7 97.0 13.317449569702148 20.613012313842773 14.151263773441315 14.043882369995117 0.10738140344619751
7 98.0 13.380403518676758 20.729976654052734 14.257695108652115 14.151031494140625 0.10666361451148987
7 99.0 13.384535789489746 20.833255767822266 14.308290518820286 14.20319652557373 0.10509399324655533
7 100.0 13.400465965270996 20.92206573486328 14.351646527647972 14.24797534942627 0.10367117822170258
7 101.0 13.45565128326416 21.009355545043945 14.368664018809795 14.26988697052002 0.09877704828977585
7 102.0 13.52704906463623 21.108104705810547 14.454400017857552 14.367147445678711 0.08725257217884064
7 103.0 13.589812278747559 21.209774017333984 14.518497668206692 14.434039115905762 0.08445855230093002
7 104.0 13.634629249572754 21.2999210357666 14.609967298805714 14.523268699645996 0.08669859915971756
7 105.0 13.706962585449219 21.3995304107666 14.64585716277361 14.558937072753906 0.08692009001970291
7 106.0 13.77763557434082 21.50969696044922 14.741995431482792 14.663737297058105 0.07825813442468643
7 107.0 13.82426643371582 21.615116119384766 14.802571848034859 14.734319686889648 0.06825216114521027
7 108.0 13.829453468322754 21.730382919311523 14.776353895664215 14.70893383026123 0.06742006540298462
7 109.0 13.809688568115234 21.845434188842773 14.745116867125034 14.676589012145996 0.06852785497903824
7 110.0 13.772518157958984 21.94866371154785 14.728404805064201 14.663362503051758 0.06504230201244354
7 111.0 13.752998352050781 22.02031898498535 14.721312679350376 14.656686782836914 0.06462589651346207
7 112.0 13.782604217529297 22.09449005126953 14.77140012010932 14.708913803100586 0.06248631700873375
7 113.0 13.797794342041016 22.179960250854492 14.79549441114068 14.736886978149414 0.05860743299126625
7 114.0 13.762147903442383 22.232316970825195 14.769290886819363 14.7117919921875 0.05749889463186264
7 115.0 13.744778633117676 22.268117904663086 14.778484907001257 14.722607612609863 0.05587729439139366
7 116.0 13.78021240234375 22.336551666259766 14.82522600889206 14.770458221435547 0.05476778745651245
7 117.0 13.81143569946289 22.461679458618164 14.89582847431302 14.842267036437988 0.053561437875032425
7 118.0 13.850075721740723 22.56406021118164 14.914326671510935 14.864763259887695 0.04956341162323952
7 119.0 13.854574203491211 22.6405086517334 14.951008461415768 14.901864051818848 0.04914440959692001
7 120.0 13.850666046142578 22.699378967285156 14.933777518570423 14.885839462280273 0.04793805629014969
7 121.0 13.858819961547852 22.779346466064453 14.991826239973307 14.944723129272461 0.04710311070084572
7 122.0 13.842955589294434 22.866943359375 14.934537373483181 14.888906478881836 0.04563089460134506
7 123.0 13.777281761169434 22.928300857543945 14.867193654179573 14.822108268737793 0.04508538544178009
7 124.0 13.711368560791016 22.96695327758789 14.805204652249813 14.759389877319336 0.04581477493047714
7 125.0 13.6481294631958 22.993127822875977 14.687932200729847 14.641946792602539 0.04598540812730789
7 126.0 13.607951164245605 23.02396011352539 14.69338584318757 14.647683143615723 0.045702699571847916
7 127.0 13.60296630859375 23.093324661254883 14.672708239406347 14.62740421295166 0.04530402645468712
7 128.0 13.620158195495605 23.19883918762207 14.659884817898273 14.610335350036621 0.049549467861652374
7 129.0 13.616983413696289 23.289865493774414 14.659846674650908 14.610773086547852 0.049073588103055954
7 130.0 13.62595272064209 23.38176727294922 14.692488729953766 14.63331127166748 0.0591774582862854
7 131.0 13.619390487670898 23.459081649780273 14.657479047775269 14.594038009643555 0.06344103813171387
7 132.0 13.593183517456055 23.498939514160156 14.661650896072388 14.589496612548828 0.07215428352355957
7 133.0 13.5770902633667 23.56566619873047 14.666554257273674 14.580672264099121 0.08588199317455292
7 134.0 13.571248054504395 23.65045738220215 14.668716378509998 14.568927764892578 0.0997886136174202
7 135.0 13.579363822937012 23.72275733947754 14.647797122597694 14.539190292358398 0.10860683023929596
7 136.0 13.590980529785156 23.789688110351562 14.651468060910702 14.531763076782227 0.11970498412847519
7 137.0 13.63406753540039 23.91213035583496 14.683627158403397 14.552836418151855 0.13079074025154114
7 138.0 13.625931739807129 23.994022369384766 14.640580296516418 14.498953819274902 0.1416264772415161
7 139.0 13.6353759765625 24.07086181640625 14.626984849572182 14.468067169189453 0.15891768038272858
7 140.0 13.598069190979004 24.103485107421875 14.586674496531487 14.414466857910156 0.17220763862133026
7 141.0 13.55179214477539 24.128408432006836 14.546970382332802 14.3540620803833 0.19290830194950104
7 142.0 13.527052879333496 24.158262252807617 14.537721052765846 14.317091941833496 0.22062911093235016
7 143.0 13.534435272216797 24.2152099609375 14.555982291698456 14.292208671569824 0.2637736201286316
7 144.0 13.51390552520752 24.256807327270508 14.535646617412567 14.256938934326172 0.27870768308639526
7 145.0 13.479681015014648 24.26608657836914 14.519686818122864 14.217345237731934 0.3023415803909302
7 146.0 13.446165084838867 24.288129806518555 14.505106002092361 14.177921295166016 0.3271847069263458
7 147.0 13.417769432067871 24.324111938476562 14.500457972288132 14.151601791381836 0.3488561809062958
7 148.0 13.405920028686523 24.362930297851562 14.504998534917831 14.108409881591797 0.39658865332603455
7 149.0 13.383079528808594 24.37398338317871 14.44873720407486 13.993330955505371 0.4554062485694885
7 150.0 13.368354797363281 24.366661071777344 14.430903971195221 13.92359447479248 0.5073094964027405
7 151.0 13.394505500793457 24.41284942626953 14.466474533081055 13.906601905822754 0.5598726272583008
7 152.0 13.433270454406738 24.51515007019043 14.511520862579346 13.892868995666504 0.6186518669128418
7 153.0 13.442950248718262 24.576175689697266 14.56270146369934 13.88482666015625 0.6778748035430908
7 154.0 13.448685646057129 24.601951599121094 14.565915882587433 13.844694137573242 0.7212217450141907
7 155.0 13.451879501342773 24.601850509643555 14.633164286613464 13.845379829406738 0.7877844572067261
7 156.0 13.464584350585938 24.667640686035156 14.60411423444748 13.776744842529297 0.8273693919181824
7 157.0 13.444355010986328 24.68739128112793 14.61859929561615 13.768623352050781 0.8499759435653687
7 158.0 13.421478271484375 24.69619369506836 14.622874200344086 13.736764907836914 0.8861092925071716
7 159.0 13.446314811706543 24.78522300720215 14.590013206005096 13.698929786682129 0.8910834193229675
7 160.0 13.486639022827148 24.882570266723633 14.588231682777405 13.66274356842041 0.9254881143569946
7 161.0 13.511852264404297 24.935136795043945 14.597110986709595 13.62292766571045 0.9741833209991455
7 162.0 13.520856857299805 24.96417236328125 14.662267446517944 13.654289245605469 1.0079782009124756
7 163.0 13.536520004272461 25.009523391723633 14.644849419593811 13.595365524291992 1.0494838953018188
7 164.0 13.550722122192383 25.05975341796875 14.599910140037537 13.525127410888672 1.0747827291488647
7 165.0 13.532326698303223 25.09613609313965 14.607548475265503 13.49686050415039 1.1106879711151123
7 166.0 13.52103042602539 25.12647247314453 14.59418499469757 13.431102752685547 1.163082242012024
7 167.0 13.5203275680542 25.16801643371582 14.591057062149048 13.37508773803711 1.2159693241119385
7 168.0 13.527124404907227 25.201995849609375 14.633352041244507 13.3378324508667 1.2955195903778076
7 169.0 13.545162200927734 25.236509323120117 14.64336347579956 13.284090995788574 1.3592724800109863
7 170.0 13.540990829467773 25.246173858642578 14.644465208053589 13.224566459655762 1.4198987483978271
7 171.0 13.556465148925781 25.262792587280273 14.689848899841309 13.189981460571289 1.4998674392700195
7 172.0 13.569999694824219 25.294797897338867 14.729299426078796 13.149012565612793 1.5802868604660034
7 173.0 13.575108528137207 25.341197967529297 14.71728801727295 13.096854209899902 1.6204338073730469
7 174.0 13.581083297729492 25.377784729003906 14.714575052261353 13.06491756439209 1.6496574878692627
7 175.0 13.562994956970215 25.39038848876953 14.693262934684753 13.024312019348145 1.6689509153366089
7 176.0 13.549890518188477 25.38874626159668 14.69605541229248 12.991336822509766 1.7047185897827148
7 177.0 13.537896156311035 25.378681182861328 14.697670340538025 12.954243659973145 1.7434266805648804
7 178.0 13.546614646911621 25.37456512451172 14.736477971076965 12.928061485290527 1.808416485786438
7 179.0 13.56226634979248 25.376623153686523 14.767637491226196 12.887028694152832 1.8806087970733643
7 180.0 13.627059936523438 25.380449295043945 14.885791063308716 12.872617721557617 2.0131733417510986
7 181.0 13.724038124084473 25.362619400024414 14.996023416519165 12.848523139953613 2.1475002765655518
7 182.0 13.775174140930176 25.32724380493164 15.089763164520264 12.846083641052246 2.2436795234680176
7 183.0 13.809418678283691 25.295194625854492 15.179781913757324 12.815492630004883 2.3642892837524414
7 184.0 13.84132194519043 25.242412567138672 15.262875318527222 12.78234577178955 2.480529546737671
7 185.0 13.877266883850098 25.17879867553711 15.347952842712402 12.75374984741211 2.594202995300293
7 186.0 13.946300506591797 25.141477584838867 15.44050407409668 12.728621482849121 2.7118825912475586
7 187.0 13.965919494628906 25.097734451293945 15.506439447402954 12.684951782226562 2.8214876651763916
7 188.0 14.036855697631836 25.052947998046875 15.654831409454346 12.643603324890137 3.011228084564209
7 189.0 14.120704650878906 25.05052947998047 15.771779537200928 12.587231636047363 3.1845479011535645
7 190.0 14.175086975097656 25.091337203979492 15.81728982925415 12.523795127868652 3.293494701385498
7 191.0 14.251155853271484 25.152355194091797 15.871022701263428 12.438608169555664 3.4324145317077637
7 192.0 14.329384803771973 25.1839542388916 15.959056615829468 12.377927780151367 3.5811288356781006
7 193.0 14.379392623901367 25.185466766357422 16.014366388320923 12.29601001739502 3.7183563709259033
7 194.0 14.417094230651855 25.180288314819336 16.040634632110596 12.222824096679688 3.817810535430908
7 195.0 14.49620246887207 25.16748809814453 16.166696786880493 12.168292045593262 3.9984047412872314
7 196.0 14.575897216796875 25.119592666625977 16.3251051902771 12.140435218811035 4.1846699714660645
7 197.0 14.638689041137695 25.06321907043457 16.452746868133545 12.110846519470215 4.34190034866333
7 198.0 14.688176155090332 25.03488540649414 16.54462766647339 12.05575180053711 4.488875865936279
7 199.0 14.740983009338379 25.018342971801758 16.597358226776123 11.99190902709961 4.605449199676514
7 200.0 14.800701141357422 25.006088256835938 16.66936492919922 11.9536714553833 4.715693473815918
7 201.0 14.87851333618164 24.995004653930664 16.729788780212402 11.872364044189453 4.857424736022949
7 202.0 14.927087783813477 24.958036422729492 16.806945323944092 11.821991920471191 4.9849534034729
7 203.0 14.928454399108887 24.89049530029297 16.888187408447266 11.778376579284668 5.109810829162598
7 204.0 14.946739196777344 24.820404052734375 16.91483449935913 11.728771209716797 5.186063289642334
7 205.0 14.990095138549805 24.755435943603516 16.964321613311768 11.676885604858398 5.287436008453369
7 206.0 15.047685623168945 24.670743942260742 17.05406618118286 11.621847152709961 5.4322190284729
7 207.0 15.088510513305664 24.569744110107422 17.11833667755127 11.573111534118652 5.545225143432617
7 208.0 15.141797065734863 24.466283798217773 17.21646022796631 11.543436050415039 5.6730241775512695
7 209.0 15.205570220947266 24.378902435302734 17.31989574432373 11.507328987121582 5.812566757202148
7 210.0 15.268709182739258 24.294893264770508 17.407613277435303 11.479781150817871 5.927832126617432
7 211.0 15.346857070922852 24.223379135131836 17.53562355041504 11.451902389526367 6.083721160888672
7 212.0 15.404644012451172 24.149492263793945 17.598995208740234 11.390702247619629 6.2082929611206055
7 213.0 15.451498031616211 24.08173179626465 17.682400226593018 11.34774398803711 6.334656238555908
7 214.0 15.497087478637695 24.00765609741211 17.690752506256104 11.234271049499512 6.456481456756592
7 215.0 15.562174797058105 23.922582626342773 17.728895664215088 11.119075775146484 6.6098198890686035
7 216.0 15.616456985473633 23.843364715576172 17.693212032318115 10.970060348510742 6.723151683807373
7 217.0 15.676321029663086 23.763586044311523 17.731868267059326 10.882490158081055 6.8493781089782715
7 218.0 15.718596458435059 23.669721603393555 17.808863162994385 10.823005676269531 6.9858574867248535
7 219.0 15.766461372375488 23.565256118774414 17.850303173065186 10.742667198181152 7.107635974884033
7 220.0 15.828981399536133 23.40184783935547 17.96634531021118 10.730169296264648 7.236176013946533
7 221.0 15.888251304626465 23.231029510498047 18.06778860092163 10.687091827392578 7.380696773529053
7 222.0 15.92564582824707 23.068096160888672 18.147528171539307 10.646316528320312 7.501211643218994
7 223.0 15.967386245727539 22.92530059814453 18.31214666366577 10.615546226501465 7.696600437164307
7 224.0 16.01418685913086 22.795696258544922 18.42130470275879 10.556591987609863 7.864712715148926
7 225.0 16.081571578979492 22.658750534057617 18.533740997314453 10.537053108215332 7.996687889099121
7 226.0 16.171310424804688 22.501848220825195 18.665608406066895 10.488813400268555 8.17679500579834
7 227.0 16.27668571472168 22.327816009521484 18.847314834594727 10.446462631225586 8.40085220336914
7 228.0 16.315502166748047 22.114938735961914 18.89709186553955 10.357046127319336 8.540045738220215
7 229.0 16.313405990600586 21.88042449951172 18.922311782836914 10.245551109313965 8.67676067352295
7 230.0 16.326351165771484 21.655834197998047 18.968931198120117 10.139376640319824 8.829554557800293
7 231.0 16.2960262298584 21.421489715576172 19.013623237609863 10.041595458984375 8.972027778625488
7 232.0 16.29804229736328 21.177488327026367 19.027215003967285 9.967101097106934 9.060113906860352
7 233.0 16.316553115844727 20.936983108520508 19.04019546508789 9.878591537475586 9.161603927612305
7 234.0 16.341232299804688 20.692317962646484 19.03773784637451 9.799880027770996 9.237857818603516
7 235.0 16.390541076660156 20.445829391479492 19.097299575805664 9.693116188049316 9.404183387756348
7 236.0 16.451343536376953 20.210216522216797 19.130305290222168 9.608981132507324 9.521324157714844
7 237.0 16.49778175354004 19.993732452392578 19.167201042175293 9.493486404418945 9.673714637756348
7 238.0 16.562904357910156 19.800243377685547 19.29629898071289 9.422395706176758 9.873903274536133
7 239.0 16.695072174072266 19.601877212524414 19.39505672454834 9.287979125976562 10.107077598571777
7 240.0 16.819599151611328 19.388263702392578 19.52671718597412 9.202495574951172 10.32422161102295
7 241.0 16.894420623779297 19.15334701538086 19.663485527038574 9.137683868408203 10.525801658630371
7 242.0 16.952411651611328 18.89956283569336 19.762106895446777 9.053848266601562 10.708258628845215
7 243.0 17.017431259155273 18.645572662353516 19.868897438049316 8.959188461303711 10.909708976745605
7 244.0 17.163387298583984 18.380943298339844 19.991779327392578 8.889323234558105 11.102456092834473
7 245.0 17.347858428955078 18.1270751953125 20.175125122070312 8.820023536682129 11.355101585388184
7 246.0 17.493383407592773 17.88717269897461 20.30443000793457 8.73073673248291 11.57369327545166
7 247.0 17.60458755493164 17.643402099609375 20.41531467437744 8.640039443969727 11.775275230407715
7 248.0 17.64914321899414 17.371692657470703 20.48566722869873 8.5504732131958 11.93519401550293
7 249.0 17.714500427246094 17.09346580505371 20.5830135345459 8.498710632324219 12.08430290222168
7 250.0 17.810091018676758 16.801240921020508 20.667354583740234 8.426987648010254 12.24036693572998
7 251.0 17.882631301879883 16.5490665435791 20.738733291625977 8.351898193359375 12.386835098266602
7 252.0 17.904218673706055 16.31356430053711 20.874777793884277 8.289698600769043 12.585079193115234
7 253.0 17.841304779052734 16.035242080688477 20.925435066223145 8.22178840637207 12.703646659851074
7 254.0 17.76305389404297 15.755548477172852 20.96372890472412 8.163902282714844 12.799826622009277
7 255.0 17.671770095825195 15.495542526245117 20.945138931274414 8.084992408752441 12.860146522521973
7 256.0 17.615455627441406 15.224159240722656 20.98345947265625 8.004426956176758 12.979032516479492
7 257.0 17.625638961791992 15.0120210647583 20.974467277526855 7.8938140869140625 13.080653190612793
7 258.0 17.68667984008789 14.82076644897461 21.001407623291016 7.788498878479004 13.212908744812012
7 259.0 17.747188568115234 14.634357452392578 21.069343090057373 7.705491542816162 13.363851547241211
7 260.0 17.820377349853516 14.463890075683594 21.121085166931152 7.638294219970703 13.48279094696045
7 261.0 17.824522018432617 14.28813362121582 21.17768430709839 7.533410549163818 13.64427375793457
7 262.0 17.813692092895508 14.0881986618042 21.24013900756836 7.453300476074219 13.78683853149414
7 263.0 17.875812530517578 13.891016960144043 21.401379108428955 7.35591459274292 14.045464515686035
7 264.0 17.931833267211914 13.734614372253418 21.541311740875244 7.284632205963135 14.25667953491211
7 265.0 18.00963020324707 13.607941627502441 21.651259899139404 7.194295406341553 14.456964492797852
7 266.0 18.02823257446289 13.466978073120117 21.74081325531006 7.109244346618652 14.631568908691406
7 267.0 17.974384307861328 13.302005767822266 21.76192808151245 7.032291889190674 14.729636192321777
7 268.0 17.94198989868164 13.147335052490234 21.796025276184082 6.939573287963867 14.856451988220215
7 269.0 17.888442993164062 13.008783340454102 21.788796424865723 6.8267974853515625 14.96199893951416
7 270.0 17.824913024902344 12.847813606262207 21.776865482330322 6.72716760635376 15.049697875976562
7 271.0 17.75545883178711 12.706628799438477 21.781228065490723 6.6266069412231445 15.154621124267578
7 272.0 17.613082885742188 12.535018920898438 21.755486965179443 6.518406391143799 15.237080574035645
7 273.0 17.364381790161133 12.302510261535645 21.56999111175537 6.360355377197266 15.209635734558105
7 274.0 17.180822372436523 12.075725555419922 21.44189977645874 6.1656670570373535 15.276232719421387
7 275.0 17.21552848815918 11.981708526611328 21.32338285446167 5.962355136871338 15.361027717590332
7 276.0 17.324542999267578 11.925048828125 21.30716896057129 5.781408309936523 15.525760650634766
7 277.0 17.423934936523438 11.87034797668457 21.29325580596924 5.648489952087402 15.644765853881836
7 278.0 17.509929656982422 11.829453468322754 21.320112705230713 5.4879279136657715 15.832184791564941
7 279.0 17.603609085083008 11.799708366394043 21.306842803955078 5.32242488861084 15.984417915344238
7 280.0 17.684589385986328 11.759873390197754 21.31400489807129 5.221294403076172 16.092710494995117
7 281.0 17.69849395751953 11.746885299682617 21.303675651550293 5.115025520324707 16.188650131225586
7 282.0 17.709972381591797 11.740801811218262 21.26613759994507 5.021457195281982 16.244680404663086
7 283.0 17.735532760620117 11.730356216430664 21.254207134246826 4.931834697723389 16.322372436523438
7 284.0 17.81388282775879 11.712362289428711 21.223118782043457 4.795079231262207 16.42803955078125
7 285.0 17.966894149780273 11.702812194824219 21.288034915924072 4.655781269073486 16.632253646850586
7 286.0 18.175003051757812 11.727105140686035 21.34643030166626 4.514050006866455 16.832380294799805
7 287.0 18.26633644104004 11.770474433898926 21.403024673461914 4.374046325683594 17.02897834777832
7 288.0 18.269838333129883 11.772631645202637 21.42580509185791 4.280962944030762 17.14484214782715
7 289.0 18.328794479370117 11.7779541015625 21.5750412940979 4.207396030426025 17.367645263671875
7 290.0 18.35630226135254 11.802997589111328 21.586825370788574 4.124518394470215 17.46230697631836
7 291.0 18.355623245239258 11.811939239501953 21.599195957183838 4.0366597175598145 17.562536239624023
7 292.0 18.37887191772461 11.847183227539062 21.56857919692993 3.9180779457092285 17.650501251220703
7 293.0 18.387475967407227 11.89069938659668 21.475497722625732 3.7881674766540527 17.68733024597168
7 294.0 18.354591369628906 11.918045043945312 21.387583255767822 3.661278247833252 17.72630500793457
7 295.0 18.26897430419922 11.911322593688965 21.3465576171875 3.577932357788086 17.768625259399414
7 296.0 18.17563819885254 11.867962837219238 21.294466018676758 3.5212364196777344 17.773229598999023
7 297.0 18.167858123779297 11.869644165039062 21.21226692199707 3.4496803283691406 17.76258659362793
7 298.0 18.1472225189209 11.899349212646484 21.200746536254883 3.401998519897461 17.798748016357422
7 299.0 18.12629508972168 11.9139404296875 21.122041702270508 3.300334930419922 17.821706771850586
7 300.0 18.110694885253906 11.941187858581543 21.022310256958008 3.152345657348633 17.869964599609375
7 301.0 18.133766174316406 11.986621856689453 21.00724220275879 3.037700653076172 17.969541549682617
7 302.0 18.108619689941406 12.011045455932617 21.036568880081177 2.958878755569458 18.07769012451172
7 303.0 18.23600959777832 12.071889877319336 21.124258995056152 2.900092124938965 18.224166870117188
7 304.0 18.30002212524414 12.144186019897461 21.16971778869629 2.85333251953125 18.31638526916504
7 305.0 18.226961135864258 12.2160062789917 21.05214262008667 2.793241024017334 18.258901596069336
7 306.0 18.12063980102539 12.228569030761719 20.943400859832764 2.7298693656921387 18.213531494140625
7 307.0 18.02779197692871 12.240248680114746 20.884608507156372 2.6831963062286377 18.201412200927734
7 308.0 18.04467010498047 12.28194808959961 20.828543663024902 2.65592098236084 18.172622680664062
7 309.0 18.057058334350586 12.339750289916992 20.780894994735718 2.612762212753296 18.168132781982422
7 310.0 17.95207405090332 12.312967300415039 20.774593353271484 2.6090641021728516 18.165529251098633
7 311.0 17.89067268371582 12.295507431030273 20.781485557556152 2.5936975479125977 18.187788009643555
7 312.0 17.935298919677734 12.35180377960205 20.741437911987305 2.57745361328125 18.163984298706055
7 313.0 17.974315643310547 12.406232833862305 20.706823110580444 2.562101125717163 18.14472198486328
7 314.0 17.936052322387695 12.431735038757324 20.681455850601196 2.5496599674224854 18.13179588317871
7 315.0 17.922271728515625 12.496088027954102 20.74329113960266 2.52807354927063 18.21521759033203
7 316.0 17.932117462158203 12.582637786865234 20.792587757110596 2.536102771759033 18.256484985351562
7 317.0 17.971357345581055 12.65311336517334 20.842284679412842 2.5405821800231934 18.30170249938965
7 318.0 18.06399154663086 12.756423950195312 20.88229775428772 2.5967447757720947 18.285552978515625
7 319.0 18.203577041625977 12.862677574157715 20.949652910232544 2.645198106765747 18.304454803466797
7 320.0 18.302026748657227 12.990628242492676 20.99038863182068 2.6717565059661865 18.318632125854492
7 321.0 18.435503005981445 13.18340015411377 21.100440502166748 2.7546896934509277 18.34575080871582
7 322.0 18.542736053466797 13.331735610961914 21.20307159423828 2.827970504760742 18.37510108947754
7 323.0 18.679546356201172 13.447397232055664 21.270323514938354 2.8896701335906982 18.380653381347656
7 324.0 18.839351654052734 13.599489212036133 21.31986403465271 2.9320390224456787 18.38782501220703
7 325.0 18.93906021118164 13.765213012695312 21.322829484939575 2.934026002883911 18.388803482055664
7 326.0 19.068889617919922 13.940133094787598 21.38003897666931 2.9234426021575928 18.45659637451172
7 327.0 19.30009651184082 14.138120651245117 21.49406337738037 2.9711198806762695 18.5229434967041
7 328.0 19.53850746154785 14.325700759887695 21.629145860671997 3.0351574420928955 18.5939884185791
7 329.0 19.72117042541504 14.458885192871094 21.8225998878479 3.1536011695861816 18.66899871826172
7 330.0 19.882686614990234 14.536813735961914 22.01084566116333 3.2613987922668457 18.749446868896484
7 331.0 20.032024383544922 14.633462905883789 22.198909521102905 3.3593900203704834 18.839519500732422
7 332.0 20.1342716217041 14.739923477172852 22.329397916793823 3.427807569503784 18.90159034729004
7 333.0 20.320825576782227 14.940595626831055 22.497520923614502 3.532728672027588 18.964792251586914
7 334.0 20.54269790649414 15.12777328491211 22.70105242729187 3.6894137859344482 19.011638641357422
7 335.0 20.713953018188477 15.278729438781738 22.92739748954773 3.8473212718963623 19.080076217651367
7 336.0 20.84027671813965 15.413554191589355 23.093291997909546 3.981740713119507 19.11155128479004
7 337.0 20.9781551361084 15.548120498657227 23.270030975341797 4.116579055786133 19.153451919555664
7 338.0 21.1061954498291 15.67038631439209 23.461746215820312 4.260980606079102 19.20076560974121
7 339.0 21.246498107910156 15.815820693969727 23.682627201080322 4.41453218460083 19.268095016479492
7 340.0 21.33254051208496 15.926944732666016 23.876593112945557 4.536915302276611 19.339677810668945
7 341.0 21.497333526611328 16.0626277923584 24.06373405456543 4.69713020324707 19.36660385131836
7 342.0 21.69083023071289 16.23272705078125 24.25601053237915 4.910446643829346 19.345563888549805
7 343.0 21.767650604248047 16.373016357421875 24.38677978515625 5.062671661376953 19.324108123779297
7 344.0 21.8128719329834 16.487653732299805 24.47334337234497 5.161287784576416 19.312055587768555
7 345.0 21.903533935546875 16.617156982421875 24.586114406585693 5.275811672210693 19.310302734375
7 346.0 22.010648727416992 16.76068115234375 24.688451766967773 5.416110992431641 19.272340774536133
7 347.0 22.039592742919922 16.845277786254883 24.775331020355225 5.540128231048584 19.23520278930664
7 348.0 22.074853897094727 16.8878231048584 24.83485221862793 5.62879753112793 19.2060546875
7 349.0 22.208593368530273 16.931015014648438 24.97425365447998 5.800293922424316 19.173959732055664
7 350.0 22.27941131591797 16.955394744873047 25.051776885986328 5.891025543212891 19.160751342773438
7 351.0 22.357372283935547 17.010202407836914 25.127273082733154 5.975423336029053 19.1518497467041
7 352.0 22.432632446289062 17.079458236694336 25.17449712753296 6.085555553436279 19.08894157409668
7 353.0 22.54262924194336 17.196456909179688 25.23125696182251 6.187489032745361 19.04376792907715
7 354.0 22.64663314819336 17.33002471923828 25.263774871826172 6.255832672119141 19.00794219970703
7 355.0 22.79146385192871 17.429367065429688 25.40088653564453 6.429454803466797 18.971431732177734
7 356.0 22.995954513549805 17.50746726989746 25.617035388946533 6.675583362579346 18.941452026367188
7 357.0 23.297672271728516 17.617605209350586 25.877558708190918 6.984431266784668 18.89312744140625
7 358.0 23.517641067504883 17.733592987060547 26.040142059326172 7.215274810791016 18.824867248535156
7 359.0 23.651145935058594 17.82583999633789 26.143399715423584 7.404754161834717 18.738645553588867
7 360.0 23.70477867126465 17.875200271606445 26.2532057762146 7.5488104820251465 18.704395294189453
7 361.0 23.725601196289062 17.90117835998535 26.304054260253906 7.683706283569336 18.62034797668457
7 362.0 23.732147216796875 17.92989730834961 26.341244220733643 7.819424152374268 18.521820068359375
7 363.0 23.765169143676758 18.0025634765625 26.4154953956604 7.965757846832275 18.449737548828125
7 364.0 23.84333038330078 18.065471649169922 26.53718376159668 8.145492553710938 18.391691207885742
7 365.0 23.896766662597656 18.105497360229492 26.672240257263184 8.342394828796387 18.329845428466797
7 366.0 23.964523315429688 18.137222290039062 26.83174228668213 8.541731834411621 18.290010452270508
8 1.0 22.40472984313965 22.744077682495117 26.586040496826172 8.77066421508789 17.81537628173828
8 2.0 22.30432891845703 22.498165130615234 26.63347339630127 8.887591361999512 17.745882034301758
8 3.0 22.14458465576172 22.282289505004883 26.690564155578613 8.9802885055542 17.710275650024414
8 4.0 21.98797035217285 22.085433959960938 26.685776710510254 9.089226722717285 17.59654998779297
8 5.0 21.841754913330078 21.906429290771484 26.662467002868652 9.197157859802246 17.465309143066406
8 6.0 21.631393432617188 21.662242889404297 26.634601593017578 9.33987045288086 17.29473114013672
8 7.0 21.426725387573242 21.410423278808594 26.573110580444336 9.432723999023438 17.1403865814209
8 8.0 21.242778778076172 21.188129425048828 26.53925132751465 9.530923843383789 17.00832748413086
8 9.0 21.07939910888672 20.994354248046875 26.4158296585083 9.622265815734863 16.793563842773438
8 10.0 20.835926055908203 20.80405044555664 26.29590892791748 9.727301597595215 16.568607330322266
8 11.0 20.54364776611328 20.581363677978516 25.999369621276855 9.814770698547363 16.184598922729492
8 12.0 20.268320083618164 20.35277557373047 25.62653350830078 9.861241340637207 15.765292167663574
8 13.0 19.987743377685547 20.139434814453125 25.44517421722412 9.92296028137207 15.52221393585205
8 14.0 19.644718170166016 19.889385223388672 25.20340347290039 9.908435821533203 15.294967651367188
8 15.0 19.342130661010742 19.673120498657227 24.978084564208984 9.90560245513916 15.072482109069824
8 16.0 19.11897850036621 19.504392623901367 24.692407608032227 9.947993278503418 14.744414329528809
8 17.0 18.83257484436035 19.309833526611328 24.431336402893066 9.945341110229492 14.485995292663574
8 18.0 18.522470474243164 19.039417266845703 24.146573066711426 9.993551254272461 14.153021812438965
8 19.0 18.179553985595703 18.774677276611328 23.714444160461426 10.053290367126465 13.661153793334961
8 20.0 17.904521942138672 18.56985855102539 23.197701454162598 10.1124906539917 13.085210800170898
8 21.0 17.702980041503906 18.395875930786133 22.921873092651367 10.220536231994629 12.701336860656738
8 22.0 17.484100341796875 18.23256492614746 22.538393020629883 10.290202140808105 12.248190879821777
8 23.0 17.284893035888672 18.076438903808594 22.14388084411621 10.36933422088623 11.77454662322998
8 24.0 17.07395362854004 17.912076950073242 21.77747631072998 10.481584548950195 11.295891761779785
8 25.0 16.837005615234375 17.750579833984375 21.37941074371338 10.554394721984863 10.825016021728516
8 26.0 16.619876861572266 17.615921020507812 21.0728178024292 10.630744934082031 10.442072868347168
8 27.0 16.410829544067383 17.49724578857422 20.767802238464355 10.717418670654297 10.050383567810059
8 28.0 16.175662994384766 17.354246139526367 20.383692741394043 10.826318740844727 9.557374000549316
8 29.0 15.986786842346191 17.2341365814209 20.121708869934082 10.94915771484375 9.172551155090332
8 30.0 15.814480781555176 17.104618072509766 19.881412506103516 11.068346977233887 8.813065528869629
8 31.0 15.62657642364502 16.975969314575195 19.458314895629883 11.157292366027832 8.30102252960205
8 32.0 15.403478622436523 16.84247589111328 19.0164475440979 11.269448280334473 7.746999263763428
8 33.0 15.137594223022461 16.70419692993164 18.535346031188965 11.29941177368164 7.235934257507324
8 34.0 14.84621810913086 16.57497215270996 18.045096397399902 11.288867950439453 6.756228446960449
8 35.0 14.612110137939453 16.487205505371094 17.55123805999756 11.293695449829102 6.257542610168457
8 36.0 14.447729110717773 16.429553985595703 17.231457233428955 11.352459907531738 5.878997325897217
8 37.0 14.29330062866211 16.363576889038086 16.94965696334839 11.406877517700195 5.542779445648193
8 38.0 14.118314743041992 16.280521392822266 16.528342723846436 11.43939208984375 5.0889506340026855
8 39.0 14.025961875915527 16.249916076660156 16.129473209381104 11.55104923248291 4.578423976898193
8 40.0 13.971156120300293 16.24363899230957 15.861135959625244 11.664996147155762 4.196139812469482
8 41.0 13.8692626953125 16.2530517578125 15.634101867675781 11.708897590637207 3.925204277038574
8 42.0 13.738425254821777 16.267423629760742 15.459378719329834 11.757929801940918 3.701448917388916
8 43.0 13.616781234741211 16.265338897705078 15.240443229675293 11.797354698181152 3.4430885314941406
8 44.0 13.531070709228516 16.236024856567383 15.087095499038696 11.878774642944336 3.2083208560943604
8 45.0 13.483924865722656 16.21836280822754 14.941269159317017 11.943832397460938 2.997436761856079
8 46.0 13.428118705749512 16.224628448486328 14.817962884902954 12.048686027526855 2.7692768573760986
8 47.0 13.354751586914062 16.233806610107422 14.708162546157837 12.143388748168945 2.5647737979888916
8 48.0 13.277765274047852 16.251218795776367 14.626017808914185 12.22830867767334 2.3977091312408447
8 49.0 13.182591438293457 16.26230812072754 14.498798608779907 12.301560401916504 2.1972382068634033
8 50.0 13.154376029968262 16.29300308227539 14.410932302474976 12.363094329833984 2.047837972640991
8 51.0 13.178272247314453 16.332313537597656 14.393428444862366 12.470882415771484 1.9225460290908813
8 52.0 13.20885944366455 16.36612319946289 14.451555848121643 12.596125602722168 1.855430245399475
8 53.0 13.228714942932129 16.377273559570312 14.463674306869507 12.659603118896484 1.8040711879730225
8 54.0 13.234559059143066 16.389022827148438 14.442408204078674 12.718132019042969 1.7242761850357056
8 55.0 13.240379333496094 16.43238067626953 14.38289213180542 12.7754545211792 1.6074376106262207
8 56.0 13.229239463806152 16.47123908996582 14.282451510429382 12.811589241027832 1.4708622694015503
8 57.0 13.178855895996094 16.49073028564453 14.188227534294128 12.81195068359375 1.3762768507003784
8 58.0 13.145198822021484 16.51983070373535 14.203479647636414 12.886608123779297 1.3168715238571167
8 59.0 13.133316040039062 16.557783126831055 14.201399564743042 12.957066535949707 1.244333028793335
8 60.0 13.043925285339355 16.553951263427734 14.09252417087555 12.923930168151855 1.1685940027236938
8 61.0 12.966898918151855 16.602420806884766 13.99812388420105 12.917557716369629 1.080566167831421
8 62.0 12.958244323730469 16.695344924926758 13.947872936725616 12.957975387573242 0.9898975491523743
8 63.0 12.969141960144043 16.781593322753906 13.937428176403046 13.032569885253906 0.9048582911491394
8 64.0 12.916954040527344 16.84418296813965 13.88334846496582 13.029876708984375 0.8534717559814453
8 65.0 12.86733627319336 16.92380714416504 13.816788733005524 13.014719009399414 0.8020697236061096
8 66.0 12.876229286193848 17.0325984954834 13.78954690694809 13.034016609191895 0.7555302977561951
8 67.0 12.890631675720215 17.131954193115234 13.759369730949402 13.028032302856445 0.7313374280929565
8 68.0 12.897555351257324 17.218021392822266 13.772603571414948 13.07015323638916 0.7024503350257874
8 69.0 12.89189624786377 17.297405242919922 13.75783622264862 13.08354663848877 0.6742895841598511
8 70.0 12.889106750488281 17.373445510864258 13.721147358417511 13.089726448059082 0.631420910358429
8 71.0 12.920331954956055 17.460859298706055 13.70993196964264 13.12103271484375 0.5888992547988892
8 72.0 12.942846298217773 17.543962478637695 13.709604561328888 13.142972946166992 0.5666316151618958
8 73.0 12.943425178527832 17.607759475708008 13.71302044391632 13.16021728515625 0.5528031587600708
8 74.0 12.9502534866333 17.673477172851562 13.690113484859467 13.16879940032959 0.5213140845298767
8 75.0 12.969805717468262 17.742395401000977 13.727448284626007 13.226300239562988 0.5011480450630188
8 76.0 12.98690414428711 17.812856674194336 13.776683390140533 13.29170036315918 0.48498302698135376
8 77.0 12.997710227966309 17.874361038208008 13.804609924554825 13.344291687011719 0.4603182375431061
8 78.0 12.997689247131348 17.915626525878906 13.838186413049698 13.397722244262695 0.44046416878700256
8 79.0 12.999839782714844 17.959840774536133 13.841363817453384 13.424613952636719 0.41674986481666565
8 80.0 13.02914047241211 18.040510177612305 13.82266852259636 13.43556022644043 0.38710829615592957
8 81.0 13.072199821472168 18.15757179260254 13.866438239812851 13.495802879333496 0.37063536047935486
8 82.0 13.0825777053833 18.27827262878418 13.875280767679214 13.521332740783691 0.35394802689552307
8 83.0 13.072896957397461 18.373262405395508 13.905352264642715 13.568415641784668 0.3369366228580475
8 84.0 13.057448387145996 18.446983337402344 13.91292279958725 13.607139587402344 0.305783212184906
8 85.0 13.052179336547852 18.52593421936035 13.89295819401741 13.613862991333008 0.27909520268440247
8 86.0 13.079363822937012 18.622297286987305 13.926761597394943 13.664432525634766 0.2623290717601776
8 87.0 13.077659606933594 18.696006774902344 13.949720531702042 13.709599494934082 0.2401210367679596
8 88.0 13.073412895202637 18.815221786499023 13.946807131171227 13.726981163024902 0.21982596814632416
8 89.0 13.082688331604004 18.94481658935547 13.955302014946938 13.7429780960083 0.21232391893863678
8 90.0 13.068281173706055 19.05709457397461 13.934276536107063 13.724871635437012 0.20940490067005157
8 91.0 13.12311840057373 19.162372589111328 13.985304564237595 13.787389755249023 0.19791480898857117
8 92.0 13.18479061126709 19.274738311767578 14.020477175712585 13.826702117919922 0.19377505779266357
8 93.0 13.20120906829834 19.379051208496094 14.041520148515701 13.867693901062012 0.17382624745368958
8 94.0 13.189204216003418 19.458568572998047 14.013066083192825 13.852917671203613 0.16014841198921204
8 95.0 13.22502613067627 19.57256507873535 14.061969056725502 13.913575172424316 0.1483938843011856
8 96.0 13.264355659484863 19.694007873535156 14.096405029296875 13.949310302734375 0.1470947265625
8 97.0 13.2814302444458 19.792314529418945 14.117745980620384 13.976384162902832 0.14136181771755219
8 98.0 13.314337730407715 19.89841079711914 14.149329707026482 14.01303482055664 0.136294886469841
8 99.0 13.341336250305176 20.0008602142334 14.172451913356781 14.038530349731445 0.1339215636253357
8 100.0 13.388846397399902 20.10700035095215 14.201901987195015 14.065396308898926 0.13650567829608917
8 101.0 13.441694259643555 20.18760871887207 14.231665804982185 14.096678733825684 0.13498707115650177
8 102.0 13.50285816192627 20.2814998626709 14.30835847556591 14.174910545349121 0.13344793021678925
8 103.0 13.535841941833496 20.361331939697266 14.412155389785767 14.278231620788574 0.13392376899719238
8 104.0 13.52788257598877 20.42987823486328 14.42095984518528 14.281993865966797 0.13896597921848297
8 105.0 13.527612686157227 20.521202087402344 14.398251593112946 14.259016990661621 0.13923460245132446
8 106.0 13.55569076538086 20.625120162963867 14.44827002286911 14.312688827514648 0.13558119535446167
8 107.0 13.61584758758545 20.747007369995117 14.546283885836601 14.410983085632324 0.13530080020427704
8 108.0 13.674437522888184 20.880321502685547 14.597849413752556 14.465397834777832 0.13245157897472382
8 109.0 13.72425365447998 21.00504493713379 14.650272697210312 14.520753860473633 0.12951883673667908
8 110.0 13.756723403930664 21.11037826538086 14.707938134670258 14.584832191467285 0.12310594320297241
8 111.0 13.754560470581055 21.199308395385742 14.748430915176868 14.631857872009277 0.1165730431675911
8 112.0 13.738773345947266 21.28607940673828 14.77262969315052 14.6572265625 0.11540313065052032
8 113.0 13.721820831298828 21.347156524658203 14.741296723484993 14.622634887695312 0.11866183578968048
8 114.0 13.704094886779785 21.408100128173828 14.766351215541363 14.64944839477539 0.11690282076597214
8 115.0 13.691421508789062 21.487852096557617 14.73710759729147 14.622657775878906 0.11444982141256332
8 116.0 13.65255069732666 21.518630981445312 14.708062641322613 14.592652320861816 0.11541032046079636
8 117.0 13.628564834594727 21.56739044189453 14.685622446238995 14.566044807434082 0.11957763880491257
8 118.0 13.624242782592773 21.640417098999023 14.713144063949585 14.59048080444336 0.12266325950622559
8 119.0 13.66147518157959 21.737672805786133 14.790552571415901 14.662322044372559 0.1282305270433426
8 120.0 13.674569129943848 21.82012939453125 14.79559876024723 14.663031578063965 0.13256718218326569
8 121.0 13.682524681091309 21.897258758544922 14.811763793230057 14.667778015136719 0.143985778093338
8 122.0 13.684386253356934 21.979772567749023 14.768640890717506 14.61584186553955 0.15279902517795563
8 123.0 13.674202919006348 22.039005279541016 14.765400409698486 14.602986335754395 0.1624140739440918
8 124.0 13.656432151794434 22.061447143554688 14.743185117840767 14.574231147766113 0.16895397007465363
8 125.0 13.647061347961426 22.079431533813477 14.757418125867844 14.589362144470215 0.16805598139762878
8 126.0 13.640316009521484 22.11174201965332 14.72578014433384 14.558808326721191 0.166971817612648
8 127.0 13.642184257507324 22.17873191833496 14.731048583984375 14.559441566467285 0.17160701751708984
8 128.0 13.658624649047852 22.285200119018555 14.743000641465187 14.5681791305542 0.17482151091098785
8 129.0 13.63431167602539 22.37489891052246 14.733546510338783 14.550281524658203 0.18326498568058014
8 130.0 13.595746040344238 22.446441650390625 14.692243248224258 14.501649856567383 0.1905933916568756
8 131.0 13.559367179870605 22.50597381591797 14.6953676789999 14.492012023925781 0.20335565507411957
8 132.0 13.524469375610352 22.55783462524414 14.688842862844467 14.46724796295166 0.221594899892807
8 133.0 13.510940551757812 22.633651733398438 14.66476820409298 14.437366485595703 0.2274017184972763
8 134.0 13.516883850097656 22.718643188476562 14.632573530077934 14.399234771728516 0.23333875834941864
8 135.0 13.53614616394043 22.78992462158203 14.663722530007362 14.415207862854004 0.24851466715335846
8 136.0 13.528291702270508 22.843612670898438 14.673325598239899 14.414916038513184 0.2584095597267151
8 137.0 13.531426429748535 22.92587661743164 14.64744058251381 14.36470890045166 0.28273168206214905
8 138.0 13.510855674743652 22.981306076049805 14.68203553557396 14.39350414276123 0.2885313928127289
8 139.0 13.464775085449219 23.038068771362305 14.603586047887802 14.312482833862305 0.29110321402549744
8 140.0 13.44737434387207 23.107877731323242 14.592093229293823 14.279136657714844 0.3129565715789795
8 141.0 13.451842308044434 23.157760620117188 14.579830259084702 14.243597984313965 0.3362322747707367
8 142.0 13.430665016174316 23.178579330444336 14.541407078504562 14.177358627319336 0.36404845118522644
8 143.0 13.43018913269043 23.20854377746582 14.5340596139431 14.118303298950195 0.41575631499290466
8 144.0 13.428179740905762 23.240047454833984 14.56196278333664 14.109416007995605 0.45254677534103394
8 145.0 13.396153450012207 23.274211883544922 14.570071160793304 14.08308219909668 0.48698896169662476
8 146.0 13.39963436126709 23.3259220123291 14.577325642108917 14.058673858642578 0.5186517834663391
8 147.0 13.421802520751953 23.401302337646484 14.542190909385681 14.020151138305664 0.5220397710800171
8 148.0 13.439945220947266 23.48724937438965 14.512444138526917 13.978068351745605 0.534375786781311
8 149.0 13.460036277770996 23.548507690429688 14.503839612007141 13.922781944274902 0.5810576677322388
8 150.0 13.467192649841309 23.617454528808594 14.511838853359222 13.89215087890625 0.6196879744529724
8 151.0 13.488134384155273 23.66544532775879 14.498219549655914 13.837538719177246 0.6606808304786682
8 152.0 13.487682342529297 23.659961700439453 14.498178243637085 13.797796249389648 0.7003819942474365
8 153.0 13.528719902038574 23.696866989135742 14.567116498947144 13.815410614013672 0.7517058849334717
8 154.0 13.585182189941406 23.759084701538086 14.601384401321411 13.789335250854492 0.812049150466919
8 155.0 13.61481761932373 23.7961368560791 14.661217391490936 13.804880142211914 0.8563372492790222
8 156.0 13.64310073852539 23.83821678161621 14.679683148860931 13.787909507751465 0.8917736411094666
8 157.0 13.650444984436035 23.881263732910156 14.663644671440125 13.740723609924316 0.9229210615158081
8 158.0 13.632891654968262 23.888273239135742 14.708148062229156 13.741080284118652 0.9670677781105042
8 159.0 13.64212417602539 23.89812660217285 14.715785026550293 13.687103271484375 1.028681755065918
8 160.0 13.64116096496582 23.934188842773438 14.737484455108643 13.62749195098877 1.109992504119873
8 161.0 13.661845207214355 23.99496078491211 14.776290893554688 13.588102340698242 1.1881885528564453
8 162.0 13.69704532623291 24.064571380615234 14.824275970458984 13.567748069763184 1.2565279006958008
8 163.0 13.71064281463623 24.11734390258789 14.853281855583191 13.5402193069458 1.3130625486373901
8 164.0 13.71586799621582 24.15807342529297 14.943109035491943 13.547270774841309 1.3958382606506348
8 165.0 13.685528755187988 24.1754207611084 14.94497263431549 13.497836112976074 1.4471365213394165
8 166.0 13.688243865966797 24.219018936157227 14.926428437232971 13.42881965637207 1.4976087808609009
8 167.0 13.689347267150879 24.25750160217285 14.925413250923157 13.352258682250977 1.5731545686721802
8 168.0 13.67580509185791 24.281980514526367 14.884494066238403 13.263578414916992 1.6209156513214111
8 169.0 13.647899627685547 24.322919845581055 14.85069191455841 13.195993423461914 1.6546984910964966
8 170.0 13.62901782989502 24.377391815185547 14.85813581943512 13.138978004455566 1.7191578149795532
8 171.0 13.634364128112793 24.43547821044922 14.839685440063477 13.066363334655762 1.7733221054077148
8 172.0 13.631513595581055 24.483163833618164 14.835314273834229 13.013274192810059 1.82204008102417
8 173.0 13.636519432067871 24.525758743286133 14.82926881313324 12.945965766906738 1.8833030462265015
8 174.0 13.65963363647461 24.54931640625 14.869080185890198 12.904190063476562 1.9648901224136353
8 175.0 13.708654403686523 24.55970573425293 14.932771444320679 12.859498977661133 2.073272466659546
8 176.0 13.769493103027344 24.579761505126953 15.016845226287842 12.812960624694824 2.2038846015930176
8 177.0 13.823774337768555 24.609203338623047 15.108760595321655 12.817212104797363 2.291548490524292
8 178.0 13.843144416809082 24.634584426879883 15.139482259750366 12.804109573364258 2.3353726863861084
8 179.0 13.841556549072266 24.65190315246582 15.146714925765991 12.77357006072998 2.3731448650360107
8 180.0 13.833395004272461 24.667041778564453 15.15257453918457 12.736614227294922 2.4159603118896484
8 181.0 13.812419891357422 24.676380157470703 15.11873984336853 12.688989639282227 2.4297502040863037
8 182.0 13.775216102600098 24.68311309814453 15.01396131515503 12.602560043334961 2.4114012718200684
8 183.0 13.736495971679688 24.687265396118164 14.986529350280762 12.570008277893066 2.4165210723876953
8 184.0 13.733053207397461 24.700767517089844 14.971411228179932 12.516798973083496 2.4546122550964355
8 185.0 13.734288215637207 24.703514099121094 15.016412019729614 12.490493774414062 2.5259182453155518
8 186.0 13.743436813354492 24.709943771362305 15.031514406204224 12.42033576965332 2.6111786365509033
8 187.0 13.771921157836914 24.707244873046875 15.079339504241943 12.365894317626953 2.7134451866149902
8 188.0 13.803792953491211 24.68621063232422 15.099387168884277 12.307429313659668 2.7919578552246094
8 189.0 13.810914039611816 24.66810417175293 15.151355981826782 12.277958869934082 2.8733971118927
8 190.0 13.83682918548584 24.6545467376709 15.171504974365234 12.24382209777832 2.927682876586914
8 191.0 13.856611251831055 24.64368438720703 15.207949161529541 12.200268745422363 3.0076804161071777
8 192.0 13.884504318237305 24.640260696411133 15.26377272605896 12.157772064208984 3.1060006618499756
8 193.0 13.902053833007812 24.609529495239258 15.308852672576904 12.092905044555664 3.2159476280212402
8 194.0 13.893594741821289 24.572725296020508 15.322005033493042 12.043173789978027 3.2788312435150146
8 195.0 13.918864250183105 24.560535430908203 15.37003755569458 11.989277839660645 3.3807597160339355
8 196.0 13.953849792480469 24.522977828979492 15.421834468841553 11.95767879486084 3.464155673980713
8 197.0 13.951578140258789 24.486417770385742 15.433710098266602 11.917266845703125 3.5164432525634766
8 198.0 13.972587585449219 24.444555282592773 15.517699718475342 11.88806438446045 3.6296353340148926
8 199.0 14.032364845275879 24.413166046142578 15.562411546707153 11.85493278503418 3.7074787616729736
8 200.0 14.064329147338867 24.375810623168945 15.602181196212769 11.82104778289795 3.7811334133148193
8 201.0 14.08117389678955 24.304344177246094 15.664825439453125 11.777336120605469 3.8874893188476562
8 202.0 14.109437942504883 24.210447311401367 15.688997030258179 11.73637580871582 3.9526212215423584
8 203.0 14.10575008392334 24.107177734375 15.70768117904663 11.703553199768066 4.0041279792785645
8 204.0 14.10258960723877 24.009044647216797 15.793939113616943 11.700308799743652 4.093630313873291
8 205.0 14.104923248291016 23.928207397460938 15.848248481750488 11.69044303894043 4.157805442810059
8 206.0 14.164981842041016 23.872438430786133 15.928247451782227 11.668659210205078 4.259588241577148
8 207.0 14.247223854064941 23.8476619720459 15.9798002243042 11.616901397705078 4.362898826599121
8 208.0 14.276880264282227 23.81260108947754 16.025813579559326 11.564850807189941 4.460962772369385
8 209.0 14.2958345413208 23.76578712463379 16.0909481048584 11.517244338989258 4.573703765869141
8 210.0 14.311126708984375 23.68290138244629 16.16525363922119 11.472471237182617 4.692782402038574
8 211.0 14.260175704956055 23.558019638061523 16.18705940246582 11.40369701385498 4.78336238861084
8 212.0 14.200788497924805 23.40410804748535 16.19027090072632 11.353012084960938 4.837258815765381
8 213.0 14.200315475463867 23.265512466430664 16.249266624450684 11.305828094482422 4.943438529968262
8 214.0 14.21014404296875 23.1517391204834 16.27165174484253 11.254034042358398 5.017617702484131
8 215.0 14.208452224731445 23.05026626586914 16.30225372314453 11.184253692626953 5.118000030517578
8 216.0 14.19284725189209 22.94167709350586 16.302427291870117 11.097434043884277 5.20499324798584
8 217.0 14.163322448730469 22.797988891601562 16.32886505126953 11.016061782836914 5.312803268432617
8 218.0 14.148075103759766 22.633493423461914 16.418964385986328 10.975407600402832 5.443556785583496
8 219.0 14.159154891967773 22.481555938720703 16.437646865844727 10.886672019958496 5.5509748458862305
8 220.0 14.11424732208252 22.320167541503906 16.39397096633911 10.781103134155273 5.612867832183838
8 221.0 14.07798957824707 22.144590377807617 16.31422758102417 10.64432144165039 5.669906139373779
8 222.0 14.061630249023438 21.96766471862793 16.258820056915283 10.490020751953125 5.768799304962158
8 223.0 14.050376892089844 21.78932762145996 16.23717975616455 10.382404327392578 5.854775428771973
8 224.0 14.036750793457031 21.576961517333984 16.217471599578857 10.276290893554688 5.94118070602417
8 225.0 14.034029006958008 21.35415267944336 16.283769130706787 10.197973251342773 6.085795879364014
8 226.0 14.08210277557373 21.134218215942383 16.321304321289062 10.088589668273926 6.232714653015137
8 227.0 14.125490188598633 20.905010223388672 16.380839824676514 10.008989334106445 6.371850490570068
8 228.0 14.201171875 20.680910110473633 16.474030017852783 9.918967247009277 6.555062770843506
8 229.0 14.301226615905762 20.445436477661133 16.586668968200684 9.857144355773926 6.729524612426758
8 230.0 14.38922119140625 20.19807243347168 16.714953422546387 9.804198265075684 6.910755157470703
8 231.0 14.502561569213867 19.94629669189453 16.833701133728027 9.738919258117676 7.094781875610352
8 232.0 14.592415809631348 19.679019927978516 17.014443397521973 9.719054222106934 7.295389175415039
8 233.0 14.668155670166016 19.42087173461914 17.1218204498291 9.666391372680664 7.4554290771484375
8 234.0 14.750946044921875 19.168046951293945 17.21906614303589 9.59294319152832 7.626122951507568
8 235.0 14.777284622192383 18.869300842285156 17.256075859069824 9.523051261901855 7.733024597167969
8 236.0 14.785158157348633 18.562557220458984 17.283432483673096 9.423600196838379 7.859832286834717
8 237.0 14.791112899780273 18.275636672973633 17.28573703765869 9.335389137268066 7.950347900390625
8 238.0 14.825620651245117 17.97458839416504 17.36067008972168 9.240962982177734 8.119707107543945
8 239.0 14.834325790405273 17.64845848083496 17.369484901428223 9.107476234436035 8.262008666992188
8 240.0 14.826738357543945 17.290203094482422 17.403322219848633 8.964359283447266 8.438962936401367
8 241.0 14.903881072998047 16.94728660583496 17.54236888885498 8.851898193359375 8.690470695495605
8 242.0 14.94975471496582 16.61141014099121 17.63532543182373 8.737695693969727 8.897629737854004
8 243.0 14.98455810546875 16.30698013305664 17.654088973999023 8.613067626953125 9.041021347045898
8 244.0 15.051387786865234 16.021835327148438 17.75099277496338 8.512998580932617 9.237994194030762
8 245.0 15.127593994140625 15.716041564941406 17.81480312347412 8.37086296081543 9.443940162658691
8 246.0 15.187196731567383 15.41436767578125 17.938026428222656 8.258939743041992 9.679086685180664
8 247.0 15.291213989257812 15.143301963806152 18.079970359802246 8.151008605957031 9.928961753845215
8 248.0 15.39270305633545 14.869836807250977 18.205228805541992 8.044878959655762 10.16034984588623
8 249.0 15.48122787475586 14.592105865478516 18.318992614746094 7.917572975158691 10.401419639587402
8 250.0 15.546369552612305 14.319461822509766 18.452558517456055 7.786072731018066 10.666485786437988
8 251.0 15.554437637329102 14.026731491088867 18.503716468811035 7.664473533630371 10.839242935180664
8 252.0 15.46689224243164 13.712003707885742 18.543299198150635 7.547322750091553 10.995976448059082
8 253.0 15.324590682983398 13.398637771606445 18.451134204864502 7.370359897613525 11.080774307250977
8 254.0 15.242341995239258 13.133857727050781 18.36373472213745 7.180805683135986 11.182929039001465
8 255.0 15.221719741821289 12.91175651550293 18.275626182556152 7.020346641540527 11.255279541015625
8 256.0 15.212474822998047 12.700403213500977 18.232707500457764 6.850517749786377 11.382189750671387
8 257.0 15.229564666748047 12.501314163208008 18.290578842163086 6.687921524047852 11.602657318115234
8 258.0 15.233890533447266 12.311700820922852 18.29322624206543 6.517629623413086 11.775596618652344
8 259.0 15.284526824951172 12.124876976013184 18.3539137840271 6.343271732330322 12.010642051696777
8 260.0 15.383527755737305 11.921867370605469 18.359549522399902 6.159634590148926 12.199914932250977
8 261.0 15.48216438293457 11.723773956298828 18.42970371246338 6.027074813842773 12.402628898620605
8 262.0 15.472392082214355 11.526910781860352 18.487454414367676 5.909425735473633 12.578028678894043
8 263.0 15.432881355285645 11.291958808898926 18.56044912338257 5.820517063140869 12.7399320602417
8 264.0 15.47346019744873 11.079887390136719 18.63646173477173 5.742326259613037 12.894135475158691
8 265.0 15.530794143676758 10.93420124053955 18.739695072174072 5.665759563446045 13.073935508728027
8 266.0 15.577095985412598 10.817728042602539 18.823128700256348 5.588166236877441 13.234962463378906
8 267.0 15.575589179992676 10.71267318725586 18.87806272506714 5.499586582183838 13.3784761428833
8 268.0 15.569343566894531 10.59831428527832 18.948646068572998 5.3873820304870605 13.561264038085938
8 269.0 15.62720775604248 10.496011734008789 19.00986957550049 5.2836713790893555 13.726198196411133
8 270.0 15.689635276794434 10.404242515563965 19.13191509246826 5.210174560546875 13.921740531921387
8 271.0 15.779619216918945 10.314184188842773 19.283085823059082 5.135251045227051 14.147834777832031
8 272.0 15.821290969848633 10.221562385559082 19.37114906311035 5.036472320556641 14.334676742553711
8 273.0 15.802953720092773 10.116315841674805 19.370766162872314 4.933544635772705 14.43722152709961
8 274.0 15.845414161682129 10.069973945617676 19.369914054870605 4.80580997467041 14.564104080200195
8 275.0 15.891401290893555 10.043280601501465 19.330607891082764 4.668827533721924 14.66178035736084
8 276.0 15.880514144897461 9.977035522460938 19.28113317489624 4.472116947174072 14.809016227722168
8 277.0 15.92586898803711 9.969541549682617 19.19079065322876 4.2423787117004395 14.94841194152832
8 278.0 16.025243759155273 9.975669860839844 19.235877513885498 4.09120512008667 15.144672393798828
8 279.0 16.089759826660156 9.988753318786621 19.23192024230957 3.9589672088623047 15.272953033447266
8 280.0 16.212385177612305 10.027708053588867 19.236578464508057 3.839402675628662 15.397175788879395
8 281.0 16.313871383666992 10.073426246643066 19.269330501556396 3.7000231742858887 15.569307327270508
8 282.0 16.397478103637695 10.107440948486328 19.310276985168457 3.573897361755371 15.736379623413086
8 283.0 16.478975296020508 10.098150253295898 19.380220413208008 3.4820070266723633 15.898213386535645
8 284.0 16.520893096923828 10.109991073608398 19.452560901641846 3.3820080757141113 16.070552825927734
8 285.0 16.51805877685547 10.134489059448242 19.45174813270569 3.256075143814087 16.1956729888916
8 286.0 16.552968978881836 10.20251750946045 19.39479970932007 3.135310649871826 16.259489059448242
8 287.0 16.600112915039062 10.29332447052002 19.325042009353638 2.983008623123169 16.34203338623047
8 288.0 16.673755645751953 10.361193656921387 19.326375484466553 2.8979716300964355 16.428403854370117
8 289.0 16.76410484313965 10.43528938293457 19.425168752670288 2.820340871810913 16.604827880859375
8 290.0 16.857847213745117 10.518447875976562 19.464603662490845 2.7403852939605713 16.724218368530273
8 291.0 16.902721405029297 10.580925941467285 19.506057024002075 2.664233446121216 16.84182357788086
8 292.0 16.92158317565918 10.623489379882812 19.511489629745483 2.612037420272827 16.899452209472656
8 293.0 16.975353240966797 10.677433013916016 19.553246021270752 2.5715508460998535 16.9816951751709
8 294.0 17.037235260009766 10.732400894165039 19.623692989349365 2.5196757316589355 17.10401725769043
8 295.0 17.096019744873047 10.791650772094727 19.61657953262329 2.4506783485412598 17.16590118408203
8 296.0 17.1782283782959 10.843533515930176 19.57731819152832 2.3246841430664062 17.252634048461914
8 297.0 17.25038719177246 10.870100021362305 19.596269607543945 2.222085952758789 17.374183654785156
8 298.0 17.321073532104492 10.919178009033203 19.691516160964966 2.1757919788360596 17.515724182128906
8 299.0 17.38705062866211 10.968903541564941 19.743829250335693 2.1488471031188965 17.594982147216797
8 300.0 17.442363739013672 11.0130033493042 19.81035089492798 2.1324353218078613 17.677915573120117
8 301.0 17.480735778808594 11.062026023864746 19.866989850997925 2.1063144207000732 17.76067543029785
8 302.0 17.47412872314453 11.072190284729004 19.902061939239502 2.0849099159240723 17.81715202331543
8 303.0 17.470661163330078 11.097543716430664 19.907939434051514 2.06593656539917 17.842002868652344
8 304.0 17.53896141052246 11.143735885620117 20.023751258850098 2.055813789367676 17.967937469482422
8 305.0 17.642736434936523 11.216175079345703 20.07642936706543 2.0391807556152344 18.037248611450195
8 306.0 17.723068237304688 11.300304412841797 20.089521646499634 2.0140326023101807 18.075489044189453
8 307.0 17.776464462280273 11.37302017211914 20.10981285572052 1.9727927446365356 18.137020111083984
8 308.0 17.78437042236328 11.460838317871094 20.100638389587402 1.9233694076538086 18.177268981933594
8 309.0 17.788545608520508 11.523004531860352 20.10470473766327 1.893168330192566 18.211536407470703
8 310.0 17.790246963500977 11.584752082824707 20.15073001384735 1.8742693662643433 18.276460647583008
8 311.0 17.846025466918945 11.68986701965332 20.17507028579712 1.8615059852600098 18.31356430053711
8 312.0 17.867786407470703 11.775496482849121 20.227264523506165 1.854070782661438 18.373193740844727
8 313.0 17.892438888549805 11.869390487670898 20.230874180793762 1.8476210832595825 18.38325309753418
8 314.0 17.97576332092285 12.011075973510742 20.28581464290619 1.8397716283798218 18.446043014526367
8 315.0 18.0782527923584 12.144678115844727 20.34246575832367 1.837781310081482 18.504684448242188
8 316.0 18.182018280029297 12.25295639038086 20.41052281856537 1.8605064153671265 18.550016403198242
8 317.0 18.3359317779541 12.418627738952637 20.459515929222107 1.8494561910629272 18.61005973815918
8 318.0 18.533100128173828 12.637892723083496 20.53322148323059 1.8451359272003174 18.688085556030273
8 319.0 18.764299392700195 12.912731170654297 20.70682954788208 1.8819317817687988 18.82489776611328
8 320.0 18.881418228149414 13.070433616638184 20.745548844337463 1.8708158731460571 18.874732971191406
8 321.0 18.860952377319336 13.121648788452148 20.7915141582489 1.8860385417938232 18.905475616455078
8 322.0 18.82253646850586 13.135619163513184 20.821550488471985 1.9421674013137817 18.879383087158203
8 323.0 18.86576271057129 13.167047500610352 20.910757780075073 1.992497205734253 18.91826057434082
8 324.0 18.890201568603516 13.171781539916992 21.063137769699097 2.0613677501678467 19.00177001953125
8 325.0 18.97861099243164 13.268583297729492 21.14153218269348 2.1215546131134033 19.019977569580078
8 326.0 19.042869567871094 13.377071380615234 21.258567094802856 2.149001359939575 19.10956573486328
8 327.0 19.093530654907227 13.45583724975586 21.297475576400757 2.1782052516937256 19.11927032470703
8 328.0 19.166297912597656 13.539648056030273 21.339303493499756 2.2270731925964355 19.11223030090332
8 329.0 19.26958465576172 13.647150039672852 21.492727756500244 2.285719394683838 19.207008361816406
8 330.0 19.38813591003418 13.795745849609375 21.508037567138672 2.3393898010253906 19.16864776611328
8 331.0 19.5427188873291 13.95656967163086 21.674343824386597 2.493481397628784 19.180862426757812
8 332.0 19.67099380493164 14.061851501464844 21.848814249038696 2.6492655277252197 19.199548721313477
8 333.0 19.803958892822266 14.200326919555664 21.964414596557617 2.789379119873047 19.17503547668457
8 334.0 19.95268440246582 14.371232986450195 22.14542508125305 2.9482929706573486 19.197132110595703
8 335.0 20.17281723022461 14.606237411499023 22.431964874267578 3.2353572845458984 19.19660758972168
8 336.0 20.425540924072266 14.854790687561035 22.750385522842407 3.518068552017212 19.232316970825195
8 337.0 20.631376266479492 15.04702091217041 23.004361629486084 3.7271666526794434 19.27719497680664
8 338.0 20.756372451782227 15.189598083496094 23.179537773132324 3.841921806335449 19.337615966796875
8 339.0 20.871761322021484 15.304727554321289 23.24106216430664 3.921295166015625 19.319766998291016
8 340.0 21.067657470703125 15.452812194824219 23.406957626342773 4.085454940795898 19.321502685546875
8 341.0 21.296913146972656 15.640693664550781 23.551767826080322 4.2019829750061035 19.34978485107422
8 342.0 21.399948120117188 15.79825496673584 23.65751314163208 4.305044651031494 19.352468490600586
8 343.0 21.418190002441406 15.883842468261719 23.7541184425354 4.416300296783447 19.337818145751953
8 344.0 21.43729591369629 15.929876327514648 23.80736207962036 4.52910852432251 19.27825355529785
8 345.0 21.43913459777832 15.993217468261719 23.808433055877686 4.618533611297607 19.189899444580078
8 346.0 21.43993377685547 16.007915496826172 23.844569206237793 4.750992774963379 19.093576431274414
8 347.0 21.492414474487305 16.065105438232422 23.957289218902588 4.888655185699463 19.068634033203125
8 348.0 21.568584442138672 16.13031768798828 24.05749273300171 5.047519207000732 19.009973526000977
8 349.0 21.665849685668945 16.21733283996582 24.223273754119873 5.215606212615967 19.007667541503906
8 350.0 21.717891693115234 16.293079376220703 24.29068660736084 5.313834190368652 18.976852416992188
8 351.0 21.738487243652344 16.3630428314209 24.331674098968506 5.350621700286865 18.98105239868164
8 352.0 21.735984802246094 16.41863250732422 24.384902477264404 5.405480861663818 18.979421615600586
8 353.0 21.737468719482422 16.430591583251953 24.385366916656494 5.48948335647583 18.895883560180664
8 354.0 21.81905746459961 16.444753646850586 24.473708152770996 5.603014945983887 18.87069320678711
8 355.0 21.884450912475586 16.455650329589844 24.583877086639404 5.7043681144714355 18.87950897216797
8 356.0 21.902603149414062 16.494529724121094 24.628286838531494 5.7583909034729 18.869895935058594
8 357.0 21.945789337158203 16.52700424194336 24.678064823150635 5.851782321929932 18.826282501220703
8 358.0 22.072330474853516 16.585983276367188 24.826271057128906 6.0228424072265625 18.803428649902344
8 359.0 22.24256134033203 16.634523391723633 24.975417613983154 6.19446325302124 18.780954360961914
8 360.0 22.434246063232422 16.692825317382812 25.139564990997314 6.413938999176025 18.72562599182129
8 361.0 22.624462127685547 16.7537899017334 25.352488040924072 6.6866936683654785 18.665794372558594
8 362.0 22.77129554748535 16.806394577026367 25.615315914154053 6.9718756675720215 18.64344024658203
8 363.0 22.81104278564453 16.861900329589844 25.680419445037842 7.088164806365967 18.592254638671875
8 364.0 22.873628616333008 16.87588882446289 25.714465618133545 7.215621471405029 18.498844146728516
8 365.0 22.900184631347656 16.937259674072266 25.745580196380615 7.339076519012451 18.406503677368164
8 366.0 22.961685180664062 16.999650955200195 25.794925212860107 7.4978766441345215 18.297048568725586
9 1.0 22.355648040771484 22.705570220947266 26.56776523590088 8.76254940032959 17.80521583557129
9 2.0 22.259469985961914 22.450313568115234 26.644694328308105 8.895827293395996 17.74886703491211
9 3.0 22.087142944335938 22.224010467529297 26.705184936523438 8.97996711730957 17.725217819213867
9 4.0 21.906461715698242 22.009206771850586 26.684083938598633 9.076679229736328 17.607404708862305
9 5.0 21.752216339111328 21.808427810668945 26.672884941101074 9.173386573791504 17.49949836730957
9 6.0 21.5513858795166 21.565858840942383 26.58861255645752 9.279183387756348 17.309429168701172
9 7.0 21.39568328857422 21.3674373626709 26.58223056793213 9.430527687072754 17.151702880859375
9 8.0 21.199329376220703 21.15680503845215 26.4705753326416 9.54549789428711 16.925077438354492
9 9.0 21.0247802734375 20.95166778564453 26.425907135009766 9.64663314819336 16.779273986816406
9 10.0 20.853628158569336 20.769227981567383 26.308391571044922 9.771360397338867 16.537031173706055
9 11.0 20.622371673583984 20.508434295654297 26.001895904541016 9.892658233642578 16.109237670898438
9 12.0 20.405969619750977 20.26688003540039 25.81523323059082 10.049527168273926 15.765706062316895
9 13.0 20.17536163330078 20.084774017333984 25.573506355285645 10.083023071289062 15.490483283996582
9 14.0 19.92517852783203 19.93319320678711 25.35809326171875 10.129600524902344 15.228492736816406
9 15.0 19.681594848632812 19.757291793823242 25.191699981689453 10.204229354858398 14.987470626831055
9 16.0 19.43242645263672 19.56867790222168 25.02495288848877 10.278604507446289 14.74634838104248
9 17.0 19.15792465209961 19.379003524780273 24.701189041137695 10.335556983947754 14.365632057189941
9 18.0 18.91741180419922 19.210390090942383 24.422266006469727 10.423299789428711 13.998966217041016
9 19.0 18.712657928466797 19.04815673828125 24.19800853729248 10.50986385345459 13.68814468383789
9 20.0 18.53361701965332 18.911212921142578 24.000619888305664 10.591007232666016 13.409612655639648
9 21.0 18.32451057434082 18.783544540405273 23.69650650024414 10.640275955200195 13.056230545043945
9 22.0 18.041152954101562 18.609451293945312 23.283811569213867 10.698596000671387 12.58521556854248
9 23.0 17.682048797607422 18.401573181152344 22.802361488342285 10.70515251159668 12.097208976745605
9 24.0 17.33190155029297 18.20652961730957 22.30841064453125 10.688897132873535 11.619513511657715
9 25.0 17.069774627685547 18.05255699157715 21.99426555633545 10.736855506896973 11.257410049438477
9 26.0 16.866092681884766 17.942276000976562 21.678733825683594 10.787121772766113 10.89161205291748
9 27.0 16.64425277709961 17.804521560668945 21.29642963409424 10.836885452270508 10.45954418182373
9 28.0 16.332088470458984 17.5927734375 20.876093864440918 10.887491226196289 9.988602638244629
9 29.0 16.047718048095703 17.38341522216797 20.457480430603027 10.903717041015625 9.553763389587402
9 30.0 15.806674003601074 17.21225929260254 20.070587158203125 10.956976890563965 9.11361026763916
9 31.0 15.593337059020996 17.086471557617188 19.674036026000977 11.026800155639648 8.647235870361328
9 32.0 15.417266845703125 17.03409194946289 19.274680137634277 11.089595794677734 8.185084342956543
9 33.0 15.25041389465332 16.964519500732422 18.864914417266846 11.176586151123047 7.688328266143799
9 34.0 14.935340881347656 16.818803787231445 18.249585151672363 11.21729564666748 7.032289505004883
9 35.0 14.620464324951172 16.68551254272461 17.650903701782227 11.208104133605957 6.4427995681762695
9 36.0 14.414097785949707 16.61408805847168 17.186342239379883 11.2753267288208 5.911015510559082
9 37.0 14.312572479248047 16.58809471130371 16.945308685302734 11.400694847106934 5.544613838195801
9 38.0 14.21840763092041 16.565078735351562 16.796050548553467 11.50704574584961 5.289004802703857
9 39.0 14.162450790405273 16.57017707824707 16.615678310394287 11.631731986999512 4.983946323394775
9 40.0 14.044136047363281 16.576444625854492 16.353963375091553 11.699647903442383 4.65431547164917
9 41.0 13.873620986938477 16.56049156188965 16.06082534790039 11.725883483886719 4.334941864013672
9 42.0 13.6680269241333 16.522069931030273 15.776561737060547 11.75157356262207 4.024988174438477
9 43.0 13.490264892578125 16.48320960998535 15.54350233078003 11.800821304321289 3.7426810264587402
9 44.0 13.292434692382812 16.43958282470703 15.191155433654785 11.861660957336426 3.3294944763183594
9 45.0 13.125866889953613 16.391555786132812 14.811636686325073 11.89150619506836 2.920130491256714
9 46.0 13.03837776184082 16.379091262817383 14.528404235839844 11.981056213378906 2.5473480224609375
9 47.0 12.999629974365234 16.415307998657227 14.324739933013916 12.061768531799316 2.2629714012145996
9 48.0 12.98529052734375 16.441444396972656 14.269336938858032 12.17162799835205 2.0977089405059814
9 49.0 12.949835777282715 16.422422409057617 14.176177144050598 12.198410987854004 1.9777661561965942
9 50.0 12.883707046508789 16.39712142944336 14.108811259269714 12.245649337768555 1.8631619215011597
9 51.0 12.87729263305664 16.447145462036133 14.048172950744629 12.322650909423828 1.7255220413208008
9 52.0 12.944841384887695 16.548992156982422 14.077320218086243 12.457923889160156 1.6193963289260864
9 53.0 13.009878158569336 16.642154693603516 14.113888621330261 12.604283332824707 1.5096052885055542
9 54.0 12.987462043762207 16.72954750061035 14.03788161277771 12.638433456420898 1.3994481563568115
9 55.0 12.926101684570312 16.79539680480957 13.951985716819763 12.660566329956055 1.2914193868637085
9 56.0 12.872791290283203 16.865238189697266 13.87151837348938 12.661895751953125 1.2096226215362549
9 57.0 12.82780933380127 16.958486557006836 13.7973473072052 12.647833824157715 1.1495134830474854
9 58.0 12.785768508911133 17.06121253967285 13.705381274223328 12.6416654586792 1.0637158155441284
9 59.0 12.75209903717041 17.148250579833984 13.631141543388367 12.654219627380371 0.9769219160079956
9 60.0 12.743559837341309 17.22926902770996 13.604830801486969 12.68214225769043 0.9226885437965393
9 61.0 12.761494636535645 17.303009033203125 13.65470540523529 12.767663955688477 0.887041449546814
9 62.0 12.798377990722656 17.398286819458008 13.672676503658295 12.82632827758789 0.846348226070404
9 63.0 12.840134620666504 17.495885848999023 13.704649448394775 12.892353057861328 0.8122963905334473
9 64.0 12.83785343170166 17.58530616760254 13.708551228046417 12.940226554870605 0.7683246731758118
9 65.0 12.79753589630127 17.635515213012695 13.70254510641098 12.964749336242676 0.7377957701683044
9 66.0 12.738513946533203 17.666688919067383 13.649018943309784 12.953083038330078 0.6959359049797058
9 67.0 12.7139310836792 17.727243423461914 13.588737547397614 12.93979263305664 0.6489449143409729
9 68.0 12.73475170135498 17.82722282409668 13.610257387161255 12.996984481811523 0.6132729053497314
9 69.0 12.770140647888184 17.927236557006836 13.642010390758514 13.055455207824707 0.5865551829338074
9 70.0 12.809015274047852 18.041372299194336 13.657204985618591 13.11168384552002 0.5455211400985718
9 71.0 12.827488899230957 18.12813377380371 13.671561062335968 13.174822807312012 0.4967382550239563
9 72.0 12.844023704528809 18.234594345092773 13.633789479732513 13.188288688659668 0.44550079107284546
9 73.0 12.872212409973145 18.366775512695312 13.643518924713135 13.231790542602539 0.4117283821105957
9 74.0 12.90074348449707 18.52219581604004 13.682660639286041 13.306035041809082 0.37662559747695923
9 75.0 12.90127182006836 18.640409469604492 13.678368896245956 13.325082778930664 0.35328611731529236
9 76.0 12.891229629516602 18.74855613708496 13.651091605424881 13.33094596862793 0.3201456367969513
9 77.0 12.908242225646973 18.875505447387695 13.657363504171371 13.365736961364746 0.29162654280662537
9 78.0 12.963091850280762 18.993595123291016 13.71540504693985 13.453753471374512 0.26165157556533813
9 79.0 13.007051467895508 19.11146354675293 13.710035413503647 13.463078498840332 0.24695691466331482
9 80.0 13.015974998474121 19.236751556396484 13.687589854001999 13.458877563476562 0.2287122905254364
9 81.0 13.05997085571289 19.376100540161133 13.733590856194496 13.518133163452148 0.21545769274234772
9 82.0 13.106704711914062 19.49933624267578 13.766962960362434 13.564688682556152 0.20227427780628204
9 83.0 13.094413757324219 19.592273712158203 13.808755055069923 13.617732048034668 0.19102300703525543
9 84.0 13.089205741882324 19.69155502319336 13.810458660125732 13.62537956237793 0.18507909774780273
9 85.0 13.141322135925293 19.80953598022461 13.857841819524765 13.6824369430542 0.1754048764705658
9 86.0 13.230222702026367 19.94321632385254 13.969764530658722 13.80272388458252 0.1670406460762024
9 87.0 13.325971603393555 20.071046829223633 14.04849436879158 13.895392417907715 0.15310195088386536
9 88.0 13.407525062561035 20.18695068359375 14.12047664821148 13.976594924926758 0.14388172328472137
9 89.0 13.500678062438965 20.32363510131836 14.218936368823051 14.089627265930176 0.12930910289287567
9 90.0 13.550336837768555 20.44012451171875 14.323760405182838 14.196945190429688 0.12681521475315094
9 91.0 13.568949699401855 20.533477783203125 14.314107030630112 14.19200325012207 0.12210378050804138
9 92.0 13.566977500915527 20.631732940673828 14.331502333283424 14.2168550491333 0.1146472841501236
9 93.0 13.559454917907715 20.737031936645508 14.325720943510532 14.224098205566406 0.10162273794412613
9 94.0 13.563471794128418 20.865331649780273 14.31343688070774 14.217253684997559 0.09618319571018219
9 95.0 13.556209564208984 20.97694206237793 14.330129951238632 14.236397743225098 0.09373220801353455
9 96.0 13.5397310256958 21.060333251953125 14.323645435273647 14.234626770019531 0.08901866525411606
9 97.0 13.533498764038086 21.15018081665039 14.354078970849514 14.269322395324707 0.08475657552480698
9 98.0 13.521089553833008 21.246631622314453 14.37049899250269 14.28652286529541 0.0839761272072792
9 99.0 13.509876251220703 21.327970504760742 14.332370012998581 14.251348495483398 0.0810215175151825
9 100.0 13.516146659851074 21.385635375976562 14.291657701134682 14.210297584533691 0.0813601166009903
9 101.0 13.52676010131836 21.459609985351562 14.324474409222603 14.242658615112305 0.08181579411029816
9 102.0 13.47182846069336 21.500417709350586 14.290779799222946 14.212187767028809 0.07859203219413757
9 103.0 13.405536651611328 21.51863670349121 14.290507033467293 14.212796211242676 0.077710822224617
9 104.0 13.394552230834961 21.583251953125 14.2409353479743 14.164437294006348 0.07649805396795273
9 105.0 13.417696952819824 21.702848434448242 14.236997745931149 14.161187171936035 0.07581057399511337
9 106.0 13.414937019348145 21.79589080810547 14.261762782931328 14.189939498901367 0.07182328402996063
9 107.0 13.394142150878906 21.86429786682129 14.275133736431599 14.206742286682129 0.06839144974946976
9 108.0 13.410266876220703 21.967090606689453 14.250215269625187 14.185120582580566 0.06509468704462051
9 109.0 13.424992561340332 22.074033737182617 14.24868594482541 14.186484336853027 0.0622016079723835
9 110.0 13.458086967468262 22.153282165527344 14.292061377316713 14.231106758117676 0.06095461919903755
9 111.0 13.451845169067383 22.216732025146484 14.27578217536211 14.21130657196045 0.06447560340166092
9 112.0 13.460990905761719 22.293962478637695 14.272532273083925 14.21565055847168 0.05688171461224556
9 113.0 13.530868530273438 22.395689010620117 14.298371434211731 14.242866516113281 0.05550491809844971
9 114.0 13.551225662231445 22.475255966186523 14.337140671908855 14.282470703125 0.05466996878385544
9 115.0 13.58393383026123 22.56067657470703 14.368921887129545 14.318551063537598 0.050370823591947556
9 116.0 13.635199546813965 22.643651962280273 14.442725788801908 14.392354965209961 0.050370823591947556
9 117.0 13.679945945739746 22.730379104614258 14.509905956685543 14.45708179473877 0.05282416194677353
9 118.0 13.735634803771973 22.839502334594727 14.561857365071774 14.509033203125 0.05282416194677353
9 119.0 13.79820442199707 22.939727783203125 14.605929400771856 14.555563926696777 0.050365474075078964
9 120.0 13.83265495300293 23.02533721923828 14.67325896024704 14.628692626953125 0.044566333293914795
9 121.0 13.871209144592285 23.116132736206055 14.748796056956053 14.702253341674805 0.04654271528124809
9 122.0 13.890717506408691 23.196685791015625 14.755945511162281 14.711331367492676 0.044614143669605255
9 123.0 13.914122581481934 23.29442596435547 14.805896077305079 14.759711265563965 0.04618481174111366
9 124.0 13.935127258300781 23.389690399169922 14.82358317822218 14.776572227478027 0.04701095074415207
9 125.0 13.897981643676758 23.477514266967773 14.796710282564163 14.750738143920898 0.04597213864326477
9 126.0 13.790459632873535 23.497953414916992 14.76119926571846 14.715227127075195 0.04597213864326477
9 127.0 13.7199068069458 23.4943790435791 14.748670719563961 14.698259353637695 0.05041136592626572
9 128.0 13.646101951599121 23.50787353515625 14.72571362555027 14.67965316772461 0.046060457825660706
9 129.0 13.603924751281738 23.570425033569336 14.706067122519016 14.652146339416504 0.05392078310251236
9 130.0 13.59011173248291 23.67630386352539 14.645276680588722 14.58311939239502 0.0621572881937027
9 131.0 13.565288543701172 23.751245498657227 14.669102035462856 14.595046997070312 0.07405503839254379
9 132.0 13.560938835144043 23.808544158935547 14.700622394680977 14.612772941589355 0.0878494530916214
9 133.0 13.574955940246582 23.863527297973633 14.70196307450533 14.609562873840332 0.0924002006649971
9 134.0 13.610488891601562 23.93534278869629 14.709885656833649 14.607808113098145 0.10207754373550415
9 135.0 13.636764526367188 24.00467300415039 14.755710504949093 14.642471313476562 0.11323919147253036
9 136.0 13.636255264282227 24.060766220092773 14.776280701160431 14.655041694641113 0.12123900651931763
9 137.0 13.640419960021973 24.121362686157227 14.7854715436697 14.661251068115234 0.12422047555446625
9 138.0 13.649567604064941 24.168514251708984 14.759203314781189 14.63641357421875 0.12278974056243896
9 139.0 13.611761093139648 24.20937728881836 14.739958047866821 14.615341186523438 0.12461686134338379
9 140.0 13.56600570678711 24.24022674560547 14.681947492063046 14.5592041015625 0.1227433905005455
9 141.0 13.53677749633789 24.275924682617188 14.65305045247078 14.525818824768066 0.127231627702713
9 142.0 13.508443832397461 24.292173385620117 14.665937140583992 14.52337646484375 0.142560675740242
9 143.0 13.506643295288086 24.3355770111084 14.708732664585114 14.536834716796875 0.17189794778823853
9 144.0 13.521517753601074 24.398168563842773 14.731051430106163 14.53750228881836 0.19354914128780365
9 145.0 13.501582145690918 24.463665008544922 14.686698660254478 14.478862762451172 0.20783589780330658
9 146.0 13.4619722366333 24.488706588745117 14.629680633544922 14.428089141845703 0.20159149169921875
9 147.0 13.420238494873047 24.494203567504883 14.603486061096191 14.406580924987793 0.19690513610839844
9 148.0 13.370237350463867 24.521865844726562 14.526819005608559 14.340420722961426 0.18639828264713287
9 149.0 13.357739448547363 24.57172393798828 14.479801833629608 14.274218559265137 0.20558327436447144
9 150.0 13.343536376953125 24.613515853881836 14.491466611623764 14.256821632385254 0.23464497923851013
9 151.0 13.333173751831055 24.65049171447754 14.407051801681519 14.14463996887207 0.26241183280944824
9 152.0 13.335149765014648 24.71111488342285 14.402493298053741 14.085500717163086 0.3169925808906555
9 153.0 13.335378646850586 24.762243270874023 14.388357281684875 14.014681816101074 0.37367546558380127
9 154.0 13.3406982421875 24.82391929626465 14.383953124284744 13.979852676391602 0.4041004478931427
9 155.0 13.3439302444458 24.8725643157959 14.421105206012726 14.00586223602295 0.4152429699897766
9 156.0 13.390735626220703 24.928442001342773 14.471343696117401 14.01882266998291 0.45252102613449097
9 157.0 13.443342208862305 24.984907150268555 14.489444971084595 13.979043006896973 0.5104019641876221
9 158.0 13.440281867980957 25.040807723999023 14.474748194217682 13.933290481567383 0.5414577126502991
9 159.0 13.449039459228516 25.082048416137695 14.446361064910889 13.862953186035156 0.5834078788757324
9 160.0 13.470064163208008 25.121292114257812 14.505113303661346 13.846830368041992 0.6582829356193542
9 161.0 13.483052253723145 25.1475772857666 14.524850368499756 13.813549995422363 0.7113003730773926
9 162.0 13.507579803466797 25.210750579833984 14.535887658596039 13.763643264770508 0.772244393825531
9 163.0 13.515316009521484 25.260465621948242 14.544933259487152 13.70999526977539 0.8349379897117615
9 164.0 13.498010635375977 25.295459747314453 14.559416830539703 13.667367935180664 0.8920488953590393
9 165.0 13.472149848937988 25.30170440673828 14.536311745643616 13.596138000488281 0.9401737451553345
9 166.0 13.446014404296875 25.292308807373047 14.51346242427826 13.515240669250488 0.998221755027771
9 167.0 13.405460357666016 25.275625228881836 14.541391730308533 13.463749885559082 1.0776418447494507
9 168.0 13.38626480102539 25.27986717224121 14.557631731033325 13.436315536499023 1.1213161945343018
9 169.0 13.394619941711426 25.28034019470215 14.584600925445557 13.418658256530762 1.165942668914795
9 170.0 13.427443504333496 25.274837493896484 14.598147749900818 13.401748657226562 1.1963990926742554
9 171.0 13.409781455993652 25.281925201416016 14.572075128555298 13.358469009399414 1.2136061191558838
9 172.0 13.356775283813477 25.2647705078125 14.51219642162323 13.297247886657715 1.2149485349655151
9 173.0 13.331376075744629 25.2426815032959 14.505140900611877 13.262655258178711 1.2424856424331665
9 174.0 13.329778671264648 25.233224868774414 14.528073191642761 13.24275016784668 1.2853230237960815
9 175.0 13.345832824707031 25.255712509155273 14.58095383644104 13.228375434875488 1.3525784015655518
9 176.0 13.367944717407227 25.284669876098633 14.63699758052826 13.211404800415039 1.4255927801132202
9 177.0 13.39030647277832 25.31477165222168 14.691978216171265 13.210713386535645 1.4812648296356201
9 178.0 13.38323974609375 25.2830810546875 14.68717098236084 13.176579475402832 1.5105915069580078
9 179.0 13.340149879455566 25.232688903808594 14.707696557044983 13.136472702026367 1.5712238550186157
9 180.0 13.331353187561035 25.239091873168945 14.70946455001831 13.078843116760254 1.6306214332580566
9 181.0 13.359086036682129 25.26344871520996 14.730021357536316 13.026387214660645 1.7036341428756714
9 182.0 13.357805252075195 25.24962043762207 14.723818182945251 12.959964752197266 1.7638534307479858
9 183.0 13.352548599243164 25.234167098999023 14.704676508903503 12.897042274475098 1.8076342344284058
9 184.0 13.345812797546387 25.206087112426758 14.721268892288208 12.861105918884277 1.8601629734039307
9 185.0 13.344913482666016 25.196226119995117 14.708750605583191 12.78244400024414 1.9263066053390503
9 186.0 13.343367576599121 25.179080963134766 14.7579026222229 12.730449676513672 2.0274529457092285
9 187.0 13.360747337341309 25.16558265686035 14.766456365585327 12.651856422424316 2.1145999431610107
9 188.0 13.342461585998535 25.150007247924805 14.735735416412354 12.579444885253906 2.1562905311584473
9 189.0 13.332497596740723 25.123083114624023 14.710084915161133 12.505860328674316 2.2042245864868164
9 190.0 13.3316650390625 25.082136154174805 14.748443126678467 12.436409950256348 2.312033176422119
9 191.0 13.34736442565918 25.050161361694336 14.769700288772583 12.360492706298828 2.409207582473755
9 192.0 13.38241958618164 25.019065856933594 14.840935945510864 12.287625312805176 2.5533106327056885
9 193.0 13.399721145629883 24.966615676879883 14.863046646118164 12.21235179901123 2.6506948471069336
9 194.0 13.370784759521484 24.907503128051758 14.87823224067688 12.161508560180664 2.716723680496216
9 195.0 13.33694839477539 24.85365104675293 14.818042993545532 12.09070873260498 2.7273342609405518
9 196.0 13.315448760986328 24.811687469482422 14.809985637664795 12.025213241577148 2.7847723960876465
9 197.0 13.31175708770752 24.761972427368164 14.795417547225952 11.964888572692871 2.830528974533081
9 198.0 13.314504623413086 24.68979835510254 14.827330827713013 11.916901588439941 2.9104292392730713
9 199.0 13.314613342285156 24.653766632080078 14.824365615844727 11.836615562438965 2.9877500534057617
9 200.0 13.315786361694336 24.61966323852539 14.881460189819336 11.80797004699707 3.0734901428222656
9 201.0 13.322164535522461 24.610488891601562 14.894309043884277 11.744954109191895 3.149354934692383
9 202.0 13.346997261047363 24.59946060180664 14.904698133468628 11.68118953704834 3.223508596420288
9 203.0 13.381587982177734 24.570554733276367 14.924110889434814 11.59695816040039 3.327152729034424
9 204.0 13.406423568725586 24.517885208129883 14.97178864479065 11.540040969848633 3.4317476749420166
9 205.0 13.448193550109863 24.465259552001953 15.025394201278687 11.490360260009766 3.535033941268921
9 206.0 13.462028503417969 24.37942886352539 15.091501235961914 11.458292961120605 3.6332082748413086
9 207.0 13.46240234375 24.273950576782227 15.141404867172241 11.39907455444336 3.742330312728882
9 208.0 13.490599632263184 24.17852783203125 15.205672264099121 11.34033203125 3.865340232849121
9 209.0 13.472869873046875 24.069950103759766 15.218306303024292 11.253129959106445 3.9651763439178467
9 210.0 13.449369430541992 23.966331481933594 15.197104930877686 11.1535005569458 4.043604373931885
9 211.0 13.453315734863281 23.8435115814209 15.259353637695312 11.088248252868652 4.17110538482666
9 212.0 13.46936321258545 23.68272590637207 15.317041873931885 11.021809577941895 4.29523229598999
9 213.0 13.50131607055664 23.5463809967041 15.339759349822998 10.926745414733887 4.413013935089111
9 214.0 13.562003135681152 23.448795318603516 15.366571426391602 10.839884757995605 4.526686668395996
9 215.0 13.611976623535156 23.31604766845703 15.407715797424316 10.740453720092773 4.667262077331543
9 216.0 13.701271057128906 23.185997009277344 15.493418216705322 10.665770530700684 4.827647686004639
9 217.0 13.774775505065918 23.05204200744629 15.573404788970947 10.5902738571167 4.983130931854248
9 218.0 13.805196762084961 22.900911331176758 15.583804607391357 10.508625984191895 5.075178623199463
9 219.0 13.859817504882812 22.73880386352539 15.718285083770752 10.453876495361328 5.264408588409424
9 220.0 13.88871955871582 22.559810638427734 15.788352012634277 10.391105651855469 5.397246360778809
9 221.0 13.89683723449707 22.359098434448242 15.93356704711914 10.345144271850586 5.588422775268555
9 222.0 13.881147384643555 22.16175079345703 16.027379512786865 10.308711051940918 5.718668460845947
9 223.0 13.880338668823242 21.942134857177734 16.0963454246521 10.286545753479004 5.809799671173096
9 224.0 13.877860069274902 21.713481903076172 16.168649673461914 10.253549575805664 5.91510009765625
9 225.0 13.866233825683594 21.46552276611328 16.237938404083252 10.204127311706543 6.033811092376709
9 226.0 13.891172409057617 21.246904373168945 16.300844192504883 10.125140190124512 6.175704002380371
9 227.0 13.88998794555664 20.9986629486084 16.270885944366455 10.045853614807129 6.225032329559326
9 228.0 13.920719146728516 20.7100772857666 16.336851596832275 9.977145195007324 6.359706401824951
9 229.0 13.959441184997559 20.45052146911621 16.400661945343018 9.918628692626953 6.4820332527160645
9 230.0 14.026546478271484 20.19523811340332 16.439852714538574 9.835453033447266 6.604399681091309
9 231.0 14.140389442443848 19.965173721313477 16.568010330200195 9.775835990905762 6.792174339294434
9 232.0 14.207115173339844 19.710451126098633 16.657390117645264 9.694961547851562 6.962428569793701
9 233.0 14.23385238647461 19.418943405151367 16.735135555267334 9.627483367919922 7.107652187347412
9 234.0 14.260546684265137 19.142566680908203 16.772536754608154 9.559745788574219 7.2127909660339355
9 235.0 14.296609878540039 18.886241912841797 16.84549903869629 9.49880599975586 7.34669303894043
9 236.0 14.316690444946289 18.622188568115234 16.878051280975342 9.453950881958008 7.424100399017334
9 237.0 14.3321533203125 18.360193252563477 16.927241802215576 9.374356269836426 7.55288553237915
9 238.0 14.38143253326416 18.105432510375977 16.983549118041992 9.30530071258545 7.678248405456543
9 239.0 14.424989700317383 17.847251892089844 17.082313060760498 9.247112274169922 7.835200786590576
9 240.0 14.456628799438477 17.580162048339844 17.1439790725708 9.144561767578125 7.999417304992676
9 241.0 14.478243827819824 17.30260467529297 17.19853687286377 9.045432090759277 8.153104782104492
9 242.0 14.487709045410156 16.996139526367188 17.27163600921631 8.95530891418457 8.316327095031738
9 243.0 14.521749496459961 16.67334747314453 17.373475074768066 8.886788368225098 8.486686706542969
9 244.0 14.576847076416016 16.376060485839844 17.41356086730957 8.782758712768555 8.630802154541016
9 245.0 14.631806373596191 16.095317840576172 17.460575103759766 8.659829139709473 8.800745964050293
9 246.0 14.718318939208984 15.839007377624512 17.59856414794922 8.57042407989502 9.0281400680542
9 247.0 14.846834182739258 15.593191146850586 17.76066017150879 8.491067886352539 9.26959228515625
9 248.0 14.947815895080566 15.33553695678711 17.94043254852295 8.388629913330078 9.551802635192871
9 249.0 15.060105323791504 15.063043594360352 18.12635040283203 8.290966987609863 9.835383415222168
9 250.0 15.111074447631836 14.781604766845703 18.262782096862793 8.206517219543457 10.056264877319336
9 251.0 15.11500358581543 14.520488739013672 18.331326484680176 8.118010520935059 10.213315963745117
9 252.0 15.132939338684082 14.27083969116211 18.424614906311035 8.01657772064209 10.408037185668945
9 253.0 15.111684799194336 14.021777153015137 18.489065647125244 7.932286739349365 10.556778907775879
9 254.0 15.052345275878906 13.779897689819336 18.538819789886475 7.851354122161865 10.68746566772461
9 255.0 15.063594818115234 13.572531700134277 18.57980251312256 7.752810478210449 10.82699203491211
9 256.0 15.037332534790039 13.358709335327148 18.54914951324463 7.6261749267578125 10.922974586486816
9 257.0 14.985912322998047 13.155588150024414 18.54018259048462 7.49819803237915 11.041984558105469
9 258.0 14.914289474487305 12.92428970336914 18.46156883239746 7.309014320373535 11.152554512023926
9 259.0 14.910491943359375 12.69675064086914 18.458019733428955 7.142807483673096 11.31521224975586
9 260.0 14.88357162475586 12.489996910095215 18.40791130065918 6.952095985412598 11.455815315246582
9 261.0 14.889713287353516 12.31167221069336 18.39542579650879 6.776556968688965 11.618868827819824
9 262.0 14.916838645935059 12.133506774902344 18.4034366607666 6.586788177490234 11.816648483276367
9 263.0 14.932649612426758 11.969378471374512 18.36681318283081 6.411954402923584 11.954858779907227
9 264.0 14.938230514526367 11.814620971679688 18.342426300048828 6.249473571777344 12.092952728271484
9 265.0 14.947494506835938 11.670666694641113 18.32898998260498 6.056734085083008 12.272255897521973
9 266.0 14.97421932220459 11.547323226928711 18.2697811126709 5.866022109985352 12.403759002685547
9 267.0 15.02711296081543 11.448455810546875 18.234281539916992 5.66645622253418 12.567825317382812
9 268.0 15.078664779663086 11.353297233581543 18.196155548095703 5.511991500854492 12.684164047241211
9 269.0 15.180683135986328 11.265439987182617 18.180976390838623 5.33129358291626 12.849682807922363
9 270.0 15.268731117248535 11.172910690307617 18.205120086669922 5.144247055053711 13.060873031616211
9 271.0 15.288122177124023 11.092878341674805 18.15381956100464 4.925767421722412 13.228052139282227
9 272.0 15.303104400634766 11.033476829528809 18.1722354888916 4.778326034545898 13.393909454345703
9 273.0 15.35998249053955 10.967945098876953 18.211878299713135 4.647547245025635 13.5643310546875
9 274.0 15.471463203430176 10.889193534851074 18.36726427078247 4.575625896453857 13.791638374328613
9 275.0 15.634383201599121 10.823366165161133 18.503612518310547 4.499360084533691 14.004252433776855
9 276.0 15.770058631896973 10.782426834106445 18.61021089553833 4.401495456695557 14.208715438842773
9 277.0 15.820903778076172 10.743389129638672 18.636268615722656 4.307300567626953 14.328968048095703
9 278.0 15.86258316040039 10.734247207641602 18.617798328399658 4.204269886016846 14.413528442382812
9 279.0 15.923018455505371 10.732455253601074 18.70541763305664 4.10228157043457 14.60313606262207
9 280.0 15.952625274658203 10.711786270141602 18.760819911956787 4.039346218109131 14.721473693847656
9 281.0 16.05479621887207 10.690085411071777 18.84047842025757 3.950319766998291 14.890158653259277
9 282.0 16.15995979309082 10.673595428466797 18.955857038497925 3.8790805339813232 15.076776504516602
9 283.0 16.25836181640625 10.648513793945312 19.019885301589966 3.811807870864868 15.208077430725098
9 284.0 16.30854034423828 10.63412857055664 19.090872764587402 3.7585277557373047 15.332345008850098
9 285.0 16.380035400390625 10.650598526000977 19.17492699623108 3.6847145557403564 15.490212440490723
9 286.0 16.449813842773438 10.682518005371094 19.2058367729187 3.5907645225524902 15.615072250366211
9 287.0 16.49650001525879 10.721147537231445 19.214854955673218 3.460618734359741 15.754236221313477
9 288.0 16.520389556884766 10.711392402648926 19.286856174468994 3.36238431930542 15.924471855163574
9 289.0 16.539220809936523 10.695838928222656 19.384622812271118 3.3095362186431885 16.07508659362793
9 290.0 16.598508834838867 10.75531005859375 19.389946937561035 3.2294092178344727 16.160537719726562
9 291.0 16.60504150390625 10.81161880493164 19.3774254322052 3.1630451679229736 16.214380264282227
9 292.0 16.62579345703125 10.848869323730469 19.432995796203613 3.1107664108276367 16.322229385375977
9 293.0 16.65182113647461 10.850847244262695 19.517065048217773 3.083406448364258 16.433658599853516
9 294.0 16.693340301513672 10.89185905456543 19.58154034614563 3.076422929763794 16.505117416381836
9 295.0 16.733165740966797 10.9488525390625 19.570939540863037 3.0370535850524902 16.533885955810547
9 296.0 16.788179397583008 10.992239952087402 19.586472988128662 2.972716808319092 16.61375617980957
9 297.0 16.847110748291016 11.046831130981445 19.59345054626465 2.9159984588623047 16.677452087402344
9 298.0 16.920106887817383 11.117815971374512 19.5838565826416 2.8455276489257812 16.73832893371582
9 299.0 17.06434440612793 11.205183029174805 19.67374038696289 2.787912368774414 16.885828018188477
9 300.0 17.15920066833496 11.27901554107666 19.717597484588623 2.7450003623962402 16.972597122192383
9 301.0 17.166475296020508 11.3428316116333 19.761903762817383 2.710977554321289 17.050926208496094
9 302.0 17.160940170288086 11.375293731689453 19.761263132095337 2.680490732192993 17.080772399902344
9 303.0 17.178730010986328 11.435174942016602 19.838364839553833 2.6467697620391846 17.19159507751465
9 304.0 17.145973205566406 11.45620346069336 19.90083932876587 2.6012215614318848 17.299617767333984
9 305.0 17.14948272705078 11.48814582824707 19.895827054977417 2.5820720195770264 17.31375503540039
9 306.0 17.19213104248047 11.544126510620117 19.898425340652466 2.547969102859497 17.35045623779297
9 307.0 17.248144149780273 11.624459266662598 19.988208055496216 2.5261948108673096 17.462013244628906
9 308.0 17.28774642944336 11.670293807983398 20.016470909118652 2.51755428314209 17.498916625976562
9 309.0 17.303733825683594 11.71363353729248 20.060951471328735 2.516836404800415 17.54411506652832
9 310.0 17.374210357666016 11.790538787841797 20.10753035545349 2.509864568710327 17.597665786743164
9 311.0 17.444007873535156 11.881429672241211 20.142751216888428 2.5039992332458496 17.638751983642578
9 312.0 17.453350067138672 11.96714973449707 20.15848970413208 2.467541217803955 17.690948486328125
9 313.0 17.498071670532227 12.090709686279297 20.143306016921997 2.4317028522491455 17.71160316467285
9 314.0 17.5560359954834 12.239494323730469 20.136938333511353 2.417665719985962 17.71927261352539
9 315.0 17.611675262451172 12.355977058410645 20.111514806747437 2.4014108180999756 17.71010398864746
9 316.0 17.620145797729492 12.458921432495117 20.129617929458618 2.3966963291168213 17.732921600341797
9 317.0 17.589374542236328 12.539190292358398 20.078555822372437 2.3760106563568115 17.702545166015625
9 318.0 17.59303092956543 12.627643585205078 20.08487319946289 2.358552932739258 17.726320266723633
9 319.0 17.64095115661621 12.708219528198242 20.15581488609314 2.324714422225952 17.831100463867188
9 320.0 17.7282657623291 12.782910346984863 20.183911561965942 2.3092243671417236 17.87468719482422
9 321.0 17.81991958618164 12.87711238861084 20.232649564743042 2.2821567058563232 17.95049285888672
9 322.0 17.899581909179688 12.96550464630127 20.3016357421875 2.2646236419677734 18.037012100219727
9 323.0 17.999313354492188 13.05474853515625 20.351919174194336 2.255765914916992 18.096153259277344
9 324.0 18.11058807373047 13.189698219299316 20.357433319091797 2.267118453979492 18.090314865112305
9 325.0 18.25084686279297 13.302759170532227 20.491086721420288 2.292102575302124 18.198984146118164
9 326.0 18.304885864257812 13.419273376464844 20.52444338798523 2.2909553050994873 18.233488082885742
9 327.0 18.342226028442383 13.53402328491211 20.50003218650818 2.303800344467163 18.196231842041016
9 328.0 18.400983810424805 13.640682220458984 20.590700387954712 2.3060171604156494 18.284683227539062
9 329.0 18.446773529052734 13.754932403564453 20.573941230773926 2.307784080505371 18.266157150268555
9 330.0 18.43999481201172 13.805866241455078 20.583564043045044 2.3112804889678955 18.27228355407715
9 331.0 18.511062622070312 13.90850830078125 20.639829874038696 2.384086847305298 18.2557430267334
9 332.0 18.653228759765625 14.057964324951172 20.72136640548706 2.4724574089050293 18.24890899658203
9 333.0 18.820716857910156 14.17526626586914 20.92233419418335 2.641784191131592 18.280550003051758
9 334.0 18.995290756225586 14.283876419067383 21.173513650894165 2.820486307144165 18.35302734375
9 335.0 19.168922424316406 14.410786628723145 21.384528398513794 3.0150387287139893 18.369489669799805
9 336.0 19.29774284362793 14.54417610168457 21.497710466384888 3.153348207473755 18.344362258911133
9 337.0 19.352136611938477 14.667814254760742 21.497309923171997 3.16728138923645 18.330028533935547
9 338.0 19.409130096435547 14.834217071533203 21.491490125656128 3.174757719039917 18.31673240661621
9 339.0 19.4859561920166 15.022928237915039 21.544585943222046 3.213092565536499 18.331493377685547
9 340.0 19.55695343017578 15.177082061767578 21.61461091041565 3.2759649753570557 18.338645935058594
9 341.0 19.644746780395508 15.287599563598633 21.70881676673889 3.421449899673462 18.28736686706543
9 342.0 19.827003479003906 15.420958518981934 21.925029277801514 3.684396266937256 18.240633010864258
9 343.0 20.062402725219727 15.585906982421875 22.21048665046692 3.972672700881958 18.23781394958496
9 344.0 20.278602600097656 15.73255729675293 22.51155138015747 4.288483142852783 18.223068237304688
9 345.0 20.501724243164062 15.85081672668457 22.851862907409668 4.616744041442871 18.235118865966797
9 346.0 20.669355392456055 15.935598373413086 23.067777156829834 4.8297343254089355 18.2380428314209
9 347.0 20.823787689208984 16.005220413208008 23.337554931640625 5.091325759887695 18.24622917175293
9 348.0 20.975872039794922 16.079998016357422 23.589547157287598 5.264645576477051 18.324901580810547
9 349.0 21.18722152709961 16.189802169799805 23.844210624694824 5.492022514343262 18.352188110351562
9 350.0 21.488719940185547 16.31966781616211 24.073153018951416 5.7468438148498535 18.326309204101562
9 351.0 21.749767303466797 16.44002914428711 24.282479286193848 6.001849174499512 18.280630111694336
9 352.0 21.949485778808594 16.5325870513916 24.4395751953125 6.190996170043945 18.248579025268555
9 353.0 22.073013305664062 16.605228424072266 24.651611328125 6.381832122802734 18.269779205322266
9 354.0 22.159950256347656 16.670108795166016 24.7418532371521 6.556577205657959 18.18527603149414
9 355.0 22.2741756439209 16.72850799560547 24.851308822631836 6.7196807861328125 18.131628036499023
9 356.0 22.353652954101562 16.765003204345703 24.920138835906982 6.844825267791748 18.075313568115234
9 357.0 22.40382194519043 16.808103561401367 24.996007442474365 6.897220134735107 18.098787307739258
9 358.0 22.425769805908203 16.867259979248047 25.04315423965454 6.9762864112854 18.06686782836914
9 359.0 22.39735221862793 16.918949127197266 25.102227210998535 7.081456184387207 18.020771026611328
9 360.0 22.424074172973633 16.974130630493164 25.24524974822998 7.252633094787598 17.992616653442383
9 361.0 22.527713775634766 17.012569427490234 25.381877899169922 7.439790725708008 17.942087173461914
9 362.0 22.628854751586914 17.031749725341797 25.51290464401245 7.622661113739014 17.890243530273438
9 363.0 22.647445678710938 17.026634216308594 25.570236206054688 7.7293548583984375 17.84088134765625
9 364.0 22.610828399658203 17.021944046020508 25.607616424560547 7.801078796386719 17.806537628173828
9 365.0 22.635391235351562 17.0723876953125 25.680299282073975 7.921252727508545 17.75904655456543
9 366.0 22.73099136352539 17.14935874938965 25.770359992980957 8.063136100769043 17.707223892211914
10 1.0 22.359643936157227 22.70193099975586 26.56882095336914 8.764196395874023 17.804624557495117
10 2.0 22.246597290039062 22.4309139251709 26.60964584350586 8.870018005371094 17.739627838134766
10 3.0 22.079578399658203 22.190670013427734 26.674949645996094 8.95684814453125 17.718101501464844
10 4.0 21.901046752929688 21.946704864501953 26.71663475036621 9.087921142578125 17.628713607788086
10 5.0 21.749217987060547 21.711711883544922 26.74321174621582 9.206611633300781 17.53660011291504
10 6.0 21.594825744628906 21.489185333251953 26.72680377960205 9.342541694641113 17.384262084960938
10 7.0 21.449172973632812 21.284133911132812 26.778447151184082 9.498494148254395 17.279953002929688
10 8.0 21.304838180541992 21.06795883178711 26.71326732635498 9.61530590057373 17.09796142578125
10 9.0 21.091276168823242 20.83175277709961 26.618711471557617 9.716018676757812 16.902692794799805
10 10.0 20.852359771728516 20.62447738647461 26.490257263183594 9.794963836669922 16.695293426513672
10 11.0 20.584537506103516 20.417171478271484 26.252495765686035 9.830334663391113 16.422161102294922
10 12.0 20.23363494873047 20.118877410888672 25.978693962097168 9.898829460144043 16.079864501953125
10 13.0 19.895549774169922 19.812427520751953 25.77432632446289 9.978696823120117 15.795629501342773
10 14.0 19.53446388244629 19.481081008911133 25.413969039916992 10.052717208862305 15.361251831054688
10 15.0 19.274059295654297 19.2053165435791 25.20159912109375 10.192375183105469 15.009223937988281
10 16.0 19.07620620727539 19.022287368774414 24.939863204956055 10.283355712890625 14.65650749206543
10 17.0 18.78565216064453 18.793519973754883 24.660160064697266 10.342458724975586 14.31770133972168
10 18.0 18.449588775634766 18.521223068237305 24.219252586364746 10.41107177734375 13.808180809020996
10 19.0 18.17822265625 18.30866241455078 23.809103965759277 10.491872787475586 13.317231178283691
10 20.0 17.928213119506836 18.129262924194336 23.32976722717285 10.578779220581055 12.750988006591797
10 21.0 17.670379638671875 17.92276382446289 22.947306632995605 10.648920059204102 12.298386573791504
10 22.0 17.379196166992188 17.75064468383789 22.488170623779297 10.670263290405273 11.817907333374023
10 23.0 17.10882568359375 17.607553482055664 22.044367790222168 10.716422080993652 11.327945709228516
10 24.0 16.868408203125 17.464696884155273 21.55364227294922 10.798345565795898 10.75529670715332
10 25.0 16.653148651123047 17.313709259033203 21.16502857208252 10.886896133422852 10.278132438659668
10 26.0 16.450271606445312 17.18634033203125 20.794384956359863 10.992451667785645 9.801933288574219
10 27.0 16.250675201416016 17.056434631347656 20.392589569091797 11.053853988647461 9.338735580444336
10 28.0 16.04952621459961 16.918127059936523 20.049206733703613 11.156780242919922 8.892426490783691
10 29.0 15.812076568603516 16.780872344970703 19.553675651550293 11.235730171203613 8.31794548034668
10 30.0 15.525909423828125 16.6215877532959 18.93193769454956 11.265128135681152 7.666809558868408
10 31.0 15.25743293762207 16.481449127197266 18.464931964874268 11.319838523864746 7.1450934410095215
10 32.0 15.021931648254395 16.35123062133789 18.033004760742188 11.353372573852539 6.679632186889648
10 33.0 14.80949592590332 16.233013153076172 17.63658571243286 11.410664558410645 6.225921154022217
10 34.0 14.606714248657227 16.115060806274414 17.32015895843506 11.49436092376709 5.825798034667969
10 35.0 14.426994323730469 16.01400375366211 16.87573528289795 11.598447799682617 5.277287483215332
10 36.0 14.228363037109375 15.939785957336426 16.401798725128174 11.664258003234863 4.7375407218933105
10 37.0 14.0621337890625 15.887545585632324 16.047829627990723 11.739070892333984 4.308758735656738
10 38.0 13.920984268188477 15.817119598388672 15.77924633026123 11.785090446472168 3.9941558837890625
10 39.0 13.83661937713623 15.776108741760254 15.646647691726685 11.888956069946289 3.7576916217803955
10 40.0 13.748250961303711 15.788725852966309 15.506671905517578 11.952845573425293 3.553826332092285
10 41.0 13.68950366973877 15.829519271850586 15.329637289047241 12.011543273925781 3.31809401512146
10 42.0 13.640237808227539 15.843109130859375 15.205982446670532 12.107465744018555 3.0985167026519775
10 43.0 13.645017623901367 15.844436645507812 15.122771263122559 12.226630210876465 2.8961410522460938
10 44.0 13.593300819396973 15.84097671508789 14.977245092391968 12.287735939025879 2.689509153366089
10 45.0 13.51827621459961 15.855057716369629 14.86706829071045 12.33525562286377 2.5318126678466797
10 46.0 13.448870658874512 15.900627136230469 14.697964668273926 12.39079761505127 2.3071670532226562
10 47.0 13.369873046875 15.96112060546875 14.483703136444092 12.413422584533691 2.0702805519104004
10 48.0 13.330453872680664 16.046348571777344 14.421278953552246 12.468931198120117 1.952347755432129
10 49.0 13.282334327697754 16.12350845336914 14.367963671684265 12.523900985717773 1.8440626859664917
10 50.0 13.242369651794434 16.19454574584961 14.286819100379944 12.577441215515137 1.7093778848648071
10 51.0 13.193948745727539 16.23122787475586 14.236145853996277 12.638708114624023 1.5974377393722534
10 52.0 13.127483367919922 16.26801872253418 14.180510997772217 12.68708610534668 1.493424892425537
10 53.0 13.001921653747559 16.27788734436035 14.061620593070984 12.664855003356934 1.3967655897140503
10 54.0 12.92941665649414 16.29475212097168 13.94631552696228 12.629091262817383 1.3172242641448975
10 55.0 12.954632759094238 16.33142852783203 13.890834093093872 12.666318893432617 1.2245151996612549
10 56.0 12.982926368713379 16.404468536376953 13.890741348266602 12.762722969055176 1.1280183792114258
10 57.0 12.988511085510254 16.501144409179688 13.893391728401184 12.819995880126953 1.073395848274231
10 58.0 13.0107421875 16.59336280822754 13.886361598968506 12.864729881286621 1.0216317176818848
10 59.0 13.032828330993652 16.684818267822266 13.892219841480255 12.91494369506836 0.9772761464118958
10 60.0 13.015007019042969 16.77573585510254 13.851572275161743 12.944831848144531 0.9067404270172119
10 61.0 13.016240119934082 16.862150192260742 13.801713466644287 12.965372085571289 0.836341381072998
10 62.0 13.009392738342285 16.941492080688477 13.741103887557983 12.98044204711914 0.7606618404388428
10 63.0 12.991439819335938 17.02093505859375 13.715884685516357 13.012362480163574 0.7035222053527832
10 64.0 12.947930335998535 17.07081413269043 13.708060562610626 13.045679092407227 0.6623814702033997
10 65.0 12.906461715698242 17.11397361755371 13.683465003967285 13.079384803771973 0.6040802001953125
10 66.0 12.860386848449707 17.18220329284668 13.670237600803375 13.123781204223633 0.5464563965797424
10 67.0 12.833498001098633 17.252614974975586 13.650477945804596 13.139481544494629 0.510996401309967
10 68.0 12.850769996643066 17.344463348388672 13.64368286728859 13.154521942138672 0.4891609251499176
10 69.0 12.858631134033203 17.445297241210938 13.643500417470932 13.181117057800293 0.46238335967063904
10 70.0 12.888376235961914 17.560232162475586 13.669408529996872 13.235755920410156 0.4336526095867157
10 71.0 12.918088912963867 17.673818588256836 13.685214847326279 13.28641414642334 0.39880070090293884
10 72.0 12.967795372009277 17.79752540588379 13.705531179904938 13.336848258972168 0.3686829209327698
10 73.0 12.95271110534668 17.90458106994629 13.708110958337784 13.352212905883789 0.35589805245399475
10 74.0 12.921945571899414 17.992992401123047 13.706497132778168 13.356858253479004 0.3496388792991638
10 75.0 12.943360328674316 18.085063934326172 13.74620708823204 13.404683113098145 0.3415239751338959
10 76.0 12.994217872619629 18.210098266601562 13.754955023527145 13.4273042678833 0.3276507556438446
10 77.0 13.01708984375 18.32448387145996 13.765001118183136 13.450955390930176 0.3140457272529602
10 78.0 13.055251121520996 18.447221755981445 13.778008133172989 13.472484588623047 0.305523544549942
10 79.0 13.077462196350098 18.571264266967773 13.820017457008362 13.519837379455566 0.3001800775527954
10 80.0 13.101815223693848 18.673751831054688 13.828974336385727 13.538064956665039 0.29090937972068787
10 81.0 13.129467010498047 18.7522029876709 13.866961032152176 13.584335327148438 0.2826257050037384
10 82.0 13.087432861328125 18.802257537841797 13.87722560763359 13.604911804199219 0.27231380343437195
10 83.0 13.054969787597656 18.843048095703125 13.869448632001877 13.606125831604004 0.2633228003978729
10 84.0 13.079310417175293 18.92877960205078 13.933149576187134 13.678606033325195 0.2545435428619385
10 85.0 13.143304824829102 19.059612274169922 13.987867653369904 13.746027946472168 0.2418397068977356
10 86.0 13.194684982299805 19.190078735351562 14.029888615012169 13.809623718261719 0.22026489675045013
10 87.0 13.232829093933105 19.294191360473633 14.078524619340897 13.8864107131958 0.19211390614509583
10 88.0 13.301824569702148 19.424480438232422 14.152578964829445 13.985733032226562 0.16684593260288239
10 89.0 13.35878849029541 19.5499324798584 14.2086870521307 14.051007270812988 0.15767978131771088
10 90.0 13.350903511047363 19.634817123413086 14.22649298608303 14.0728759765625 0.1536170095205307
10 91.0 13.272574424743652 19.70279312133789 14.163454487919807 14.018428802490234 0.14502568542957306
10 92.0 13.23366928100586 19.794086456298828 14.16466011106968 14.023067474365234 0.14159263670444489
10 93.0 13.20357894897461 19.86056900024414 14.153026148676872 14.014375686645508 0.13865046203136444
10 94.0 13.223583221435547 19.927648544311523 14.183784797787666 14.04928207397461 0.13450272381305695
10 95.0 13.242712020874023 20.001230239868164 14.253832280635834 14.128487586975098 0.12534469366073608
10 96.0 13.260787010192871 20.082305908203125 14.282707318663597 14.162565231323242 0.12014208734035492
10 97.0 13.329148292541504 20.191200256347656 14.334335073828697 14.218744277954102 0.11559079587459564
10 98.0 13.357526779174805 20.296615600585938 14.374188169836998 14.25983715057373 0.11435101926326752
10 99.0 13.440469741821289 20.40076446533203 14.36767415702343 14.259547233581543 0.1081269234418869
10 100.0 13.542366027832031 20.515722274780273 14.41894519329071 14.312228202819824 0.10671699047088623
10 101.0 13.592033386230469 20.648563385009766 14.448043592274189 14.350240707397461 0.09780288487672806
10 102.0 13.571720123291016 20.754213333129883 14.380049340426922 14.285920143127441 0.09412919729948044
10 103.0 13.533143997192383 20.808942794799805 14.36310239136219 14.272080421447754 0.09102196991443634
10 104.0 13.503695487976074 20.830888748168945 14.404037445783615 14.310938835144043 0.09309861063957214
10 105.0 13.504825592041016 20.9047794342041 14.416631199419498 14.32442569732666 0.09220550209283829
10 106.0 13.47793960571289 20.96492576599121 14.403581991791725 14.314253807067871 0.08932818472385406
10 107.0 13.459752082824707 21.01902961730957 14.390759460628033 14.309282302856445 0.08147715777158737
10 108.0 13.459031105041504 21.080997467041016 14.38158544152975 14.302543640136719 0.07904180139303207
10 109.0 13.442060470581055 21.174686431884766 14.366751827299595 14.28764820098877 0.07910362631082535
10 110.0 13.467534065246582 21.28187370300293 14.387190513312817 14.30874252319336 0.07844799011945724
10 111.0 13.505101203918457 21.381853103637695 14.390147410333157 14.31364917755127 0.07649823278188705
10 112.0 13.52440357208252 21.474637985229492 14.435810223221779 14.359395980834961 0.07641424238681793
10 113.0 13.534134864807129 21.563615798950195 14.463480055332184 14.38654613494873 0.07693392038345337
10 114.0 13.535626411437988 21.626583099365234 14.432823523879051 14.358846664428711 0.07397685945034027
10 115.0 13.534778594970703 21.67538833618164 14.42950127273798 14.355831146240234 0.07367012649774551
10 116.0 13.5323486328125 21.73263931274414 14.43938972055912 14.368635177612305 0.07075454294681549
10 117.0 13.549759864807129 21.793943405151367 14.443117618560791 14.371545791625977 0.07157182693481445
10 118.0 13.540837287902832 21.846527099609375 14.431723639369011 14.359420776367188 0.07230286300182343
10 119.0 13.563111305236816 21.91550064086914 14.421778112649918 14.348678588867188 0.0730995237827301
10 120.0 13.568273544311523 21.98305892944336 14.402271255850792 14.328414916992188 0.07385633885860443
10 121.0 13.570090293884277 22.038307189941406 14.414878003299236 14.341191291809082 0.07368671149015427
10 122.0 13.580564498901367 22.118610382080078 14.44836951047182 14.376524925231934 0.07184458523988724
10 123.0 13.593107223510742 22.198698043823242 14.48809290677309 14.414335250854492 0.07375765591859818
10 124.0 13.586275100708008 22.267892837524414 14.525192193686962 14.443066596984863 0.08212559670209885
10 125.0 13.549972534179688 22.32933807373047 14.552283965051174 14.467724800109863 0.08455916494131088
10 126.0 13.518892288208008 22.370431900024414 14.51543902605772 14.432533264160156 0.08290576189756393
10 127.0 13.486096382141113 22.403223037719727 14.53627411276102 14.459606170654297 0.07666794210672379
10 128.0 13.465375900268555 22.45206642150879 14.55709095299244 14.476088523864746 0.08100242912769318
10 129.0 13.47355842590332 22.498735427856445 14.566671721637249 14.480974197387695 0.08569752424955368
10 130.0 13.48403263092041 22.54392433166504 14.539507493376732 14.439813613891602 0.09969387948513031
10 131.0 13.53557300567627 22.599523544311523 14.557214871048927 14.435659408569336 0.12155546247959137
10 132.0 13.531993865966797 22.65156364440918 14.566484585404396 14.432836532592773 0.13364805281162262
10 133.0 13.518584251403809 22.70820426940918 14.572536155581474 14.42689037322998 0.14564578235149384
10 134.0 13.505106925964355 22.75442123413086 14.54978233575821 14.398777961730957 0.1510043740272522
10 135.0 13.488000869750977 22.791501998901367 14.537423267960548 14.365306854248047 0.17211641371250153
10 136.0 13.503238677978516 22.864944458007812 14.570757180452347 14.361922264099121 0.2088349163532257
10 137.0 13.525185585021973 22.952335357666016 14.604518756270409 14.37201976776123 0.23249898850917816
10 138.0 13.528206825256348 23.025718688964844 14.620388597249985 14.3587646484375 0.26162394881248474
10 139.0 13.551008224487305 23.082788467407227 14.670584231615067 14.369989395141602 0.30059483647346497
10 140.0 13.576451301574707 23.122394561767578 14.712963193655014 14.381410598754883 0.3315525949001312
10 141.0 13.581514358520508 23.139238357543945 14.73095029592514 14.385577201843262 0.34537309408187866
10 142.0 13.593344688415527 23.18044662475586 14.766365736722946 14.393550872802734 0.3728148639202118
10 143.0 13.5816068649292 23.21451759338379 14.748069822788239 14.353411674499512 0.3946581482887268
10 144.0 13.562695503234863 23.254972457885742 14.7461878657341 14.332531929016113 0.41365593671798706
10 145.0 13.559992790222168 23.312307357788086 14.712203830480576 14.284220695495605 0.4279831349849701
10 146.0 13.543858528137207 23.385295867919922 14.677652329206467 14.232223510742188 0.4454288184642792
10 147.0 13.543137550354004 23.46832275390625 14.644730865955353 14.169925689697266 0.47480517625808716
10 148.0 13.566766738891602 23.55512237548828 14.670381128787994 14.163443565368652 0.506937563419342
10 149.0 13.560302734375 23.633798599243164 14.655445456504822 14.131918907165527 0.5235265493392944
10 150.0 13.535872459411621 23.68683624267578 14.63572245836258 14.092554092407227 0.5431683659553528
10 151.0 13.549901008605957 23.757980346679688 14.647067189216614 14.065123558044434 0.5819436311721802
10 152.0 13.563042640686035 23.832704544067383 14.659182906150818 14.061966896057129 0.597216010093689
10 153.0 13.57714557647705 23.864004135131836 14.684559404850006 14.049742698669434 0.6348167061805725
10 154.0 13.578473091125488 23.89365005493164 14.682415127754211 14.005646705627441 0.67676842212677
10 155.0 13.580294609069824 23.916038513183594 14.698235630989075 13.973355293273926 0.7248803377151489
10 156.0 13.592330932617188 23.952707290649414 14.745285153388977 13.970009803771973 0.7752753496170044
10 157.0 13.610179901123047 24.01073455810547 14.77420461177826 13.966571807861328 0.8076328039169312
10 158.0 13.612504005432129 24.05446434020996 14.752927839756012 13.926199913024902 0.8267279267311096
10 159.0 13.591015815734863 24.08247947692871 14.736307740211487 13.898868560791016 0.8374391794204712
10 160.0 13.564173698425293 24.11743927001953 14.704245030879974 13.853313446044922 0.8509315848350525
10 161.0 13.550236701965332 24.145896911621094 14.727387607097626 13.840461730957031 0.8869258761405945
10 162.0 13.546513557434082 24.144649505615234 14.701161444187164 13.778434753417969 0.9227266907691956
10 163.0 13.53773307800293 24.132640838623047 14.683365821838379 13.707062721252441 0.9763031005859375
10 164.0 13.53880786895752 24.138290405273438 14.680752038955688 13.634283065795898 1.04646897315979
10 165.0 13.540487289428711 24.15591049194336 14.66300880908966 13.583252906799316 1.0797559022903442
10 166.0 13.555496215820312 24.177841186523438 14.689019322395325 13.564516067504883 1.124503254890442
10 167.0 13.563095092773438 24.242565155029297 14.704907774925232 13.524226188659668 1.180681586265564
10 168.0 13.571378707885742 24.310426712036133 14.701650500297546 13.497027397155762 1.2046231031417847
10 169.0 13.567460060119629 24.3438663482666 14.691637754440308 13.448373794555664 1.2432639598846436
10 170.0 13.57406234741211 24.381460189819336 14.73365569114685 13.429203987121582 1.3044517040252686
10 171.0 13.593424797058105 24.41872215270996 14.787163615226746 13.411423683166504 1.3757399320602417
10 172.0 13.592229843139648 24.44987678527832 14.787236094474792 13.381415367126465 1.4058207273483276
10 173.0 13.579444885253906 24.48052406311035 14.786704301834106 13.359845161437988 1.4268591403961182
10 174.0 13.562633514404297 24.49406623840332 14.783863306045532 13.348076820373535 1.435786485671997
10 175.0 13.56572151184082 24.511554718017578 14.79619562625885 13.317632675170898 1.4785629510879517
10 176.0 13.581602096557617 24.54310417175293 14.830963015556335 13.281427383422852 1.5495356321334839
10 177.0 13.588245391845703 24.575136184692383 14.856523990631104 13.259381294250488 1.5971426963806152
10 178.0 13.576900482177734 24.575685501098633 14.883787512779236 13.220108985900879 1.663678526878357
10 179.0 13.601364135742188 24.570228576660156 14.933637857437134 13.167708396911621 1.7659294605255127
10 180.0 13.648818969726562 24.576784133911133 15.036036729812622 13.125687599182129 1.9103491306304932
10 181.0 13.655871391296387 24.57906723022461 15.07321548461914 13.071377754211426 2.001837730407715
10 182.0 13.674337387084961 24.57683563232422 15.103289127349854 13.013312339782715 2.0899767875671387
10 183.0 13.758939743041992 24.551982879638672 15.19855284690857 12.961481094360352 2.2370717525482178
10 184.0 13.863176345825195 24.537155151367188 15.34575605392456 12.901226043701172 2.4445300102233887
10 185.0 13.940860748291016 24.545333862304688 15.413994550704956 12.837469100952148 2.5765254497528076
10 186.0 13.983078002929688 24.561098098754883 15.485506296157837 12.79279613494873 2.6927101612091064
10 187.0 14.008018493652344 24.565671920776367 15.552263975143433 12.7526273727417 2.7996366024017334
10 188.0 14.002884864807129 24.563533782958984 15.53282618522644 12.693901062011719 2.8389251232147217
10 189.0 13.964763641357422 24.56247329711914 15.51569676399231 12.618929862976074 2.8967669010162354
10 190.0 14.006388664245605 24.57659149169922 15.570004940032959 12.576753616333008 2.993251323699951
10 191.0 14.064184188842773 24.556888580322266 15.679094076156616 12.552221298217773 3.1268727779388428
10 192.0 14.131765365600586 24.53935432434082 15.807561874389648 12.50861930847168 3.2989425659179688
10 193.0 14.212846755981445 24.544702529907227 15.907965660095215 12.475281715393066 3.4326839447021484
10 194.0 14.272080421447754 24.528322219848633 15.992445468902588 12.42594051361084 3.566504955291748
10 195.0 14.305561065673828 24.49669075012207 16.068026304244995 12.38059139251709 3.6874349117279053
10 196.0 14.30853271484375 24.484451293945312 16.04161834716797 12.316720008850098 3.724898338317871
10 197.0 14.27762508392334 24.46796417236328 16.042976140975952 12.258801460266113 3.784174680709839
10 198.0 14.267753601074219 24.442134857177734 16.046919345855713 12.193510055541992 3.8534092903137207
10 199.0 14.364072799682617 24.432823181152344 16.135457277297974 12.142524719238281 3.9929325580596924
10 200.0 14.501185417175293 24.426576614379883 16.2705717086792 12.070249557495117 4.200322151184082
10 201.0 14.631959915161133 24.416027069091797 16.371349334716797 12.007025718688965 4.364323616027832
10 202.0 14.736072540283203 24.405590057373047 16.519272327423096 11.95485782623291 4.5644145011901855
10 203.0 14.889899253845215 24.354223251342773 16.699838638305664 11.93203067779541 4.767807960510254
10 204.0 15.014521598815918 24.284868240356445 16.869459629058838 11.904141426086426 4.965318202972412
10 205.0 15.127737045288086 24.219196319580078 17.061615467071533 11.887646675109863 5.17396879196167
10 206.0 15.237078666687012 24.17605972290039 17.2073073387146 11.84585189819336 5.36145544052124
10 207.0 15.306005477905273 24.139789581298828 17.296532154083252 11.78968334197998 5.5068488121032715
10 208.0 15.386495590209961 24.094690322875977 17.419101238250732 11.755769729614258 5.663331508636475
10 209.0 15.494226455688477 24.06067657470703 17.537149906158447 11.690886497497559 5.846263408660889
10 210.0 15.55279541015625 24.00605583190918 17.618980884552002 11.637763977050781 5.981216907501221
10 211.0 15.596427917480469 23.94125747680664 17.707701206207275 11.601799011230469 6.105902194976807
10 212.0 15.680825233459473 23.855497360229492 17.816962718963623 11.546525955200195 6.270436763763428
10 213.0 15.770817756652832 23.73505973815918 17.95765733718872 11.498126983642578 6.459530353546143
10 214.0 15.853620529174805 23.648326873779297 18.056240558624268 11.44797134399414 6.608269214630127
10 215.0 15.93094539642334 23.55923080444336 18.200103759765625 11.373918533325195 6.82618522644043
10 216.0 16.05510139465332 23.45787811279297 18.311222076416016 11.311063766479492 7.000158309936523
10 217.0 16.173294067382812 23.334556579589844 18.489227294921875 11.255459785461426 7.233767509460449
10 218.0 16.25067901611328 23.189170837402344 18.619120121002197 11.181373596191406 7.437746524810791
10 219.0 16.313201904296875 23.051250457763672 18.726632118225098 11.112613677978516 7.614018440246582
10 220.0 16.40572738647461 22.88886260986328 18.860020637512207 11.038015365600586 7.822005271911621
10 221.0 16.501131057739258 22.696138381958008 19.012306213378906 10.974282264709473 8.038023948669434
10 222.0 16.598081588745117 22.498842239379883 19.15701675415039 10.898911476135254 8.258105278015137
10 223.0 16.716201782226562 22.307292938232422 19.303526878356934 10.833754539489746 8.469772338867188
10 224.0 16.756256103515625 22.11589813232422 19.397345542907715 10.750561714172363 8.646783828735352
10 225.0 16.800479888916016 21.924169540405273 19.472057342529297 10.657282829284668 8.814774513244629
10 226.0 16.816661834716797 21.71137046813965 19.54183578491211 10.553461074829102 8.988374710083008
10 227.0 16.73804473876953 21.488264083862305 19.531373023986816 10.40674114227295 9.124631881713867
10 228.0 16.669546127319336 21.255603790283203 19.47624969482422 10.250541687011719 9.2257080078125
10 229.0 16.663188934326172 21.034263610839844 19.460969924926758 10.103034019470215 9.357935905456543
10 230.0 16.711334228515625 20.79692268371582 19.5250825881958 9.983684539794922 9.541398048400879
10 231.0 16.8575496673584 20.582719802856445 19.603967666625977 9.871525764465332 9.732441902160645
10 232.0 16.984539031982422 20.36494255065918 19.66696262359619 9.731654167175293 9.935308456420898
10 233.0 17.066110610961914 20.119007110595703 19.764193534851074 9.608985900878906 10.155207633972168
10 234.0 17.13092041015625 19.868154525756836 19.793540954589844 9.495060920715332 10.298480033874512
10 235.0 17.194747924804688 19.62514305114746 19.82349395751953 9.356097221374512 10.46739673614502
10 236.0 17.251169204711914 19.352705001831055 19.871766090393066 9.253438949584961 10.618327140808105
10 237.0 17.339887619018555 19.07391357421875 19.927863121032715 9.119869232177734 10.80799388885498
10 238.0 17.41258430480957 18.79500389099121 19.95536994934082 8.981412887573242 10.973957061767578
10 239.0 17.457490921020508 18.51202392578125 20.07063579559326 8.891716003417969 11.178919792175293
10 240.0 17.544788360595703 18.225326538085938 20.19459342956543 8.810701370239258 11.383892059326172
10 241.0 17.65646743774414 17.962276458740234 20.330984115600586 8.706759452819824 11.624224662780762
10 242.0 17.654029846191406 17.677501678466797 20.39600944519043 8.60755443572998 11.78845500946045
10 243.0 17.617733001708984 17.38979148864746 20.41396141052246 8.536331176757812 11.877630233764648
10 244.0 17.630823135375977 17.097267150878906 20.471012115478516 8.48309326171875 11.987918853759766
10 245.0 17.657672882080078 16.804092407226562 20.53955078125 8.418936729431152 12.120614051818848
10 246.0 17.70408058166504 16.536327362060547 20.581849098205566 8.336136817932129 12.245712280273438
10 247.0 17.820545196533203 16.293548583984375 20.695034980773926 8.272529602050781 12.422505378723145
10 248.0 17.889055252075195 16.037662506103516 20.711963653564453 8.1860990524292 12.525864601135254
10 249.0 17.909013748168945 15.731969833374023 20.815122604370117 8.132619857788086 12.682502746582031
10 250.0 17.898067474365234 15.454333305358887 20.80334758758545 8.045745849609375 12.757601737976074
10 251.0 17.895151138305664 15.200334548950195 20.85221576690674 7.957079887390137 12.895135879516602
10 252.0 17.903221130371094 14.949468612670898 20.963583946228027 7.873992919921875 13.089591026306152
10 253.0 17.886585235595703 14.67817497253418 21.011652946472168 7.7489776611328125 13.262675285339355
10 254.0 17.849702835083008 14.389102935791016 20.97105836868286 7.645142078399658 13.325916290283203
10 255.0 17.835620880126953 14.107353210449219 21.018738269805908 7.555854320526123 13.462883949279785
10 256.0 17.851531982421875 13.856474876403809 21.10491704940796 7.469135761260986 13.635781288146973
10 257.0 17.824247360229492 13.603530883789062 21.160635948181152 7.360136032104492 13.80049991607666
10 258.0 17.82610321044922 13.383338928222656 21.27444076538086 7.287482261657715 13.986958503723145
10 259.0 17.766313552856445 13.1788911819458 21.328999042510986 7.170645236968994 14.158353805541992
10 260.0 17.758268356323242 12.985204696655273 21.407057285308838 7.064926624298096 14.342130661010742
10 261.0 17.752948760986328 12.794380187988281 21.509280681610107 6.976595401763916 14.532685279846191
10 262.0 17.75987434387207 12.61337947845459 21.66968870162964 6.885034084320068 14.78465461730957
10 263.0 17.765321731567383 12.46965217590332 21.772064208984375 6.794389724731445 14.97767448425293
10 264.0 17.696775436401367 12.338638305664062 21.77418088912964 6.702287197113037 15.071893692016602
10 265.0 17.64531707763672 12.169902801513672 21.728469848632812 6.578091621398926 15.150378227233887
10 266.0 17.663827896118164 11.993114471435547 21.745182991027832 6.452631950378418 15.292551040649414
10 267.0 17.640199661254883 11.798396110534668 21.758132457733154 6.332177639007568 15.425954818725586
10 268.0 17.580223083496094 11.61793041229248 21.667701721191406 6.195610046386719 15.472091674804688
10 269.0 17.573190689086914 11.439821243286133 21.626635551452637 6.030692100524902 15.595943450927734
10 270.0 17.572376251220703 11.280309677124023 21.57401704788208 5.827220439910889 15.746796607971191
10 271.0 17.522871017456055 11.133649826049805 21.45065402984619 5.615087509155273 15.835566520690918
10 272.0 17.46737289428711 10.984636306762695 21.33422327041626 5.396063327789307 15.938159942626953
10 273.0 17.44748306274414 10.884078979492188 21.273266792297363 5.199112892150879 16.074153900146484
10 274.0 17.396570205688477 10.796380996704102 21.202899932861328 4.998500823974609 16.20439910888672
10 275.0 17.284934997558594 10.69178295135498 21.08248472213745 4.816617488861084 16.265867233276367
10 276.0 17.211259841918945 10.561800956726074 20.982680797576904 4.6813883781433105 16.301292419433594
10 277.0 17.194904327392578 10.435422897338867 20.981831550598145 4.571562767028809 16.410268783569336
10 278.0 17.251508712768555 10.361445426940918 21.03788995742798 4.4946160316467285 16.54327392578125
10 279.0 17.29278564453125 10.306832313537598 21.122041702270508 4.431112289428711 16.690929412841797
10 280.0 17.321992874145508 10.251213073730469 21.187598705291748 4.3686041831970215 16.818994522094727
10 281.0 17.323747634887695 10.194765090942383 21.18328619003296 4.262031078338623 16.921255111694336
10 282.0 17.251182556152344 10.139155387878418 21.164040565490723 4.14180850982666 17.022232055664062
10 283.0 17.243640899658203 10.126616477966309 21.09686803817749 3.983682155609131 17.11318588256836
10 284.0 17.21859359741211 10.137930870056152 21.070521354675293 3.878514289855957 17.192007064819336
10 285.0 17.211061477661133 10.132709503173828 20.9985032081604 3.7108006477355957 17.287702560424805
10 286.0 17.25463104248047 10.1406831741333 20.90385890007019 3.5501697063446045 17.353689193725586
10 287.0 17.28815460205078 10.129853248596191 20.85496735572815 3.4281198978424072 17.426847457885742
10 288.0 17.30939292907715 10.138399124145508 20.76769208908081 3.2836508750915527 17.484041213989258
10 289.0 17.31654930114746 10.168180465698242 20.663357734680176 3.13472843170166 17.528629302978516
10 290.0 17.36507225036621 10.212522506713867 20.614187717437744 3.0126137733459473 17.601573944091797
10 291.0 17.493349075317383 10.27714729309082 20.590835571289062 2.8858604431152344 17.704975128173828
10 292.0 17.552343368530273 10.350722312927246 20.53869104385376 2.7829842567443848 17.755706787109375
10 293.0 17.566553115844727 10.398715019226074 20.53109645843506 2.698929786682129 17.83216667175293
10 294.0 17.56118392944336 10.399840354919434 20.551832675933838 2.6009411811828613 17.950891494750977
10 295.0 17.562562942504883 10.405601501464844 20.427525758743286 2.453812837600708 17.973712921142578
10 296.0 17.600866317749023 10.421480178833008 20.422863006591797 2.3351192474365234 18.087743759155273
10 297.0 17.624950408935547 10.431034088134766 20.379691123962402 2.2217798233032227 18.15791130065918
10 298.0 17.64512825012207 10.46153450012207 20.33017635345459 2.1202707290649414 18.20990562438965
10 299.0 17.669384002685547 10.50976848602295 20.327021598815918 2.055375099182129 18.27164649963379
10 300.0 17.67558479309082 10.58311653137207 20.258147954940796 1.9647061824798584 18.293441772460938
10 301.0 17.689008712768555 10.664040565490723 20.23947012424469 1.8905550241470337 18.348915100097656
10 302.0 17.721677780151367 10.719358444213867 20.252512216567993 1.8435003757476807 18.409011840820312
10 303.0 17.77106475830078 10.760990142822266 20.24711310863495 1.7963322401046753 18.450780868530273
10 304.0 17.84050941467285 10.781450271606445 20.293899178504944 1.768975853919983 18.52492332458496
10 305.0 17.915170669555664 10.817051887512207 20.353851675987244 1.7305434942245483 18.623308181762695
10 306.0 17.96251106262207 10.854499816894531 20.297895073890686 1.651898980140686 18.64599609375
10 307.0 17.991161346435547 10.887749671936035 20.258015394210815 1.5985095500946045 18.65950584411621
10 308.0 17.978618621826172 10.9229097366333 20.257870316505432 1.5744863748550415 18.68338394165039
10 309.0 17.941370010375977 10.948006629943848 20.310962438583374 1.5644433498382568 18.746519088745117
10 310.0 17.922517776489258 10.997307777404785 20.341784477233887 1.5472688674926758 18.79451560974121
10 311.0 17.922277450561523 11.058389663696289 20.323591589927673 1.5156863927841187 18.807905197143555
10 312.0 17.921630859375 11.101360321044922 20.317325711250305 1.5089799165725708 18.808345794677734
10 313.0 17.876787185668945 11.140885353088379 20.31762945652008 1.4794775247573853 18.838151931762695
10 314.0 17.88728141784668 11.21235179901123 20.307592034339905 1.4458671808242798 18.861724853515625
10 315.0 17.90106201171875 11.276782989501953 20.339764714241028 1.432883381843567 18.90688133239746
10 316.0 17.951101303100586 11.349578857421875 20.327410221099854 1.4041962623596191 18.923213958740234
10 317.0 18.02467918395996 11.435359001159668 20.344243049621582 1.4061861038208008 18.93805694580078
10 318.0 18.078571319580078 11.52353286743164 20.36427617073059 1.3863041400909424 18.97797203063965
10 319.0 18.141258239746094 11.618640899658203 20.328203916549683 1.3773181438446045 18.950885772705078
10 320.0 18.167709350585938 11.71121883392334 20.334343791007996 1.3781098127365112 18.956233978271484
10 321.0 18.178842544555664 11.7913818359375 20.390775680541992 1.4160041809082031 18.97477149963379
10 322.0 18.241168975830078 11.899435997009277 20.486034870147705 1.4555764198303223 19.030458450317383
10 323.0 18.379892349243164 12.065875053405762 20.63067638874054 1.5412389039993286 19.08943748474121
10 324.0 18.416772842407227 12.183929443359375 20.63990616798401 1.56697678565979 19.07292938232422
10 325.0 18.39898681640625 12.235487937927246 20.70962393283844 1.612230896949768 19.097393035888672
10 326.0 18.391035079956055 12.307453155517578 20.780784606933594 1.6986141204833984 19.082170486450195
10 327.0 18.464170455932617 12.436579704284668 20.802180528640747 1.751145601272583 19.051034927368164
10 328.0 18.618818283081055 12.613115310668945 21.05156397819519 1.9186885356903076 19.132875442504883
10 329.0 18.827518463134766 12.80225944519043 21.154064655303955 2.0593743324279785 19.094690322875977
10 330.0 18.997285842895508 12.983732223510742 21.29264783859253 2.1555075645446777 19.13714027404785
10 331.0 19.177509307861328 13.180875778198242 21.413618564605713 2.273552417755127 19.140066146850586
10 332.0 19.412338256835938 13.403852462768555 21.660931825637817 2.4706032276153564 19.19032859802246
10 333.0 19.685453414916992 13.624119758605957 21.826021909713745 2.6010959148406982 19.224925994873047
10 334.0 19.920082092285156 13.835334777832031 21.93928575515747 2.710453510284424 19.228832244873047
10 335.0 20.06793212890625 14.01434326171875 22.080270767211914 2.8823299407958984 19.197940826416016
10 336.0 20.16229248046875 14.167518615722656 22.27490544319153 3.1027138233184814 19.172191619873047
10 337.0 20.263490676879883 14.251197814941406 22.489999771118164 3.3587398529052734 19.13125991821289
10 338.0 20.348186492919922 14.3351411819458 22.655770301818848 3.5448007583618164 19.11096954345703
10 339.0 20.425601959228516 14.470004081726074 22.80828595161438 3.7162277698516846 19.092058181762695
10 340.0 20.558889389038086 14.678051948547363 23.081416368484497 3.9799015522003174 19.10151481628418
10 341.0 20.746002197265625 14.915800094604492 23.233823776245117 4.194263458251953 19.039560317993164
10 342.0 20.910198211669922 15.112348556518555 23.336288452148438 4.271514892578125 19.064773559570312
10 343.0 21.019811630249023 15.254112243652344 23.505342483520508 4.408601760864258 19.09674072265625
10 344.0 21.10904312133789 15.383085250854492 23.636271953582764 4.5997633934021 19.036508560180664
10 345.0 21.276826858520508 15.524521827697754 23.858998775482178 4.855954647064209 19.00304412841797
10 346.0 21.552032470703125 15.68549919128418 24.19699001312256 5.235293388366699 18.96169662475586
10 347.0 21.830747604370117 15.865530014038086 24.533626079559326 5.619912624359131 18.913713455200195
10 348.0 22.0157470703125 16.02052116394043 24.723202228546143 5.867355823516846 18.855846405029297
10 349.0 22.202375411987305 16.162776947021484 24.856406688690186 6.068944454193115 18.78746223449707
10 350.0 22.27871322631836 16.27100372314453 24.912003993988037 6.232266902923584 18.679737091064453
10 351.0 22.27711296081543 16.313739776611328 24.93737268447876 6.3865532875061035 18.550819396972656
10 352.0 22.27375030517578 16.360977172851562 24.940948009490967 6.49390172958374 18.447046279907227
10 353.0 22.37254524230957 16.452880859375 25.030696392059326 6.610072612762451 18.420623779296875
10 354.0 22.44908905029297 16.523794174194336 25.124460220336914 6.729848861694336 18.394611358642578
10 355.0 22.49212074279785 16.579769134521484 25.198710441589355 6.8458967208862305 18.352813720703125
10 356.0 22.553709030151367 16.607181549072266 25.268099784851074 6.995272636413574 18.2728271484375
10 357.0 22.694438934326172 16.700992584228516 25.385676383972168 7.145398139953613 18.240278244018555
10 358.0 22.773649215698242 16.789031982421875 25.508747577667236 7.296339511871338 18.2124080657959
10 359.0 22.81339454650879 16.875383377075195 25.56068706512451 7.399083137512207 18.161603927612305
10 360.0 22.883211135864258 16.977689743041992 25.599667072296143 7.4914021492004395 18.108264923095703
10 361.0 22.906906127929688 17.053455352783203 25.61672306060791 7.582301139831543 18.034421920776367
10 362.0 22.923614501953125 17.112598419189453 25.681803226470947 7.6794819831848145 18.002321243286133
10 363.0 22.968557357788086 17.18887710571289 25.710508346557617 7.757608413696289 17.952899932861328
10 364.0 23.034238815307617 17.27449607849121 25.81837511062622 7.893795490264893 17.924579620361328
10 365.0 23.090229034423828 17.351301193237305 25.923928260803223 8.006558418273926 17.917369842529297
10 366.0 23.12087631225586 17.39971923828125 25.997448921203613 8.134455680847168 17.862993240356445
